2026-01-13 16:07:28,502 - __main__ - INFO - Бот запущен!
2026-01-13 16:07:28,503 - aiogram.dispatcher - INFO - Start polling
2026-01-13 16:07:31,099 - aiogram.dispatcher - INFO - Run polling for bot @eldosinasell_bot id=8513744371 - 'Eldos seller'
2026-01-13 16:07:45,325 - aiogram.event - INFO - Update id=390037486 is handled. Duration 266 ms by bot id=8513744371
2026-01-13 16:07:59,778 - aiogram.event - INFO - Update id=390037487 is handled. Duration 77 ms by bot id=8513744371
2026-01-13 16:08:03,477 - aiogram.event - INFO - Update id=390037488 is not handled. Duration 77 ms by bot id=8513744371
2026-01-13 16:08:03,478 - aiogram.event - ERROR - Cause exception while process update id=390037488 by bot id=8513744371
TelegramBadRequest: Telegram server says - Bad Request: can't parse entities: Can't find end of the entity starting at byte offset 267
Traceback (most recent call last):
  File "C:\Users\User\AppData\Local\Programs\Python\Python312\Lib\site-packages\aiogram\dispatcher\dispatcher.py", line 309, in _process_update
    response = await self.feed_update(bot, update, **kwargs)
               ^^^^^^^^^^^^^^^^^^^^^^^^^^^^^^^^^^^^^^^^^^^^^
  File "C:\Users\User\AppData\Local\Programs\Python\Python312\Lib\site-packages\aiogram\dispatcher\dispatcher.py", line 158, in feed_update
    response = await self.update.wrap_outer_middleware(
               ^^^^^^^^^^^^^^^^^^^^^^^^^^^^^^^^^^^^^^^^
  File "C:\Users\User\AppData\Local\Programs\Python\Python312\Lib\site-packages\aiogram\dispatcher\middlewares\error.py", line 25, in __call__
    return await handler(event, data)
           ^^^^^^^^^^^^^^^^^^^^^^^^^^
  File "C:\Users\User\AppData\Local\Programs\Python\Python312\Lib\site-packages\aiogram\dispatcher\middlewares\user_context.py", line 56, in __call__
    return await handler(event, data)
           ^^^^^^^^^^^^^^^^^^^^^^^^^^
  File "C:\Users\User\AppData\Local\Programs\Python\Python312\Lib\site-packages\aiogram\fsm\middleware.py", line 42, in __call__
    return await handler(event, data)
           ^^^^^^^^^^^^^^^^^^^^^^^^^^
  File "C:\Users\User\AppData\Local\Programs\Python\Python312\Lib\site-packages\aiogram\dispatcher\event\telegram.py", line 121, in trigger
    return await wrapped_inner(event, kwargs)
           ^^^^^^^^^^^^^^^^^^^^^^^^^^^^^^^^^^
  File "C:\Users\User\AppData\Local\Programs\Python\Python312\Lib\site-packages\aiogram\dispatcher\event\handler.py", line 43, in call
    return await wrapped()
           ^^^^^^^^^^^^^^^
  File "C:\Users\User\AppData\Local\Programs\Python\Python312\Lib\site-packages\aiogram\dispatcher\dispatcher.py", line 276, in _listen_update
    return await self.propagate_event(update_type=update_type, event=event, **kwargs)
           ^^^^^^^^^^^^^^^^^^^^^^^^^^^^^^^^^^^^^^^^^^^^^^^^^^^^^^^^^^^^^^^^^^^^^^^^^^
  File "C:\Users\User\AppData\Local\Programs\Python\Python312\Lib\site-packages\aiogram\dispatcher\router.py", line 142, in propagate_event
    return await observer.wrap_outer_middleware(_wrapped, event=event, data=kwargs)
           ^^^^^^^^^^^^^^^^^^^^^^^^^^^^^^^^^^^^^^^^^^^^^^^^^^^^^^^^^^^^^^^^^^^^^^^^
  File "C:\Users\User\AppData\Local\Programs\Python\Python312\Lib\site-packages\aiogram\dispatcher\router.py", line 137, in _wrapped
    return await self._propagate_event(
           ^^^^^^^^^^^^^^^^^^^^^^^^^^^^
  File "C:\Users\User\AppData\Local\Programs\Python\Python312\Lib\site-packages\aiogram\dispatcher\router.py", line 170, in _propagate_event
    response = await router.propagate_event(update_type=update_type, event=event, **kwargs)
               ^^^^^^^^^^^^^^^^^^^^^^^^^^^^^^^^^^^^^^^^^^^^^^^^^^^^^^^^^^^^^^^^^^^^^^^^^^^^
  File "C:\Users\User\AppData\Local\Programs\Python\Python312\Lib\site-packages\aiogram\dispatcher\router.py", line 142, in propagate_event
    return await observer.wrap_outer_middleware(_wrapped, event=event, data=kwargs)
           ^^^^^^^^^^^^^^^^^^^^^^^^^^^^^^^^^^^^^^^^^^^^^^^^^^^^^^^^^^^^^^^^^^^^^^^^
  File "C:\Users\User\AppData\Local\Programs\Python\Python312\Lib\site-packages\aiogram\dispatcher\router.py", line 137, in _wrapped
    return await self._propagate_event(
           ^^^^^^^^^^^^^^^^^^^^^^^^^^^^
  File "C:\Users\User\AppData\Local\Programs\Python\Python312\Lib\site-packages\aiogram\dispatcher\router.py", line 162, in _propagate_event
    response = await observer.trigger(event, **kwargs)
               ^^^^^^^^^^^^^^^^^^^^^^^^^^^^^^^^^^^^^^^
  File "C:\Users\User\AppData\Local\Programs\Python\Python312\Lib\site-packages\aiogram\dispatcher\event\telegram.py", line 121, in trigger
    return await wrapped_inner(event, kwargs)
           ^^^^^^^^^^^^^^^^^^^^^^^^^^^^^^^^^^
  File "C:\Users\User\AppData\Local\Programs\Python\Python312\Lib\site-packages\aiogram\dispatcher\event\handler.py", line 43, in call
    return await wrapped()
           ^^^^^^^^^^^^^^^
  File "C:\Users\User\eldosina\handlers\start.py", line 107, in support_handler
    await message.answer(
  File "C:\Users\User\AppData\Local\Programs\Python\Python312\Lib\site-packages\aiogram\methods\base.py", line 84, in emit
    return await bot(self)
           ^^^^^^^^^^^^^^^
  File "C:\Users\User\AppData\Local\Programs\Python\Python312\Lib\site-packages\aiogram\client\bot.py", line 488, in __call__
    return await self.session(self, method, timeout=request_timeout)
           ^^^^^^^^^^^^^^^^^^^^^^^^^^^^^^^^^^^^^^^^^^^^^^^^^^^^^^^^^
  File "C:\Users\User\AppData\Local\Programs\Python\Python312\Lib\site-packages\aiogram\client\session\base.py", line 254, in __call__
    return cast(TelegramType, await middleware(bot, method))
                              ^^^^^^^^^^^^^^^^^^^^^^^^^^^^^
  File "C:\Users\User\AppData\Local\Programs\Python\Python312\Lib\site-packages\aiogram\client\session\aiohttp.py", line 189, in make_request
    response = self.check_response(
               ^^^^^^^^^^^^^^^^^^^^
  File "C:\Users\User\AppData\Local\Programs\Python\Python312\Lib\site-packages\aiogram\client\session\base.py", line 120, in check_response
    raise TelegramBadRequest(method=method, message=description)
aiogram.exceptions.TelegramBadRequest: Telegram server says - Bad Request: can't parse entities: Can't find end of the entity starting at byte offset 267
2026-01-13 16:08:10,022 - aiogram.event - INFO - Update id=390037489 is handled. Duration 77 ms by bot id=8513744371
2026-01-13 16:08:11,717 - aiogram.event - INFO - Update id=390037490 is handled. Duration 155 ms by bot id=8513744371
2026-01-13 16:08:15,373 - aiogram.event - INFO - Update id=390037491 is handled. Duration 109 ms by bot id=8513744371
2026-01-13 16:08:19,002 - aiogram.event - INFO - Update id=390037492 is handled. Duration 140 ms by bot id=8513744371
2026-01-13 16:08:24,758 - aiogram.event - INFO - Update id=390037493 is handled. Duration 609 ms by bot id=8513744371
2026-01-13 16:08:26,860 - aiogram.event - INFO - Update id=390037494 is handled. Duration 109 ms by bot id=8513744371
2026-01-13 16:08:28,674 - aiogram.event - INFO - Update id=390037495 is handled. Duration 108 ms by bot id=8513744371
2026-01-13 16:08:33,588 - aiogram.event - INFO - Update id=390037496 is not handled. Duration 62 ms by bot id=8513744371
2026-01-13 16:08:33,591 - aiogram.event - ERROR - Cause exception while process update id=390037496 by bot id=8513744371
TelegramBadRequest: Telegram server says - Bad Request: can't parse entities: Can't find end of the entity starting at byte offset 1107
Traceback (most recent call last):
  File "C:\Users\User\AppData\Local\Programs\Python\Python312\Lib\site-packages\aiogram\dispatcher\dispatcher.py", line 309, in _process_update
    response = await self.feed_update(bot, update, **kwargs)
               ^^^^^^^^^^^^^^^^^^^^^^^^^^^^^^^^^^^^^^^^^^^^^
  File "C:\Users\User\AppData\Local\Programs\Python\Python312\Lib\site-packages\aiogram\dispatcher\dispatcher.py", line 158, in feed_update
    response = await self.update.wrap_outer_middleware(
               ^^^^^^^^^^^^^^^^^^^^^^^^^^^^^^^^^^^^^^^^
  File "C:\Users\User\AppData\Local\Programs\Python\Python312\Lib\site-packages\aiogram\dispatcher\middlewares\error.py", line 25, in __call__
    return await handler(event, data)
           ^^^^^^^^^^^^^^^^^^^^^^^^^^
  File "C:\Users\User\AppData\Local\Programs\Python\Python312\Lib\site-packages\aiogram\dispatcher\middlewares\user_context.py", line 56, in __call__
    return await handler(event, data)
           ^^^^^^^^^^^^^^^^^^^^^^^^^^
  File "C:\Users\User\AppData\Local\Programs\Python\Python312\Lib\site-packages\aiogram\fsm\middleware.py", line 42, in __call__
    return await handler(event, data)
           ^^^^^^^^^^^^^^^^^^^^^^^^^^
  File "C:\Users\User\AppData\Local\Programs\Python\Python312\Lib\site-packages\aiogram\dispatcher\event\telegram.py", line 121, in trigger
    return await wrapped_inner(event, kwargs)
           ^^^^^^^^^^^^^^^^^^^^^^^^^^^^^^^^^^
  File "C:\Users\User\AppData\Local\Programs\Python\Python312\Lib\site-packages\aiogram\dispatcher\event\handler.py", line 43, in call
    return await wrapped()
           ^^^^^^^^^^^^^^^
  File "C:\Users\User\AppData\Local\Programs\Python\Python312\Lib\site-packages\aiogram\dispatcher\dispatcher.py", line 276, in _listen_update
    return await self.propagate_event(update_type=update_type, event=event, **kwargs)
           ^^^^^^^^^^^^^^^^^^^^^^^^^^^^^^^^^^^^^^^^^^^^^^^^^^^^^^^^^^^^^^^^^^^^^^^^^^
  File "C:\Users\User\AppData\Local\Programs\Python\Python312\Lib\site-packages\aiogram\dispatcher\router.py", line 142, in propagate_event
    return await observer.wrap_outer_middleware(_wrapped, event=event, data=kwargs)
           ^^^^^^^^^^^^^^^^^^^^^^^^^^^^^^^^^^^^^^^^^^^^^^^^^^^^^^^^^^^^^^^^^^^^^^^^
  File "C:\Users\User\AppData\Local\Programs\Python\Python312\Lib\site-packages\aiogram\dispatcher\router.py", line 137, in _wrapped
    return await self._propagate_event(
           ^^^^^^^^^^^^^^^^^^^^^^^^^^^^
  File "C:\Users\User\AppData\Local\Programs\Python\Python312\Lib\site-packages\aiogram\dispatcher\router.py", line 170, in _propagate_event
    response = await router.propagate_event(update_type=update_type, event=event, **kwargs)
               ^^^^^^^^^^^^^^^^^^^^^^^^^^^^^^^^^^^^^^^^^^^^^^^^^^^^^^^^^^^^^^^^^^^^^^^^^^^^
  File "C:\Users\User\AppData\Local\Programs\Python\Python312\Lib\site-packages\aiogram\dispatcher\router.py", line 142, in propagate_event
    return await observer.wrap_outer_middleware(_wrapped, event=event, data=kwargs)
           ^^^^^^^^^^^^^^^^^^^^^^^^^^^^^^^^^^^^^^^^^^^^^^^^^^^^^^^^^^^^^^^^^^^^^^^^
  File "C:\Users\User\AppData\Local\Programs\Python\Python312\Lib\site-packages\aiogram\dispatcher\router.py", line 137, in _wrapped
    return await self._propagate_event(
           ^^^^^^^^^^^^^^^^^^^^^^^^^^^^
  File "C:\Users\User\AppData\Local\Programs\Python\Python312\Lib\site-packages\aiogram\dispatcher\router.py", line 162, in _propagate_event
    response = await observer.trigger(event, **kwargs)
               ^^^^^^^^^^^^^^^^^^^^^^^^^^^^^^^^^^^^^^^
  File "C:\Users\User\AppData\Local\Programs\Python\Python312\Lib\site-packages\aiogram\dispatcher\event\telegram.py", line 121, in trigger
    return await wrapped_inner(event, kwargs)
           ^^^^^^^^^^^^^^^^^^^^^^^^^^^^^^^^^^
  File "C:\Users\User\AppData\Local\Programs\Python\Python312\Lib\site-packages\aiogram\dispatcher\event\handler.py", line 43, in call
    return await wrapped()
           ^^^^^^^^^^^^^^^
  File "C:\Users\User\eldosina\handlers\start.py", line 168, in faq_handler
    await message.answer(faq_text, parse_mode="Markdown")
  File "C:\Users\User\AppData\Local\Programs\Python\Python312\Lib\site-packages\aiogram\methods\base.py", line 84, in emit
    return await bot(self)
           ^^^^^^^^^^^^^^^
  File "C:\Users\User\AppData\Local\Programs\Python\Python312\Lib\site-packages\aiogram\client\bot.py", line 488, in __call__
    return await self.session(self, method, timeout=request_timeout)
           ^^^^^^^^^^^^^^^^^^^^^^^^^^^^^^^^^^^^^^^^^^^^^^^^^^^^^^^^^
  File "C:\Users\User\AppData\Local\Programs\Python\Python312\Lib\site-packages\aiogram\client\session\base.py", line 254, in __call__
    return cast(TelegramType, await middleware(bot, method))
                              ^^^^^^^^^^^^^^^^^^^^^^^^^^^^^
  File "C:\Users\User\AppData\Local\Programs\Python\Python312\Lib\site-packages\aiogram\client\session\aiohttp.py", line 189, in make_request
    response = self.check_response(
               ^^^^^^^^^^^^^^^^^^^^
  File "C:\Users\User\AppData\Local\Programs\Python\Python312\Lib\site-packages\aiogram\client\session\base.py", line 120, in check_response
    raise TelegramBadRequest(method=method, message=description)
aiogram.exceptions.TelegramBadRequest: Telegram server says - Bad Request: can't parse entities: Can't find end of the entity starting at byte offset 1107
2026-01-13 16:08:39,200 - aiogram.event - INFO - Update id=390037497 is handled. Duration 109 ms by bot id=8513744371
2026-01-13 16:08:49,658 - aiogram.event - INFO - Update id=390037498 is handled. Duration 125 ms by bot id=8513744371
2026-01-13 16:08:57,632 - aiogram.event - INFO - Update id=390037499 is not handled. Duration 0 ms by bot id=8513744371
2026-01-13 16:09:02,435 - aiogram.event - INFO - Update id=390037500 is handled. Duration 311 ms by bot id=8513744371
2026-01-13 16:09:03,964 - aiogram.event - INFO - Update id=390037501 is not handled. Duration 140 ms by bot id=8513744371
2026-01-13 16:09:03,965 - aiogram.event - ERROR - Cause exception while process update id=390037501 by bot id=8513744371
TelegramBadRequest: Telegram server says - Bad Request: can't parse entities: Can't find end of the entity starting at byte offset 761
Traceback (most recent call last):
  File "C:\Users\User\AppData\Local\Programs\Python\Python312\Lib\site-packages\aiogram\dispatcher\dispatcher.py", line 309, in _process_update
    response = await self.feed_update(bot, update, **kwargs)
               ^^^^^^^^^^^^^^^^^^^^^^^^^^^^^^^^^^^^^^^^^^^^^
  File "C:\Users\User\AppData\Local\Programs\Python\Python312\Lib\site-packages\aiogram\dispatcher\dispatcher.py", line 158, in feed_update
    response = await self.update.wrap_outer_middleware(
               ^^^^^^^^^^^^^^^^^^^^^^^^^^^^^^^^^^^^^^^^
  File "C:\Users\User\AppData\Local\Programs\Python\Python312\Lib\site-packages\aiogram\dispatcher\middlewares\error.py", line 25, in __call__
    return await handler(event, data)
           ^^^^^^^^^^^^^^^^^^^^^^^^^^
  File "C:\Users\User\AppData\Local\Programs\Python\Python312\Lib\site-packages\aiogram\dispatcher\middlewares\user_context.py", line 56, in __call__
    return await handler(event, data)
           ^^^^^^^^^^^^^^^^^^^^^^^^^^
  File "C:\Users\User\AppData\Local\Programs\Python\Python312\Lib\site-packages\aiogram\fsm\middleware.py", line 42, in __call__
    return await handler(event, data)
           ^^^^^^^^^^^^^^^^^^^^^^^^^^
  File "C:\Users\User\AppData\Local\Programs\Python\Python312\Lib\site-packages\aiogram\dispatcher\event\telegram.py", line 121, in trigger
    return await wrapped_inner(event, kwargs)
           ^^^^^^^^^^^^^^^^^^^^^^^^^^^^^^^^^^
  File "C:\Users\User\AppData\Local\Programs\Python\Python312\Lib\site-packages\aiogram\dispatcher\event\handler.py", line 43, in call
    return await wrapped()
           ^^^^^^^^^^^^^^^
  File "C:\Users\User\AppData\Local\Programs\Python\Python312\Lib\site-packages\aiogram\dispatcher\dispatcher.py", line 276, in _listen_update
    return await self.propagate_event(update_type=update_type, event=event, **kwargs)
           ^^^^^^^^^^^^^^^^^^^^^^^^^^^^^^^^^^^^^^^^^^^^^^^^^^^^^^^^^^^^^^^^^^^^^^^^^^
  File "C:\Users\User\AppData\Local\Programs\Python\Python312\Lib\site-packages\aiogram\dispatcher\router.py", line 142, in propagate_event
    return await observer.wrap_outer_middleware(_wrapped, event=event, data=kwargs)
           ^^^^^^^^^^^^^^^^^^^^^^^^^^^^^^^^^^^^^^^^^^^^^^^^^^^^^^^^^^^^^^^^^^^^^^^^
  File "C:\Users\User\AppData\Local\Programs\Python\Python312\Lib\site-packages\aiogram\dispatcher\router.py", line 137, in _wrapped
    return await self._propagate_event(
           ^^^^^^^^^^^^^^^^^^^^^^^^^^^^
  File "C:\Users\User\AppData\Local\Programs\Python\Python312\Lib\site-packages\aiogram\dispatcher\router.py", line 170, in _propagate_event
    response = await router.propagate_event(update_type=update_type, event=event, **kwargs)
               ^^^^^^^^^^^^^^^^^^^^^^^^^^^^^^^^^^^^^^^^^^^^^^^^^^^^^^^^^^^^^^^^^^^^^^^^^^^^
  File "C:\Users\User\AppData\Local\Programs\Python\Python312\Lib\site-packages\aiogram\dispatcher\router.py", line 142, in propagate_event
    return await observer.wrap_outer_middleware(_wrapped, event=event, data=kwargs)
           ^^^^^^^^^^^^^^^^^^^^^^^^^^^^^^^^^^^^^^^^^^^^^^^^^^^^^^^^^^^^^^^^^^^^^^^^
  File "C:\Users\User\AppData\Local\Programs\Python\Python312\Lib\site-packages\aiogram\dispatcher\router.py", line 137, in _wrapped
    return await self._propagate_event(
           ^^^^^^^^^^^^^^^^^^^^^^^^^^^^
  File "C:\Users\User\AppData\Local\Programs\Python\Python312\Lib\site-packages\aiogram\dispatcher\router.py", line 162, in _propagate_event
    response = await observer.trigger(event, **kwargs)
               ^^^^^^^^^^^^^^^^^^^^^^^^^^^^^^^^^^^^^^^
  File "C:\Users\User\AppData\Local\Programs\Python\Python312\Lib\site-packages\aiogram\dispatcher\event\telegram.py", line 121, in trigger
    return await wrapped_inner(event, kwargs)
           ^^^^^^^^^^^^^^^^^^^^^^^^^^^^^^^^^^
  File "C:\Users\User\AppData\Local\Programs\Python\Python312\Lib\site-packages\aiogram\dispatcher\event\handler.py", line 43, in call
    return await wrapped()
           ^^^^^^^^^^^^^^^
  File "C:\Users\User\eldosina\handlers\referral.py", line 82, in earn_money
    await message.answer(
  File "C:\Users\User\AppData\Local\Programs\Python\Python312\Lib\site-packages\aiogram\methods\base.py", line 84, in emit
    return await bot(self)
           ^^^^^^^^^^^^^^^
  File "C:\Users\User\AppData\Local\Programs\Python\Python312\Lib\site-packages\aiogram\client\bot.py", line 488, in __call__
    return await self.session(self, method, timeout=request_timeout)
           ^^^^^^^^^^^^^^^^^^^^^^^^^^^^^^^^^^^^^^^^^^^^^^^^^^^^^^^^^
  File "C:\Users\User\AppData\Local\Programs\Python\Python312\Lib\site-packages\aiogram\client\session\base.py", line 254, in __call__
    return cast(TelegramType, await middleware(bot, method))
                              ^^^^^^^^^^^^^^^^^^^^^^^^^^^^^
  File "C:\Users\User\AppData\Local\Programs\Python\Python312\Lib\site-packages\aiogram\client\session\aiohttp.py", line 189, in make_request
    response = self.check_response(
               ^^^^^^^^^^^^^^^^^^^^
  File "C:\Users\User\AppData\Local\Programs\Python\Python312\Lib\site-packages\aiogram\client\session\base.py", line 120, in check_response
    raise TelegramBadRequest(method=method, message=description)
aiogram.exceptions.TelegramBadRequest: Telegram server says - Bad Request: can't parse entities: Can't find end of the entity starting at byte offset 761
2026-01-13 16:09:11,958 - aiogram.event - INFO - Update id=390037502 is not handled. Duration 62 ms by bot id=8513744371
2026-01-13 16:09:11,958 - aiogram.event - ERROR - Cause exception while process update id=390037502 by bot id=8513744371
TelegramBadRequest: Telegram server says - Bad Request: can't parse entities: Can't find end of the entity starting at byte offset 761
Traceback (most recent call last):
  File "C:\Users\User\AppData\Local\Programs\Python\Python312\Lib\site-packages\aiogram\dispatcher\dispatcher.py", line 309, in _process_update
    response = await self.feed_update(bot, update, **kwargs)
               ^^^^^^^^^^^^^^^^^^^^^^^^^^^^^^^^^^^^^^^^^^^^^
  File "C:\Users\User\AppData\Local\Programs\Python\Python312\Lib\site-packages\aiogram\dispatcher\dispatcher.py", line 158, in feed_update
    response = await self.update.wrap_outer_middleware(
               ^^^^^^^^^^^^^^^^^^^^^^^^^^^^^^^^^^^^^^^^
  File "C:\Users\User\AppData\Local\Programs\Python\Python312\Lib\site-packages\aiogram\dispatcher\middlewares\error.py", line 25, in __call__
    return await handler(event, data)
           ^^^^^^^^^^^^^^^^^^^^^^^^^^
  File "C:\Users\User\AppData\Local\Programs\Python\Python312\Lib\site-packages\aiogram\dispatcher\middlewares\user_context.py", line 56, in __call__
    return await handler(event, data)
           ^^^^^^^^^^^^^^^^^^^^^^^^^^
  File "C:\Users\User\AppData\Local\Programs\Python\Python312\Lib\site-packages\aiogram\fsm\middleware.py", line 42, in __call__
    return await handler(event, data)
           ^^^^^^^^^^^^^^^^^^^^^^^^^^
  File "C:\Users\User\AppData\Local\Programs\Python\Python312\Lib\site-packages\aiogram\dispatcher\event\telegram.py", line 121, in trigger
    return await wrapped_inner(event, kwargs)
           ^^^^^^^^^^^^^^^^^^^^^^^^^^^^^^^^^^
  File "C:\Users\User\AppData\Local\Programs\Python\Python312\Lib\site-packages\aiogram\dispatcher\event\handler.py", line 43, in call
    return await wrapped()
           ^^^^^^^^^^^^^^^
  File "C:\Users\User\AppData\Local\Programs\Python\Python312\Lib\site-packages\aiogram\dispatcher\dispatcher.py", line 276, in _listen_update
    return await self.propagate_event(update_type=update_type, event=event, **kwargs)
           ^^^^^^^^^^^^^^^^^^^^^^^^^^^^^^^^^^^^^^^^^^^^^^^^^^^^^^^^^^^^^^^^^^^^^^^^^^
  File "C:\Users\User\AppData\Local\Programs\Python\Python312\Lib\site-packages\aiogram\dispatcher\router.py", line 142, in propagate_event
    return await observer.wrap_outer_middleware(_wrapped, event=event, data=kwargs)
           ^^^^^^^^^^^^^^^^^^^^^^^^^^^^^^^^^^^^^^^^^^^^^^^^^^^^^^^^^^^^^^^^^^^^^^^^
  File "C:\Users\User\AppData\Local\Programs\Python\Python312\Lib\site-packages\aiogram\dispatcher\router.py", line 137, in _wrapped
    return await self._propagate_event(
           ^^^^^^^^^^^^^^^^^^^^^^^^^^^^
  File "C:\Users\User\AppData\Local\Programs\Python\Python312\Lib\site-packages\aiogram\dispatcher\router.py", line 170, in _propagate_event
    response = await router.propagate_event(update_type=update_type, event=event, **kwargs)
               ^^^^^^^^^^^^^^^^^^^^^^^^^^^^^^^^^^^^^^^^^^^^^^^^^^^^^^^^^^^^^^^^^^^^^^^^^^^^
  File "C:\Users\User\AppData\Local\Programs\Python\Python312\Lib\site-packages\aiogram\dispatcher\router.py", line 142, in propagate_event
    return await observer.wrap_outer_middleware(_wrapped, event=event, data=kwargs)
           ^^^^^^^^^^^^^^^^^^^^^^^^^^^^^^^^^^^^^^^^^^^^^^^^^^^^^^^^^^^^^^^^^^^^^^^^
  File "C:\Users\User\AppData\Local\Programs\Python\Python312\Lib\site-packages\aiogram\dispatcher\router.py", line 137, in _wrapped
    return await self._propagate_event(
           ^^^^^^^^^^^^^^^^^^^^^^^^^^^^
  File "C:\Users\User\AppData\Local\Programs\Python\Python312\Lib\site-packages\aiogram\dispatcher\router.py", line 162, in _propagate_event
    response = await observer.trigger(event, **kwargs)
               ^^^^^^^^^^^^^^^^^^^^^^^^^^^^^^^^^^^^^^^
  File "C:\Users\User\AppData\Local\Programs\Python\Python312\Lib\site-packages\aiogram\dispatcher\event\telegram.py", line 121, in trigger
    return await wrapped_inner(event, kwargs)
           ^^^^^^^^^^^^^^^^^^^^^^^^^^^^^^^^^^
  File "C:\Users\User\AppData\Local\Programs\Python\Python312\Lib\site-packages\aiogram\dispatcher\event\handler.py", line 43, in call
    return await wrapped()
           ^^^^^^^^^^^^^^^
  File "C:\Users\User\eldosina\handlers\referral.py", line 82, in earn_money
    await message.answer(
  File "C:\Users\User\AppData\Local\Programs\Python\Python312\Lib\site-packages\aiogram\methods\base.py", line 84, in emit
    return await bot(self)
           ^^^^^^^^^^^^^^^
  File "C:\Users\User\AppData\Local\Programs\Python\Python312\Lib\site-packages\aiogram\client\bot.py", line 488, in __call__
    return await self.session(self, method, timeout=request_timeout)
           ^^^^^^^^^^^^^^^^^^^^^^^^^^^^^^^^^^^^^^^^^^^^^^^^^^^^^^^^^
  File "C:\Users\User\AppData\Local\Programs\Python\Python312\Lib\site-packages\aiogram\client\session\base.py", line 254, in __call__
    return cast(TelegramType, await middleware(bot, method))
                              ^^^^^^^^^^^^^^^^^^^^^^^^^^^^^
  File "C:\Users\User\AppData\Local\Programs\Python\Python312\Lib\site-packages\aiogram\client\session\aiohttp.py", line 189, in make_request
    response = self.check_response(
               ^^^^^^^^^^^^^^^^^^^^
  File "C:\Users\User\AppData\Local\Programs\Python\Python312\Lib\site-packages\aiogram\client\session\base.py", line 120, in check_response
    raise TelegramBadRequest(method=method, message=description)
aiogram.exceptions.TelegramBadRequest: Telegram server says - Bad Request: can't parse entities: Can't find end of the entity starting at byte offset 761
2026-01-13 16:20:07,535 - aiogram.dispatcher - INFO - Polling stopped
2026-01-13 16:20:07,800 - aiogram.dispatcher - INFO - Polling stopped for bot @eldosinasell_bot id=8513744371 - 'Eldos seller'
2026-01-13 16:20:07,802 - __main__ - INFO - Бот остановлен
2026-01-13 16:21:30,573 - __main__ - INFO - Бот запущен!
2026-01-13 16:21:30,573 - aiogram.dispatcher - INFO - Start polling
2026-01-13 16:21:30,773 - aiogram.dispatcher - INFO - Run polling for bot @eldosinasell_bot id=8513744371 - 'Eldos seller'
2026-01-13 16:21:33,025 - aiogram.dispatcher - INFO - Polling stopped
2026-01-13 16:21:33,284 - aiogram.dispatcher - INFO - Polling stopped for bot @eldosinasell_bot id=8513744371 - 'Eldos seller'
2026-01-13 16:21:33,285 - __main__ - INFO - Бот остановлен
2026-01-13 16:24:07,265 - __main__ - INFO - Бот запущен!
2026-01-13 16:24:07,265 - aiogram.dispatcher - INFO - Start polling
2026-01-13 16:24:07,467 - aiogram.dispatcher - INFO - Run polling for bot @eldosinasell_bot id=8513744371 - 'Eldos seller'
2026-01-13 16:24:25,927 - aiogram.event - INFO - Update id=390037503 is handled. Duration 218 ms by bot id=8513744371
2026-01-13 16:24:31,565 - aiogram.event - INFO - Update id=390037504 is not handled. Duration 62 ms by bot id=8513744371
2026-01-13 16:24:31,566 - aiogram.event - ERROR - Cause exception while process update id=390037504 by bot id=8513744371
TelegramBadRequest: Telegram server says - Bad Request: can't parse entities: Can't find end of the entity starting at byte offset 1107
Traceback (most recent call last):
  File "C:\Users\User\AppData\Local\Programs\Python\Python312\Lib\site-packages\aiogram\dispatcher\dispatcher.py", line 309, in _process_update
    response = await self.feed_update(bot, update, **kwargs)
               ^^^^^^^^^^^^^^^^^^^^^^^^^^^^^^^^^^^^^^^^^^^^^
  File "C:\Users\User\AppData\Local\Programs\Python\Python312\Lib\site-packages\aiogram\dispatcher\dispatcher.py", line 158, in feed_update
    response = await self.update.wrap_outer_middleware(
               ^^^^^^^^^^^^^^^^^^^^^^^^^^^^^^^^^^^^^^^^
  File "C:\Users\User\AppData\Local\Programs\Python\Python312\Lib\site-packages\aiogram\dispatcher\middlewares\error.py", line 25, in __call__
    return await handler(event, data)
           ^^^^^^^^^^^^^^^^^^^^^^^^^^
  File "C:\Users\User\AppData\Local\Programs\Python\Python312\Lib\site-packages\aiogram\dispatcher\middlewares\user_context.py", line 56, in __call__
    return await handler(event, data)
           ^^^^^^^^^^^^^^^^^^^^^^^^^^
  File "C:\Users\User\AppData\Local\Programs\Python\Python312\Lib\site-packages\aiogram\fsm\middleware.py", line 42, in __call__
    return await handler(event, data)
           ^^^^^^^^^^^^^^^^^^^^^^^^^^
  File "C:\Users\User\AppData\Local\Programs\Python\Python312\Lib\site-packages\aiogram\dispatcher\event\telegram.py", line 121, in trigger
    return await wrapped_inner(event, kwargs)
           ^^^^^^^^^^^^^^^^^^^^^^^^^^^^^^^^^^
  File "C:\Users\User\AppData\Local\Programs\Python\Python312\Lib\site-packages\aiogram\dispatcher\event\handler.py", line 43, in call
    return await wrapped()
           ^^^^^^^^^^^^^^^
  File "C:\Users\User\AppData\Local\Programs\Python\Python312\Lib\site-packages\aiogram\dispatcher\dispatcher.py", line 276, in _listen_update
    return await self.propagate_event(update_type=update_type, event=event, **kwargs)
           ^^^^^^^^^^^^^^^^^^^^^^^^^^^^^^^^^^^^^^^^^^^^^^^^^^^^^^^^^^^^^^^^^^^^^^^^^^
  File "C:\Users\User\AppData\Local\Programs\Python\Python312\Lib\site-packages\aiogram\dispatcher\router.py", line 142, in propagate_event
    return await observer.wrap_outer_middleware(_wrapped, event=event, data=kwargs)
           ^^^^^^^^^^^^^^^^^^^^^^^^^^^^^^^^^^^^^^^^^^^^^^^^^^^^^^^^^^^^^^^^^^^^^^^^
  File "C:\Users\User\AppData\Local\Programs\Python\Python312\Lib\site-packages\aiogram\dispatcher\router.py", line 137, in _wrapped
    return await self._propagate_event(
           ^^^^^^^^^^^^^^^^^^^^^^^^^^^^
  File "C:\Users\User\AppData\Local\Programs\Python\Python312\Lib\site-packages\aiogram\dispatcher\router.py", line 170, in _propagate_event
    response = await router.propagate_event(update_type=update_type, event=event, **kwargs)
               ^^^^^^^^^^^^^^^^^^^^^^^^^^^^^^^^^^^^^^^^^^^^^^^^^^^^^^^^^^^^^^^^^^^^^^^^^^^^
  File "C:\Users\User\AppData\Local\Programs\Python\Python312\Lib\site-packages\aiogram\dispatcher\router.py", line 142, in propagate_event
    return await observer.wrap_outer_middleware(_wrapped, event=event, data=kwargs)
           ^^^^^^^^^^^^^^^^^^^^^^^^^^^^^^^^^^^^^^^^^^^^^^^^^^^^^^^^^^^^^^^^^^^^^^^^
  File "C:\Users\User\AppData\Local\Programs\Python\Python312\Lib\site-packages\aiogram\dispatcher\router.py", line 137, in _wrapped
    return await self._propagate_event(
           ^^^^^^^^^^^^^^^^^^^^^^^^^^^^
  File "C:\Users\User\AppData\Local\Programs\Python\Python312\Lib\site-packages\aiogram\dispatcher\router.py", line 162, in _propagate_event
    response = await observer.trigger(event, **kwargs)
               ^^^^^^^^^^^^^^^^^^^^^^^^^^^^^^^^^^^^^^^
  File "C:\Users\User\AppData\Local\Programs\Python\Python312\Lib\site-packages\aiogram\dispatcher\event\telegram.py", line 121, in trigger
    return await wrapped_inner(event, kwargs)
           ^^^^^^^^^^^^^^^^^^^^^^^^^^^^^^^^^^
  File "C:\Users\User\AppData\Local\Programs\Python\Python312\Lib\site-packages\aiogram\dispatcher\event\handler.py", line 43, in call
    return await wrapped()
           ^^^^^^^^^^^^^^^
  File "C:\Users\User\eldosina\handlers\start.py", line 168, in faq_handler
    await message.answer(faq_text, parse_mode="Markdown")
  File "C:\Users\User\AppData\Local\Programs\Python\Python312\Lib\site-packages\aiogram\methods\base.py", line 84, in emit
    return await bot(self)
           ^^^^^^^^^^^^^^^
  File "C:\Users\User\AppData\Local\Programs\Python\Python312\Lib\site-packages\aiogram\client\bot.py", line 488, in __call__
    return await self.session(self, method, timeout=request_timeout)
           ^^^^^^^^^^^^^^^^^^^^^^^^^^^^^^^^^^^^^^^^^^^^^^^^^^^^^^^^^
  File "C:\Users\User\AppData\Local\Programs\Python\Python312\Lib\site-packages\aiogram\client\session\base.py", line 254, in __call__
    return cast(TelegramType, await middleware(bot, method))
                              ^^^^^^^^^^^^^^^^^^^^^^^^^^^^^
  File "C:\Users\User\AppData\Local\Programs\Python\Python312\Lib\site-packages\aiogram\client\session\aiohttp.py", line 189, in make_request
    response = self.check_response(
               ^^^^^^^^^^^^^^^^^^^^
  File "C:\Users\User\AppData\Local\Programs\Python\Python312\Lib\site-packages\aiogram\client\session\base.py", line 120, in check_response
    raise TelegramBadRequest(method=method, message=description)
aiogram.exceptions.TelegramBadRequest: Telegram server says - Bad Request: can't parse entities: Can't find end of the entity starting at byte offset 1107
2026-01-13 16:24:36,173 - aiogram.event - INFO - Update id=390037505 is handled. Duration 155 ms by bot id=8513744371
2026-01-13 16:24:44,479 - aiogram.event - INFO - Update id=390037506 is not handled. Duration 61 ms by bot id=8513744371
2026-01-13 16:24:44,479 - aiogram.event - ERROR - Cause exception while process update id=390037506 by bot id=8513744371
TelegramBadRequest: Telegram server says - Bad Request: can't parse entities: Can't find end of the entity starting at byte offset 761
Traceback (most recent call last):
  File "C:\Users\User\AppData\Local\Programs\Python\Python312\Lib\site-packages\aiogram\dispatcher\dispatcher.py", line 309, in _process_update
    response = await self.feed_update(bot, update, **kwargs)
               ^^^^^^^^^^^^^^^^^^^^^^^^^^^^^^^^^^^^^^^^^^^^^
  File "C:\Users\User\AppData\Local\Programs\Python\Python312\Lib\site-packages\aiogram\dispatcher\dispatcher.py", line 158, in feed_update
    response = await self.update.wrap_outer_middleware(
               ^^^^^^^^^^^^^^^^^^^^^^^^^^^^^^^^^^^^^^^^
  File "C:\Users\User\AppData\Local\Programs\Python\Python312\Lib\site-packages\aiogram\dispatcher\middlewares\error.py", line 25, in __call__
    return await handler(event, data)
           ^^^^^^^^^^^^^^^^^^^^^^^^^^
  File "C:\Users\User\AppData\Local\Programs\Python\Python312\Lib\site-packages\aiogram\dispatcher\middlewares\user_context.py", line 56, in __call__
    return await handler(event, data)
           ^^^^^^^^^^^^^^^^^^^^^^^^^^
  File "C:\Users\User\AppData\Local\Programs\Python\Python312\Lib\site-packages\aiogram\fsm\middleware.py", line 42, in __call__
    return await handler(event, data)
           ^^^^^^^^^^^^^^^^^^^^^^^^^^
  File "C:\Users\User\AppData\Local\Programs\Python\Python312\Lib\site-packages\aiogram\dispatcher\event\telegram.py", line 121, in trigger
    return await wrapped_inner(event, kwargs)
           ^^^^^^^^^^^^^^^^^^^^^^^^^^^^^^^^^^
  File "C:\Users\User\AppData\Local\Programs\Python\Python312\Lib\site-packages\aiogram\dispatcher\event\handler.py", line 43, in call
    return await wrapped()
           ^^^^^^^^^^^^^^^
  File "C:\Users\User\AppData\Local\Programs\Python\Python312\Lib\site-packages\aiogram\dispatcher\dispatcher.py", line 276, in _listen_update
    return await self.propagate_event(update_type=update_type, event=event, **kwargs)
           ^^^^^^^^^^^^^^^^^^^^^^^^^^^^^^^^^^^^^^^^^^^^^^^^^^^^^^^^^^^^^^^^^^^^^^^^^^
  File "C:\Users\User\AppData\Local\Programs\Python\Python312\Lib\site-packages\aiogram\dispatcher\router.py", line 142, in propagate_event
    return await observer.wrap_outer_middleware(_wrapped, event=event, data=kwargs)
           ^^^^^^^^^^^^^^^^^^^^^^^^^^^^^^^^^^^^^^^^^^^^^^^^^^^^^^^^^^^^^^^^^^^^^^^^
  File "C:\Users\User\AppData\Local\Programs\Python\Python312\Lib\site-packages\aiogram\dispatcher\router.py", line 137, in _wrapped
    return await self._propagate_event(
           ^^^^^^^^^^^^^^^^^^^^^^^^^^^^
  File "C:\Users\User\AppData\Local\Programs\Python\Python312\Lib\site-packages\aiogram\dispatcher\router.py", line 170, in _propagate_event
    response = await router.propagate_event(update_type=update_type, event=event, **kwargs)
               ^^^^^^^^^^^^^^^^^^^^^^^^^^^^^^^^^^^^^^^^^^^^^^^^^^^^^^^^^^^^^^^^^^^^^^^^^^^^
  File "C:\Users\User\AppData\Local\Programs\Python\Python312\Lib\site-packages\aiogram\dispatcher\router.py", line 142, in propagate_event
    return await observer.wrap_outer_middleware(_wrapped, event=event, data=kwargs)
           ^^^^^^^^^^^^^^^^^^^^^^^^^^^^^^^^^^^^^^^^^^^^^^^^^^^^^^^^^^^^^^^^^^^^^^^^
  File "C:\Users\User\AppData\Local\Programs\Python\Python312\Lib\site-packages\aiogram\dispatcher\router.py", line 137, in _wrapped
    return await self._propagate_event(
           ^^^^^^^^^^^^^^^^^^^^^^^^^^^^
  File "C:\Users\User\AppData\Local\Programs\Python\Python312\Lib\site-packages\aiogram\dispatcher\router.py", line 162, in _propagate_event
    response = await observer.trigger(event, **kwargs)
               ^^^^^^^^^^^^^^^^^^^^^^^^^^^^^^^^^^^^^^^
  File "C:\Users\User\AppData\Local\Programs\Python\Python312\Lib\site-packages\aiogram\dispatcher\event\telegram.py", line 121, in trigger
    return await wrapped_inner(event, kwargs)
           ^^^^^^^^^^^^^^^^^^^^^^^^^^^^^^^^^^
  File "C:\Users\User\AppData\Local\Programs\Python\Python312\Lib\site-packages\aiogram\dispatcher\event\handler.py", line 43, in call
    return await wrapped()
           ^^^^^^^^^^^^^^^
  File "C:\Users\User\eldosina\handlers\referral.py", line 82, in earn_money
    await message.answer(
  File "C:\Users\User\AppData\Local\Programs\Python\Python312\Lib\site-packages\aiogram\methods\base.py", line 84, in emit
    return await bot(self)
           ^^^^^^^^^^^^^^^
  File "C:\Users\User\AppData\Local\Programs\Python\Python312\Lib\site-packages\aiogram\client\bot.py", line 488, in __call__
    return await self.session(self, method, timeout=request_timeout)
           ^^^^^^^^^^^^^^^^^^^^^^^^^^^^^^^^^^^^^^^^^^^^^^^^^^^^^^^^^
  File "C:\Users\User\AppData\Local\Programs\Python\Python312\Lib\site-packages\aiogram\client\session\base.py", line 254, in __call__
    return cast(TelegramType, await middleware(bot, method))
                              ^^^^^^^^^^^^^^^^^^^^^^^^^^^^^
  File "C:\Users\User\AppData\Local\Programs\Python\Python312\Lib\site-packages\aiogram\client\session\aiohttp.py", line 189, in make_request
    response = self.check_response(
               ^^^^^^^^^^^^^^^^^^^^
  File "C:\Users\User\AppData\Local\Programs\Python\Python312\Lib\site-packages\aiogram\client\session\base.py", line 120, in check_response
    raise TelegramBadRequest(method=method, message=description)
aiogram.exceptions.TelegramBadRequest: Telegram server says - Bad Request: can't parse entities: Can't find end of the entity starting at byte offset 761
2026-01-13 16:24:46,794 - aiogram.event - INFO - Update id=390037507 is handled. Duration 110 ms by bot id=8513744371
2026-01-13 16:25:09,397 - aiogram.dispatcher - INFO - Polling stopped
2026-01-13 16:25:09,657 - aiogram.dispatcher - INFO - Polling stopped for bot @eldosinasell_bot id=8513744371 - 'Eldos seller'
2026-01-13 16:25:09,658 - __main__ - INFO - Бот остановлен
2026-01-13 16:25:23,674 - __main__ - INFO - Бот запущен!
2026-01-13 16:25:23,674 - aiogram.dispatcher - INFO - Start polling
2026-01-13 16:25:23,867 - aiogram.dispatcher - INFO - Run polling for bot @eldosinasell_bot id=8513744371 - 'Eldos seller'
2026-01-13 16:31:43,409 - aiogram.dispatcher - INFO - Polling stopped
2026-01-13 16:31:43,675 - aiogram.dispatcher - INFO - Polling stopped for bot @eldosinasell_bot id=8513744371 - 'Eldos seller'
2026-01-13 16:31:43,682 - __main__ - INFO - Бот остановлен
2026-01-13 16:32:16,074 - __main__ - INFO - Бот запущен!
2026-01-13 16:32:16,075 - aiogram.dispatcher - INFO - Start polling
2026-01-13 16:32:16,272 - aiogram.dispatcher - INFO - Run polling for bot @eldosinasell_bot id=8513744371 - 'Eldos seller'
2026-01-13 16:32:16,550 - aiogram.event - INFO - Update id=390037508 is handled. Duration 218 ms by bot id=8513744371
2026-01-13 16:32:16,582 - aiogram.event - INFO - Update id=390037509 is handled. Duration 250 ms by bot id=8513744371
2026-01-13 16:32:26,014 - aiogram.event - INFO - Update id=390037510 is handled. Duration 94 ms by bot id=8513744371
2026-01-13 16:37:18,491 - aiogram.event - INFO - Update id=390037511 is handled. Duration 250 ms by bot id=8513744371
2026-01-13 16:38:51,806 - aiogram.dispatcher - INFO - Polling stopped
2026-01-13 16:38:52,057 - aiogram.dispatcher - INFO - Polling stopped for bot @eldosinasell_bot id=8513744371 - 'Eldos seller'
2026-01-13 16:38:52,058 - __main__ - INFO - Бот остановлен
2026-01-13 16:39:46,922 - __main__ - INFO - Бот запущен!
2026-01-13 16:39:46,922 - aiogram.dispatcher - INFO - Start polling
2026-01-13 16:39:47,157 - aiogram.dispatcher - INFO - Run polling for bot @eldosinasell_bot id=8513744371 - 'Eldos seller'
2026-01-13 16:39:58,613 - aiogram.event - INFO - Update id=390037512 is handled. Duration 281 ms by bot id=8513744371
2026-01-13 16:40:02,046 - aiogram.event - INFO - Update id=390037513 is not handled. Duration 14 ms by bot id=8513744371
2026-01-13 16:40:04,810 - aiogram.event - INFO - Update id=390037514 is handled. Duration 139 ms by bot id=8513744371
2026-01-13 16:40:10,802 - aiogram.event - INFO - Update id=390037515 is not handled. Duration 61 ms by bot id=8513744371
2026-01-13 16:40:10,803 - aiogram.event - ERROR - Cause exception while process update id=390037515 by bot id=8513744371
TelegramBadRequest: Telegram server says - Bad Request: can't parse entities: Can't find end of the entity starting at byte offset 1107
Traceback (most recent call last):
  File "C:\Users\User\AppData\Local\Programs\Python\Python312\Lib\site-packages\aiogram\dispatcher\dispatcher.py", line 309, in _process_update
    response = await self.feed_update(bot, update, **kwargs)
               ^^^^^^^^^^^^^^^^^^^^^^^^^^^^^^^^^^^^^^^^^^^^^
  File "C:\Users\User\AppData\Local\Programs\Python\Python312\Lib\site-packages\aiogram\dispatcher\dispatcher.py", line 158, in feed_update
    response = await self.update.wrap_outer_middleware(
               ^^^^^^^^^^^^^^^^^^^^^^^^^^^^^^^^^^^^^^^^
  File "C:\Users\User\AppData\Local\Programs\Python\Python312\Lib\site-packages\aiogram\dispatcher\middlewares\error.py", line 25, in __call__
    return await handler(event, data)
           ^^^^^^^^^^^^^^^^^^^^^^^^^^
  File "C:\Users\User\AppData\Local\Programs\Python\Python312\Lib\site-packages\aiogram\dispatcher\middlewares\user_context.py", line 56, in __call__
    return await handler(event, data)
           ^^^^^^^^^^^^^^^^^^^^^^^^^^
  File "C:\Users\User\AppData\Local\Programs\Python\Python312\Lib\site-packages\aiogram\fsm\middleware.py", line 42, in __call__
    return await handler(event, data)
           ^^^^^^^^^^^^^^^^^^^^^^^^^^
  File "C:\Users\User\AppData\Local\Programs\Python\Python312\Lib\site-packages\aiogram\dispatcher\event\telegram.py", line 121, in trigger
    return await wrapped_inner(event, kwargs)
           ^^^^^^^^^^^^^^^^^^^^^^^^^^^^^^^^^^
  File "C:\Users\User\AppData\Local\Programs\Python\Python312\Lib\site-packages\aiogram\dispatcher\event\handler.py", line 43, in call
    return await wrapped()
           ^^^^^^^^^^^^^^^
  File "C:\Users\User\AppData\Local\Programs\Python\Python312\Lib\site-packages\aiogram\dispatcher\dispatcher.py", line 276, in _listen_update
    return await self.propagate_event(update_type=update_type, event=event, **kwargs)
           ^^^^^^^^^^^^^^^^^^^^^^^^^^^^^^^^^^^^^^^^^^^^^^^^^^^^^^^^^^^^^^^^^^^^^^^^^^
  File "C:\Users\User\AppData\Local\Programs\Python\Python312\Lib\site-packages\aiogram\dispatcher\router.py", line 142, in propagate_event
    return await observer.wrap_outer_middleware(_wrapped, event=event, data=kwargs)
           ^^^^^^^^^^^^^^^^^^^^^^^^^^^^^^^^^^^^^^^^^^^^^^^^^^^^^^^^^^^^^^^^^^^^^^^^
  File "C:\Users\User\AppData\Local\Programs\Python\Python312\Lib\site-packages\aiogram\dispatcher\router.py", line 137, in _wrapped
    return await self._propagate_event(
           ^^^^^^^^^^^^^^^^^^^^^^^^^^^^
  File "C:\Users\User\AppData\Local\Programs\Python\Python312\Lib\site-packages\aiogram\dispatcher\router.py", line 170, in _propagate_event
    response = await router.propagate_event(update_type=update_type, event=event, **kwargs)
               ^^^^^^^^^^^^^^^^^^^^^^^^^^^^^^^^^^^^^^^^^^^^^^^^^^^^^^^^^^^^^^^^^^^^^^^^^^^^
  File "C:\Users\User\AppData\Local\Programs\Python\Python312\Lib\site-packages\aiogram\dispatcher\router.py", line 142, in propagate_event
    return await observer.wrap_outer_middleware(_wrapped, event=event, data=kwargs)
           ^^^^^^^^^^^^^^^^^^^^^^^^^^^^^^^^^^^^^^^^^^^^^^^^^^^^^^^^^^^^^^^^^^^^^^^^
  File "C:\Users\User\AppData\Local\Programs\Python\Python312\Lib\site-packages\aiogram\dispatcher\router.py", line 137, in _wrapped
    return await self._propagate_event(
           ^^^^^^^^^^^^^^^^^^^^^^^^^^^^
  File "C:\Users\User\AppData\Local\Programs\Python\Python312\Lib\site-packages\aiogram\dispatcher\router.py", line 162, in _propagate_event
    response = await observer.trigger(event, **kwargs)
               ^^^^^^^^^^^^^^^^^^^^^^^^^^^^^^^^^^^^^^^
  File "C:\Users\User\AppData\Local\Programs\Python\Python312\Lib\site-packages\aiogram\dispatcher\event\telegram.py", line 121, in trigger
    return await wrapped_inner(event, kwargs)
           ^^^^^^^^^^^^^^^^^^^^^^^^^^^^^^^^^^
  File "C:\Users\User\AppData\Local\Programs\Python\Python312\Lib\site-packages\aiogram\dispatcher\event\handler.py", line 43, in call
    return await wrapped()
           ^^^^^^^^^^^^^^^
  File "C:\Users\User\eldosina\handlers\start.py", line 168, in faq_handler
    await message.answer(faq_text, parse_mode="Markdown")
  File "C:\Users\User\AppData\Local\Programs\Python\Python312\Lib\site-packages\aiogram\methods\base.py", line 84, in emit
    return await bot(self)
           ^^^^^^^^^^^^^^^
  File "C:\Users\User\AppData\Local\Programs\Python\Python312\Lib\site-packages\aiogram\client\bot.py", line 488, in __call__
    return await self.session(self, method, timeout=request_timeout)
           ^^^^^^^^^^^^^^^^^^^^^^^^^^^^^^^^^^^^^^^^^^^^^^^^^^^^^^^^^
  File "C:\Users\User\AppData\Local\Programs\Python\Python312\Lib\site-packages\aiogram\client\session\base.py", line 254, in __call__
    return cast(TelegramType, await middleware(bot, method))
                              ^^^^^^^^^^^^^^^^^^^^^^^^^^^^^
  File "C:\Users\User\AppData\Local\Programs\Python\Python312\Lib\site-packages\aiogram\client\session\aiohttp.py", line 189, in make_request
    response = self.check_response(
               ^^^^^^^^^^^^^^^^^^^^
  File "C:\Users\User\AppData\Local\Programs\Python\Python312\Lib\site-packages\aiogram\client\session\base.py", line 120, in check_response
    raise TelegramBadRequest(method=method, message=description)
aiogram.exceptions.TelegramBadRequest: Telegram server says - Bad Request: can't parse entities: Can't find end of the entity starting at byte offset 1107
2026-01-13 16:41:01,661 - aiogram.event - INFO - Update id=390037516 is handled. Duration 344 ms by bot id=8513744371
2026-01-13 16:41:34,640 - handlers.admin - INFO - Admin panel access attempt by user_id: 5324231382 (type: int)
2026-01-13 16:41:34,642 - handlers.admin - INFO - ADMIN_IDS from config: [5324231382]
2026-01-13 16:41:34,642 - handlers.admin - INFO - Access granted for user_id: 5324231382
2026-01-13 16:41:34,919 - aiogram.event - INFO - Update id=390037517 is handled. Duration 281 ms by bot id=8513744371
2026-01-13 16:41:45,896 - aiogram.event - INFO - Update id=390037518 is handled. Duration 140 ms by bot id=8513744371
2026-01-13 16:41:53,358 - aiogram.event - INFO - Update id=390037519 is handled. Duration 109 ms by bot id=8513744371
2026-01-13 16:41:54,600 - aiogram.event - INFO - Update id=390037520 is handled. Duration 93 ms by bot id=8513744371
2026-01-13 16:43:11,694 - aiogram.event - INFO - Update id=390037521 is handled. Duration 297 ms by bot id=8513744371
2026-01-13 16:43:13,021 - aiogram.event - INFO - Update id=390037522 is handled. Duration 108 ms by bot id=8513744371
2026-01-13 16:43:14,315 - aiogram.event - INFO - Update id=390037523 is handled. Duration 94 ms by bot id=8513744371
2026-01-13 16:43:15,584 - aiogram.event - INFO - Update id=390037524 is handled. Duration 218 ms by bot id=8513744371
2026-01-13 16:43:17,494 - aiogram.event - INFO - Update id=390037525 is handled. Duration 77 ms by bot id=8513744371
2026-01-13 16:43:18,400 - aiogram.event - INFO - Update id=390037526 is handled. Duration 155 ms by bot id=8513744371
2026-01-13 16:43:19,536 - aiogram.event - INFO - Update id=390037527 is handled. Duration 172 ms by bot id=8513744371
2026-01-13 16:43:20,153 - aiogram.event - INFO - Update id=390037528 is handled. Duration 94 ms by bot id=8513744371
2026-01-13 16:43:24,831 - aiogram.event - INFO - Update id=390037529 is handled. Duration 312 ms by bot id=8513744371
2026-01-13 16:43:28,821 - handlers.admin - INFO - Admin panel access attempt by user_id: 5324231382 (type: int)
2026-01-13 16:43:28,822 - handlers.admin - INFO - ADMIN_IDS from config: [5324231382]
2026-01-13 16:43:28,822 - handlers.admin - INFO - Access granted for user_id: 5324231382
2026-01-13 16:43:28,942 - aiogram.event - INFO - Update id=390037530 is handled. Duration 125 ms by bot id=8513744371
2026-01-13 16:43:32,535 - aiogram.event - INFO - Update id=390037531 is handled. Duration 172 ms by bot id=8513744371
2026-01-13 16:43:36,182 - aiogram.event - INFO - Update id=390037532 is handled. Duration 186 ms by bot id=8513744371
2026-01-13 16:43:37,189 - handlers.admin - INFO - Admin panel access attempt by user_id: 5324231382 (type: int)
2026-01-13 16:43:37,189 - handlers.admin - INFO - ADMIN_IDS from config: [5324231382]
2026-01-13 16:43:37,190 - handlers.admin - INFO - Access granted for user_id: 5324231382
2026-01-13 16:43:37,303 - aiogram.event - INFO - Update id=390037533 is handled. Duration 108 ms by bot id=8513744371
2026-01-13 16:43:39,601 - aiogram.event - INFO - Update id=390037534 is handled. Duration 155 ms by bot id=8513744371
2026-01-13 16:43:48,153 - aiogram.event - INFO - Update id=390037535 is handled. Duration 125 ms by bot id=8513744371
2026-01-13 16:46:23,186 - aiogram.dispatcher - INFO - Polling stopped
2026-01-13 16:46:23,447 - aiogram.dispatcher - INFO - Polling stopped for bot @eldosinasell_bot id=8513744371 - 'Eldos seller'
2026-01-13 16:46:23,451 - __main__ - INFO - Бот остановлен
2026-01-15 12:17:54,293 - __main__ - INFO - Бот запущен!
2026-01-15 12:17:54,294 - aiogram.dispatcher - INFO - Start polling
2026-01-15 12:17:54,510 - aiogram.dispatcher - INFO - Run polling for bot @eldosinasell_bot id=8513744371 - 'Eldos seller'
2026-01-15 12:18:12,490 - handlers.admin - INFO - Admin panel access attempt by user_id: 5324231382 (type: int)
2026-01-15 12:18:12,491 - handlers.admin - INFO - ADMIN_IDS from config: [5324231382]
2026-01-15 12:18:12,491 - handlers.admin - INFO - Access granted for user_id: 5324231382
2026-01-15 12:18:12,739 - aiogram.event - INFO - Update id=390037536 is handled. Duration 250 ms by bot id=8513744371
2026-01-15 12:18:19,836 - aiogram.event - INFO - Update id=390037537 is handled. Duration 93 ms by bot id=8513744371
2026-01-15 12:18:27,215 - aiogram.event - INFO - Update id=390037538 is handled. Duration 93 ms by bot id=8513744371
2026-01-15 12:18:29,889 - aiogram.event - INFO - Update id=390037539 is not handled. Duration 62 ms by bot id=8513744371
2026-01-15 12:18:29,890 - aiogram.event - ERROR - Cause exception while process update id=390037539 by bot id=8513744371
TelegramBadRequest: Telegram server says - Bad Request: can't parse entities: Can't find end of the entity starting at byte offset 267
Traceback (most recent call last):
  File "C:\Users\User\AppData\Local\Programs\Python\Python312\Lib\site-packages\aiogram\dispatcher\dispatcher.py", line 309, in _process_update
    response = await self.feed_update(bot, update, **kwargs)
               ^^^^^^^^^^^^^^^^^^^^^^^^^^^^^^^^^^^^^^^^^^^^^
  File "C:\Users\User\AppData\Local\Programs\Python\Python312\Lib\site-packages\aiogram\dispatcher\dispatcher.py", line 158, in feed_update
    response = await self.update.wrap_outer_middleware(
               ^^^^^^^^^^^^^^^^^^^^^^^^^^^^^^^^^^^^^^^^
  File "C:\Users\User\AppData\Local\Programs\Python\Python312\Lib\site-packages\aiogram\dispatcher\middlewares\error.py", line 25, in __call__
    return await handler(event, data)
           ^^^^^^^^^^^^^^^^^^^^^^^^^^
  File "C:\Users\User\AppData\Local\Programs\Python\Python312\Lib\site-packages\aiogram\dispatcher\middlewares\user_context.py", line 56, in __call__
    return await handler(event, data)
           ^^^^^^^^^^^^^^^^^^^^^^^^^^
  File "C:\Users\User\AppData\Local\Programs\Python\Python312\Lib\site-packages\aiogram\fsm\middleware.py", line 42, in __call__
    return await handler(event, data)
           ^^^^^^^^^^^^^^^^^^^^^^^^^^
  File "C:\Users\User\AppData\Local\Programs\Python\Python312\Lib\site-packages\aiogram\dispatcher\event\telegram.py", line 121, in trigger
    return await wrapped_inner(event, kwargs)
           ^^^^^^^^^^^^^^^^^^^^^^^^^^^^^^^^^^
  File "C:\Users\User\AppData\Local\Programs\Python\Python312\Lib\site-packages\aiogram\dispatcher\event\handler.py", line 43, in call
    return await wrapped()
           ^^^^^^^^^^^^^^^
  File "C:\Users\User\AppData\Local\Programs\Python\Python312\Lib\site-packages\aiogram\dispatcher\dispatcher.py", line 276, in _listen_update
    return await self.propagate_event(update_type=update_type, event=event, **kwargs)
           ^^^^^^^^^^^^^^^^^^^^^^^^^^^^^^^^^^^^^^^^^^^^^^^^^^^^^^^^^^^^^^^^^^^^^^^^^^
  File "C:\Users\User\AppData\Local\Programs\Python\Python312\Lib\site-packages\aiogram\dispatcher\router.py", line 142, in propagate_event
    return await observer.wrap_outer_middleware(_wrapped, event=event, data=kwargs)
           ^^^^^^^^^^^^^^^^^^^^^^^^^^^^^^^^^^^^^^^^^^^^^^^^^^^^^^^^^^^^^^^^^^^^^^^^
  File "C:\Users\User\AppData\Local\Programs\Python\Python312\Lib\site-packages\aiogram\dispatcher\router.py", line 137, in _wrapped
    return await self._propagate_event(
           ^^^^^^^^^^^^^^^^^^^^^^^^^^^^
  File "C:\Users\User\AppData\Local\Programs\Python\Python312\Lib\site-packages\aiogram\dispatcher\router.py", line 170, in _propagate_event
    response = await router.propagate_event(update_type=update_type, event=event, **kwargs)
               ^^^^^^^^^^^^^^^^^^^^^^^^^^^^^^^^^^^^^^^^^^^^^^^^^^^^^^^^^^^^^^^^^^^^^^^^^^^^
  File "C:\Users\User\AppData\Local\Programs\Python\Python312\Lib\site-packages\aiogram\dispatcher\router.py", line 142, in propagate_event
    return await observer.wrap_outer_middleware(_wrapped, event=event, data=kwargs)
           ^^^^^^^^^^^^^^^^^^^^^^^^^^^^^^^^^^^^^^^^^^^^^^^^^^^^^^^^^^^^^^^^^^^^^^^^
  File "C:\Users\User\AppData\Local\Programs\Python\Python312\Lib\site-packages\aiogram\dispatcher\router.py", line 137, in _wrapped
    return await self._propagate_event(
           ^^^^^^^^^^^^^^^^^^^^^^^^^^^^
  File "C:\Users\User\AppData\Local\Programs\Python\Python312\Lib\site-packages\aiogram\dispatcher\router.py", line 162, in _propagate_event
    response = await observer.trigger(event, **kwargs)
               ^^^^^^^^^^^^^^^^^^^^^^^^^^^^^^^^^^^^^^^
  File "C:\Users\User\AppData\Local\Programs\Python\Python312\Lib\site-packages\aiogram\dispatcher\event\telegram.py", line 121, in trigger
    return await wrapped_inner(event, kwargs)
           ^^^^^^^^^^^^^^^^^^^^^^^^^^^^^^^^^^
  File "C:\Users\User\AppData\Local\Programs\Python\Python312\Lib\site-packages\aiogram\dispatcher\event\handler.py", line 43, in call
    return await wrapped()
           ^^^^^^^^^^^^^^^
  File "C:\Users\User\eldosina\handlers\start.py", line 107, in support_handler
    await message.answer(
  File "C:\Users\User\AppData\Local\Programs\Python\Python312\Lib\site-packages\aiogram\methods\base.py", line 84, in emit
    return await bot(self)
           ^^^^^^^^^^^^^^^
  File "C:\Users\User\AppData\Local\Programs\Python\Python312\Lib\site-packages\aiogram\client\bot.py", line 488, in __call__
    return await self.session(self, method, timeout=request_timeout)
           ^^^^^^^^^^^^^^^^^^^^^^^^^^^^^^^^^^^^^^^^^^^^^^^^^^^^^^^^^
  File "C:\Users\User\AppData\Local\Programs\Python\Python312\Lib\site-packages\aiogram\client\session\base.py", line 254, in __call__
    return cast(TelegramType, await middleware(bot, method))
                              ^^^^^^^^^^^^^^^^^^^^^^^^^^^^^
  File "C:\Users\User\AppData\Local\Programs\Python\Python312\Lib\site-packages\aiogram\client\session\aiohttp.py", line 189, in make_request
    response = self.check_response(
               ^^^^^^^^^^^^^^^^^^^^
  File "C:\Users\User\AppData\Local\Programs\Python\Python312\Lib\site-packages\aiogram\client\session\base.py", line 120, in check_response
    raise TelegramBadRequest(method=method, message=description)
aiogram.exceptions.TelegramBadRequest: Telegram server says - Bad Request: can't parse entities: Can't find end of the entity starting at byte offset 267
2026-01-15 12:20:17,033 - aiogram.dispatcher - INFO - Polling stopped
2026-01-15 12:20:17,295 - aiogram.dispatcher - INFO - Polling stopped for bot @eldosinasell_bot id=8513744371 - 'Eldos seller'
2026-01-15 12:20:17,296 - __main__ - INFO - Бот остановлен
2026-01-15 12:22:51,897 - __main__ - INFO - Бот запущен!
2026-01-15 12:22:51,898 - aiogram.dispatcher - INFO - Start polling
2026-01-15 12:22:52,138 - aiogram.dispatcher - INFO - Run polling for bot @eldosinasell_bot id=8513744371 - 'Eldos seller'
2026-01-15 12:22:54,218 - aiogram.event - INFO - Update id=390037540 is handled. Duration 218 ms by bot id=8513744371
2026-01-15 12:22:57,306 - aiogram.event - INFO - Update id=390037541 is handled. Duration 93 ms by bot id=8513744371
2026-01-15 12:25:01,893 - aiogram.event - INFO - Update id=390037542 is handled. Duration 250 ms by bot id=8513744371
2026-01-15 12:32:36,701 - __main__ - INFO - Бот запущен!
2026-01-15 12:32:36,702 - aiogram.dispatcher - INFO - Start polling
2026-01-15 12:32:36,921 - aiogram.dispatcher - INFO - Run polling for bot @eldosinasell_bot id=8513744371 - 'Eldos seller'
2026-01-15 12:32:44,590 - aiogram.event - INFO - Update id=390037543 is handled. Duration 202 ms by bot id=8513744371
2026-01-15 12:37:48,242 - aiogram.dispatcher - INFO - Polling stopped
2026-01-15 12:37:48,496 - aiogram.dispatcher - INFO - Polling stopped for bot @eldosinasell_bot id=8513744371 - 'Eldos seller'
2026-01-15 12:37:48,501 - __main__ - INFO - Бот остановлен
2026-01-15 12:41:01,397 - __main__ - INFO - Бот запущен!
2026-01-15 12:41:01,397 - aiogram.dispatcher - INFO - Start polling
2026-01-15 12:41:01,671 - aiogram.dispatcher - INFO - Run polling for bot @eldosinasell_bot id=8513744371 - 'Eldos seller'
2026-01-15 12:41:05,831 - aiogram.event - INFO - Update id=390037544 is not handled. Duration 327 ms by bot id=8513744371
2026-01-15 12:41:05,831 - aiogram.event - ERROR - Cause exception while process update id=390037544 by bot id=8513744371
TelegramBadRequest: Telegram server says - Bad Request: can't parse entities: Can't find end of the entity starting at byte offset 267
Traceback (most recent call last):
  File "C:\Users\User\AppData\Local\Programs\Python\Python312\Lib\site-packages\aiogram\dispatcher\dispatcher.py", line 309, in _process_update
    response = await self.feed_update(bot, update, **kwargs)
               ^^^^^^^^^^^^^^^^^^^^^^^^^^^^^^^^^^^^^^^^^^^^^
  File "C:\Users\User\AppData\Local\Programs\Python\Python312\Lib\site-packages\aiogram\dispatcher\dispatcher.py", line 158, in feed_update
    response = await self.update.wrap_outer_middleware(
               ^^^^^^^^^^^^^^^^^^^^^^^^^^^^^^^^^^^^^^^^
  File "C:\Users\User\AppData\Local\Programs\Python\Python312\Lib\site-packages\aiogram\dispatcher\middlewares\error.py", line 25, in __call__
    return await handler(event, data)
           ^^^^^^^^^^^^^^^^^^^^^^^^^^
  File "C:\Users\User\AppData\Local\Programs\Python\Python312\Lib\site-packages\aiogram\dispatcher\middlewares\user_context.py", line 56, in __call__
    return await handler(event, data)
           ^^^^^^^^^^^^^^^^^^^^^^^^^^
  File "C:\Users\User\AppData\Local\Programs\Python\Python312\Lib\site-packages\aiogram\fsm\middleware.py", line 42, in __call__
    return await handler(event, data)
           ^^^^^^^^^^^^^^^^^^^^^^^^^^
  File "C:\Users\User\AppData\Local\Programs\Python\Python312\Lib\site-packages\aiogram\dispatcher\event\telegram.py", line 121, in trigger
    return await wrapped_inner(event, kwargs)
           ^^^^^^^^^^^^^^^^^^^^^^^^^^^^^^^^^^
  File "C:\Users\User\AppData\Local\Programs\Python\Python312\Lib\site-packages\aiogram\dispatcher\event\handler.py", line 43, in call
    return await wrapped()
           ^^^^^^^^^^^^^^^
  File "C:\Users\User\AppData\Local\Programs\Python\Python312\Lib\site-packages\aiogram\dispatcher\dispatcher.py", line 276, in _listen_update
    return await self.propagate_event(update_type=update_type, event=event, **kwargs)
           ^^^^^^^^^^^^^^^^^^^^^^^^^^^^^^^^^^^^^^^^^^^^^^^^^^^^^^^^^^^^^^^^^^^^^^^^^^
  File "C:\Users\User\AppData\Local\Programs\Python\Python312\Lib\site-packages\aiogram\dispatcher\router.py", line 142, in propagate_event
    return await observer.wrap_outer_middleware(_wrapped, event=event, data=kwargs)
           ^^^^^^^^^^^^^^^^^^^^^^^^^^^^^^^^^^^^^^^^^^^^^^^^^^^^^^^^^^^^^^^^^^^^^^^^
  File "C:\Users\User\AppData\Local\Programs\Python\Python312\Lib\site-packages\aiogram\dispatcher\router.py", line 137, in _wrapped
    return await self._propagate_event(
           ^^^^^^^^^^^^^^^^^^^^^^^^^^^^
  File "C:\Users\User\AppData\Local\Programs\Python\Python312\Lib\site-packages\aiogram\dispatcher\router.py", line 170, in _propagate_event
    response = await router.propagate_event(update_type=update_type, event=event, **kwargs)
               ^^^^^^^^^^^^^^^^^^^^^^^^^^^^^^^^^^^^^^^^^^^^^^^^^^^^^^^^^^^^^^^^^^^^^^^^^^^^
  File "C:\Users\User\AppData\Local\Programs\Python\Python312\Lib\site-packages\aiogram\dispatcher\router.py", line 142, in propagate_event
    return await observer.wrap_outer_middleware(_wrapped, event=event, data=kwargs)
           ^^^^^^^^^^^^^^^^^^^^^^^^^^^^^^^^^^^^^^^^^^^^^^^^^^^^^^^^^^^^^^^^^^^^^^^^
  File "C:\Users\User\AppData\Local\Programs\Python\Python312\Lib\site-packages\aiogram\dispatcher\router.py", line 137, in _wrapped
    return await self._propagate_event(
           ^^^^^^^^^^^^^^^^^^^^^^^^^^^^
  File "C:\Users\User\AppData\Local\Programs\Python\Python312\Lib\site-packages\aiogram\dispatcher\router.py", line 162, in _propagate_event
    response = await observer.trigger(event, **kwargs)
               ^^^^^^^^^^^^^^^^^^^^^^^^^^^^^^^^^^^^^^^
  File "C:\Users\User\AppData\Local\Programs\Python\Python312\Lib\site-packages\aiogram\dispatcher\event\telegram.py", line 121, in trigger
    return await wrapped_inner(event, kwargs)
           ^^^^^^^^^^^^^^^^^^^^^^^^^^^^^^^^^^
  File "C:\Users\User\AppData\Local\Programs\Python\Python312\Lib\site-packages\aiogram\dispatcher\event\handler.py", line 43, in call
    return await wrapped()
           ^^^^^^^^^^^^^^^
  File "C:\Users\User\eldosina\handlers\start.py", line 102, in support_handler
    await message.answer(
  File "C:\Users\User\AppData\Local\Programs\Python\Python312\Lib\site-packages\aiogram\methods\base.py", line 84, in emit
    return await bot(self)
           ^^^^^^^^^^^^^^^
  File "C:\Users\User\AppData\Local\Programs\Python\Python312\Lib\site-packages\aiogram\client\bot.py", line 488, in __call__
    return await self.session(self, method, timeout=request_timeout)
           ^^^^^^^^^^^^^^^^^^^^^^^^^^^^^^^^^^^^^^^^^^^^^^^^^^^^^^^^^
  File "C:\Users\User\AppData\Local\Programs\Python\Python312\Lib\site-packages\aiogram\client\session\base.py", line 254, in __call__
    return cast(TelegramType, await middleware(bot, method))
                              ^^^^^^^^^^^^^^^^^^^^^^^^^^^^^
  File "C:\Users\User\AppData\Local\Programs\Python\Python312\Lib\site-packages\aiogram\client\session\aiohttp.py", line 189, in make_request
    response = self.check_response(
               ^^^^^^^^^^^^^^^^^^^^
  File "C:\Users\User\AppData\Local\Programs\Python\Python312\Lib\site-packages\aiogram\client\session\base.py", line 120, in check_response
    raise TelegramBadRequest(method=method, message=description)
aiogram.exceptions.TelegramBadRequest: Telegram server says - Bad Request: can't parse entities: Can't find end of the entity starting at byte offset 267
2026-01-15 12:41:17,403 - aiogram.event - INFO - Update id=390037545 is handled. Duration 202 ms by bot id=8513744371
2026-01-15 12:41:20,123 - aiogram.event - INFO - Update id=390037546 is not handled. Duration 156 ms by bot id=8513744371
2026-01-15 12:41:20,123 - aiogram.event - ERROR - Cause exception while process update id=390037546 by bot id=8513744371
TelegramBadRequest: Telegram server says - Bad Request: can't parse entities: Can't find end of the entity starting at byte offset 267
Traceback (most recent call last):
  File "C:\Users\User\AppData\Local\Programs\Python\Python312\Lib\site-packages\aiogram\dispatcher\dispatcher.py", line 309, in _process_update
    response = await self.feed_update(bot, update, **kwargs)
               ^^^^^^^^^^^^^^^^^^^^^^^^^^^^^^^^^^^^^^^^^^^^^
  File "C:\Users\User\AppData\Local\Programs\Python\Python312\Lib\site-packages\aiogram\dispatcher\dispatcher.py", line 158, in feed_update
    response = await self.update.wrap_outer_middleware(
               ^^^^^^^^^^^^^^^^^^^^^^^^^^^^^^^^^^^^^^^^
  File "C:\Users\User\AppData\Local\Programs\Python\Python312\Lib\site-packages\aiogram\dispatcher\middlewares\error.py", line 25, in __call__
    return await handler(event, data)
           ^^^^^^^^^^^^^^^^^^^^^^^^^^
  File "C:\Users\User\AppData\Local\Programs\Python\Python312\Lib\site-packages\aiogram\dispatcher\middlewares\user_context.py", line 56, in __call__
    return await handler(event, data)
           ^^^^^^^^^^^^^^^^^^^^^^^^^^
  File "C:\Users\User\AppData\Local\Programs\Python\Python312\Lib\site-packages\aiogram\fsm\middleware.py", line 42, in __call__
    return await handler(event, data)
           ^^^^^^^^^^^^^^^^^^^^^^^^^^
  File "C:\Users\User\AppData\Local\Programs\Python\Python312\Lib\site-packages\aiogram\dispatcher\event\telegram.py", line 121, in trigger
    return await wrapped_inner(event, kwargs)
           ^^^^^^^^^^^^^^^^^^^^^^^^^^^^^^^^^^
  File "C:\Users\User\AppData\Local\Programs\Python\Python312\Lib\site-packages\aiogram\dispatcher\event\handler.py", line 43, in call
    return await wrapped()
           ^^^^^^^^^^^^^^^
  File "C:\Users\User\AppData\Local\Programs\Python\Python312\Lib\site-packages\aiogram\dispatcher\dispatcher.py", line 276, in _listen_update
    return await self.propagate_event(update_type=update_type, event=event, **kwargs)
           ^^^^^^^^^^^^^^^^^^^^^^^^^^^^^^^^^^^^^^^^^^^^^^^^^^^^^^^^^^^^^^^^^^^^^^^^^^
  File "C:\Users\User\AppData\Local\Programs\Python\Python312\Lib\site-packages\aiogram\dispatcher\router.py", line 142, in propagate_event
    return await observer.wrap_outer_middleware(_wrapped, event=event, data=kwargs)
           ^^^^^^^^^^^^^^^^^^^^^^^^^^^^^^^^^^^^^^^^^^^^^^^^^^^^^^^^^^^^^^^^^^^^^^^^
  File "C:\Users\User\AppData\Local\Programs\Python\Python312\Lib\site-packages\aiogram\dispatcher\router.py", line 137, in _wrapped
    return await self._propagate_event(
           ^^^^^^^^^^^^^^^^^^^^^^^^^^^^
  File "C:\Users\User\AppData\Local\Programs\Python\Python312\Lib\site-packages\aiogram\dispatcher\router.py", line 170, in _propagate_event
    response = await router.propagate_event(update_type=update_type, event=event, **kwargs)
               ^^^^^^^^^^^^^^^^^^^^^^^^^^^^^^^^^^^^^^^^^^^^^^^^^^^^^^^^^^^^^^^^^^^^^^^^^^^^
  File "C:\Users\User\AppData\Local\Programs\Python\Python312\Lib\site-packages\aiogram\dispatcher\router.py", line 142, in propagate_event
    return await observer.wrap_outer_middleware(_wrapped, event=event, data=kwargs)
           ^^^^^^^^^^^^^^^^^^^^^^^^^^^^^^^^^^^^^^^^^^^^^^^^^^^^^^^^^^^^^^^^^^^^^^^^
  File "C:\Users\User\AppData\Local\Programs\Python\Python312\Lib\site-packages\aiogram\dispatcher\router.py", line 137, in _wrapped
    return await self._propagate_event(
           ^^^^^^^^^^^^^^^^^^^^^^^^^^^^
  File "C:\Users\User\AppData\Local\Programs\Python\Python312\Lib\site-packages\aiogram\dispatcher\router.py", line 162, in _propagate_event
    response = await observer.trigger(event, **kwargs)
               ^^^^^^^^^^^^^^^^^^^^^^^^^^^^^^^^^^^^^^^
  File "C:\Users\User\AppData\Local\Programs\Python\Python312\Lib\site-packages\aiogram\dispatcher\event\telegram.py", line 121, in trigger
    return await wrapped_inner(event, kwargs)
           ^^^^^^^^^^^^^^^^^^^^^^^^^^^^^^^^^^
  File "C:\Users\User\AppData\Local\Programs\Python\Python312\Lib\site-packages\aiogram\dispatcher\event\handler.py", line 43, in call
    return await wrapped()
           ^^^^^^^^^^^^^^^
  File "C:\Users\User\eldosina\handlers\start.py", line 102, in support_handler
    await message.answer(
  File "C:\Users\User\AppData\Local\Programs\Python\Python312\Lib\site-packages\aiogram\methods\base.py", line 84, in emit
    return await bot(self)
           ^^^^^^^^^^^^^^^
  File "C:\Users\User\AppData\Local\Programs\Python\Python312\Lib\site-packages\aiogram\client\bot.py", line 488, in __call__
    return await self.session(self, method, timeout=request_timeout)
           ^^^^^^^^^^^^^^^^^^^^^^^^^^^^^^^^^^^^^^^^^^^^^^^^^^^^^^^^^
  File "C:\Users\User\AppData\Local\Programs\Python\Python312\Lib\site-packages\aiogram\client\session\base.py", line 254, in __call__
    return cast(TelegramType, await middleware(bot, method))
                              ^^^^^^^^^^^^^^^^^^^^^^^^^^^^^
  File "C:\Users\User\AppData\Local\Programs\Python\Python312\Lib\site-packages\aiogram\client\session\aiohttp.py", line 189, in make_request
    response = self.check_response(
               ^^^^^^^^^^^^^^^^^^^^
  File "C:\Users\User\AppData\Local\Programs\Python\Python312\Lib\site-packages\aiogram\client\session\base.py", line 120, in check_response
    raise TelegramBadRequest(method=method, message=description)
aiogram.exceptions.TelegramBadRequest: Telegram server says - Bad Request: can't parse entities: Can't find end of the entity starting at byte offset 267
2026-01-15 12:41:23,932 - aiogram.event - INFO - Update id=390037547 is handled. Duration 108 ms by bot id=8513744371
2026-01-15 12:44:58,480 - aiogram.event - INFO - Update id=390037548 is not handled. Duration 250 ms by bot id=8513744371
2026-01-15 12:44:58,482 - aiogram.event - ERROR - Cause exception while process update id=390037548 by bot id=8513744371
TelegramBadRequest: Telegram server says - Bad Request: can't parse entities: Can't find end of the entity starting at byte offset 267
Traceback (most recent call last):
  File "C:\Users\User\AppData\Local\Programs\Python\Python312\Lib\site-packages\aiogram\dispatcher\dispatcher.py", line 309, in _process_update
    response = await self.feed_update(bot, update, **kwargs)
               ^^^^^^^^^^^^^^^^^^^^^^^^^^^^^^^^^^^^^^^^^^^^^
  File "C:\Users\User\AppData\Local\Programs\Python\Python312\Lib\site-packages\aiogram\dispatcher\dispatcher.py", line 158, in feed_update
    response = await self.update.wrap_outer_middleware(
               ^^^^^^^^^^^^^^^^^^^^^^^^^^^^^^^^^^^^^^^^
  File "C:\Users\User\AppData\Local\Programs\Python\Python312\Lib\site-packages\aiogram\dispatcher\middlewares\error.py", line 25, in __call__
    return await handler(event, data)
           ^^^^^^^^^^^^^^^^^^^^^^^^^^
  File "C:\Users\User\AppData\Local\Programs\Python\Python312\Lib\site-packages\aiogram\dispatcher\middlewares\user_context.py", line 56, in __call__
    return await handler(event, data)
           ^^^^^^^^^^^^^^^^^^^^^^^^^^
  File "C:\Users\User\AppData\Local\Programs\Python\Python312\Lib\site-packages\aiogram\fsm\middleware.py", line 42, in __call__
    return await handler(event, data)
           ^^^^^^^^^^^^^^^^^^^^^^^^^^
  File "C:\Users\User\AppData\Local\Programs\Python\Python312\Lib\site-packages\aiogram\dispatcher\event\telegram.py", line 121, in trigger
    return await wrapped_inner(event, kwargs)
           ^^^^^^^^^^^^^^^^^^^^^^^^^^^^^^^^^^
  File "C:\Users\User\AppData\Local\Programs\Python\Python312\Lib\site-packages\aiogram\dispatcher\event\handler.py", line 43, in call
    return await wrapped()
           ^^^^^^^^^^^^^^^
  File "C:\Users\User\AppData\Local\Programs\Python\Python312\Lib\site-packages\aiogram\dispatcher\dispatcher.py", line 276, in _listen_update
    return await self.propagate_event(update_type=update_type, event=event, **kwargs)
           ^^^^^^^^^^^^^^^^^^^^^^^^^^^^^^^^^^^^^^^^^^^^^^^^^^^^^^^^^^^^^^^^^^^^^^^^^^
  File "C:\Users\User\AppData\Local\Programs\Python\Python312\Lib\site-packages\aiogram\dispatcher\router.py", line 142, in propagate_event
    return await observer.wrap_outer_middleware(_wrapped, event=event, data=kwargs)
           ^^^^^^^^^^^^^^^^^^^^^^^^^^^^^^^^^^^^^^^^^^^^^^^^^^^^^^^^^^^^^^^^^^^^^^^^
  File "C:\Users\User\AppData\Local\Programs\Python\Python312\Lib\site-packages\aiogram\dispatcher\router.py", line 137, in _wrapped
    return await self._propagate_event(
           ^^^^^^^^^^^^^^^^^^^^^^^^^^^^
  File "C:\Users\User\AppData\Local\Programs\Python\Python312\Lib\site-packages\aiogram\dispatcher\router.py", line 170, in _propagate_event
    response = await router.propagate_event(update_type=update_type, event=event, **kwargs)
               ^^^^^^^^^^^^^^^^^^^^^^^^^^^^^^^^^^^^^^^^^^^^^^^^^^^^^^^^^^^^^^^^^^^^^^^^^^^^
  File "C:\Users\User\AppData\Local\Programs\Python\Python312\Lib\site-packages\aiogram\dispatcher\router.py", line 142, in propagate_event
    return await observer.wrap_outer_middleware(_wrapped, event=event, data=kwargs)
           ^^^^^^^^^^^^^^^^^^^^^^^^^^^^^^^^^^^^^^^^^^^^^^^^^^^^^^^^^^^^^^^^^^^^^^^^
  File "C:\Users\User\AppData\Local\Programs\Python\Python312\Lib\site-packages\aiogram\dispatcher\router.py", line 137, in _wrapped
    return await self._propagate_event(
           ^^^^^^^^^^^^^^^^^^^^^^^^^^^^
  File "C:\Users\User\AppData\Local\Programs\Python\Python312\Lib\site-packages\aiogram\dispatcher\router.py", line 162, in _propagate_event
    response = await observer.trigger(event, **kwargs)
               ^^^^^^^^^^^^^^^^^^^^^^^^^^^^^^^^^^^^^^^
  File "C:\Users\User\AppData\Local\Programs\Python\Python312\Lib\site-packages\aiogram\dispatcher\event\telegram.py", line 121, in trigger
    return await wrapped_inner(event, kwargs)
           ^^^^^^^^^^^^^^^^^^^^^^^^^^^^^^^^^^
  File "C:\Users\User\AppData\Local\Programs\Python\Python312\Lib\site-packages\aiogram\dispatcher\event\handler.py", line 43, in call
    return await wrapped()
           ^^^^^^^^^^^^^^^
  File "C:\Users\User\eldosina\handlers\start.py", line 102, in support_handler
    await message.answer(
  File "C:\Users\User\AppData\Local\Programs\Python\Python312\Lib\site-packages\aiogram\methods\base.py", line 84, in emit
    return await bot(self)
           ^^^^^^^^^^^^^^^
  File "C:\Users\User\AppData\Local\Programs\Python\Python312\Lib\site-packages\aiogram\client\bot.py", line 488, in __call__
    return await self.session(self, method, timeout=request_timeout)
           ^^^^^^^^^^^^^^^^^^^^^^^^^^^^^^^^^^^^^^^^^^^^^^^^^^^^^^^^^
  File "C:\Users\User\AppData\Local\Programs\Python\Python312\Lib\site-packages\aiogram\client\session\base.py", line 254, in __call__
    return cast(TelegramType, await middleware(bot, method))
                              ^^^^^^^^^^^^^^^^^^^^^^^^^^^^^
  File "C:\Users\User\AppData\Local\Programs\Python\Python312\Lib\site-packages\aiogram\client\session\aiohttp.py", line 189, in make_request
    response = self.check_response(
               ^^^^^^^^^^^^^^^^^^^^
  File "C:\Users\User\AppData\Local\Programs\Python\Python312\Lib\site-packages\aiogram\client\session\base.py", line 120, in check_response
    raise TelegramBadRequest(method=method, message=description)
aiogram.exceptions.TelegramBadRequest: Telegram server says - Bad Request: can't parse entities: Can't find end of the entity starting at byte offset 267
2026-01-15 12:51:09,879 - aiogram.dispatcher - INFO - Polling stopped
2026-01-15 12:51:10,142 - aiogram.dispatcher - INFO - Polling stopped for bot @eldosinasell_bot id=8513744371 - 'Eldos seller'
2026-01-15 12:51:10,148 - __main__ - INFO - Бот остановлен
2026-01-15 12:51:25,572 - __main__ - INFO - Бот запущен!
2026-01-15 12:51:25,573 - aiogram.dispatcher - INFO - Start polling
2026-01-15 12:51:25,819 - aiogram.dispatcher - INFO - Run polling for bot @eldosinasell_bot id=8513744371 - 'Eldos seller'
2026-01-15 12:51:33,213 - aiogram.event - INFO - Update id=390037549 is not handled. Duration 202 ms by bot id=8513744371
2026-01-15 12:51:33,213 - aiogram.event - ERROR - Cause exception while process update id=390037549 by bot id=8513744371
TelegramBadRequest: Telegram server says - Bad Request: can't parse entities: Can't find end of the entity starting at byte offset 267
Traceback (most recent call last):
  File "C:\Users\User\AppData\Local\Programs\Python\Python312\Lib\site-packages\aiogram\dispatcher\dispatcher.py", line 309, in _process_update
    response = await self.feed_update(bot, update, **kwargs)
               ^^^^^^^^^^^^^^^^^^^^^^^^^^^^^^^^^^^^^^^^^^^^^
  File "C:\Users\User\AppData\Local\Programs\Python\Python312\Lib\site-packages\aiogram\dispatcher\dispatcher.py", line 158, in feed_update
    response = await self.update.wrap_outer_middleware(
               ^^^^^^^^^^^^^^^^^^^^^^^^^^^^^^^^^^^^^^^^
  File "C:\Users\User\AppData\Local\Programs\Python\Python312\Lib\site-packages\aiogram\dispatcher\middlewares\error.py", line 25, in __call__
    return await handler(event, data)
           ^^^^^^^^^^^^^^^^^^^^^^^^^^
  File "C:\Users\User\AppData\Local\Programs\Python\Python312\Lib\site-packages\aiogram\dispatcher\middlewares\user_context.py", line 56, in __call__
    return await handler(event, data)
           ^^^^^^^^^^^^^^^^^^^^^^^^^^
  File "C:\Users\User\AppData\Local\Programs\Python\Python312\Lib\site-packages\aiogram\fsm\middleware.py", line 42, in __call__
    return await handler(event, data)
           ^^^^^^^^^^^^^^^^^^^^^^^^^^
  File "C:\Users\User\AppData\Local\Programs\Python\Python312\Lib\site-packages\aiogram\dispatcher\event\telegram.py", line 121, in trigger
    return await wrapped_inner(event, kwargs)
           ^^^^^^^^^^^^^^^^^^^^^^^^^^^^^^^^^^
  File "C:\Users\User\AppData\Local\Programs\Python\Python312\Lib\site-packages\aiogram\dispatcher\event\handler.py", line 43, in call
    return await wrapped()
           ^^^^^^^^^^^^^^^
  File "C:\Users\User\AppData\Local\Programs\Python\Python312\Lib\site-packages\aiogram\dispatcher\dispatcher.py", line 276, in _listen_update
    return await self.propagate_event(update_type=update_type, event=event, **kwargs)
           ^^^^^^^^^^^^^^^^^^^^^^^^^^^^^^^^^^^^^^^^^^^^^^^^^^^^^^^^^^^^^^^^^^^^^^^^^^
  File "C:\Users\User\AppData\Local\Programs\Python\Python312\Lib\site-packages\aiogram\dispatcher\router.py", line 142, in propagate_event
    return await observer.wrap_outer_middleware(_wrapped, event=event, data=kwargs)
           ^^^^^^^^^^^^^^^^^^^^^^^^^^^^^^^^^^^^^^^^^^^^^^^^^^^^^^^^^^^^^^^^^^^^^^^^
  File "C:\Users\User\AppData\Local\Programs\Python\Python312\Lib\site-packages\aiogram\dispatcher\router.py", line 137, in _wrapped
    return await self._propagate_event(
           ^^^^^^^^^^^^^^^^^^^^^^^^^^^^
  File "C:\Users\User\AppData\Local\Programs\Python\Python312\Lib\site-packages\aiogram\dispatcher\router.py", line 170, in _propagate_event
    response = await router.propagate_event(update_type=update_type, event=event, **kwargs)
               ^^^^^^^^^^^^^^^^^^^^^^^^^^^^^^^^^^^^^^^^^^^^^^^^^^^^^^^^^^^^^^^^^^^^^^^^^^^^
  File "C:\Users\User\AppData\Local\Programs\Python\Python312\Lib\site-packages\aiogram\dispatcher\router.py", line 142, in propagate_event
    return await observer.wrap_outer_middleware(_wrapped, event=event, data=kwargs)
           ^^^^^^^^^^^^^^^^^^^^^^^^^^^^^^^^^^^^^^^^^^^^^^^^^^^^^^^^^^^^^^^^^^^^^^^^
  File "C:\Users\User\AppData\Local\Programs\Python\Python312\Lib\site-packages\aiogram\dispatcher\router.py", line 137, in _wrapped
    return await self._propagate_event(
           ^^^^^^^^^^^^^^^^^^^^^^^^^^^^
  File "C:\Users\User\AppData\Local\Programs\Python\Python312\Lib\site-packages\aiogram\dispatcher\router.py", line 162, in _propagate_event
    response = await observer.trigger(event, **kwargs)
               ^^^^^^^^^^^^^^^^^^^^^^^^^^^^^^^^^^^^^^^
  File "C:\Users\User\AppData\Local\Programs\Python\Python312\Lib\site-packages\aiogram\dispatcher\event\telegram.py", line 121, in trigger
    return await wrapped_inner(event, kwargs)
           ^^^^^^^^^^^^^^^^^^^^^^^^^^^^^^^^^^
  File "C:\Users\User\AppData\Local\Programs\Python\Python312\Lib\site-packages\aiogram\dispatcher\event\handler.py", line 43, in call
    return await wrapped()
           ^^^^^^^^^^^^^^^
  File "C:\Users\User\eldosina\handlers\start.py", line 102, in support_handler
    await message.answer(
  File "C:\Users\User\AppData\Local\Programs\Python\Python312\Lib\site-packages\aiogram\methods\base.py", line 84, in emit
    return await bot(self)
           ^^^^^^^^^^^^^^^
  File "C:\Users\User\AppData\Local\Programs\Python\Python312\Lib\site-packages\aiogram\client\bot.py", line 488, in __call__
    return await self.session(self, method, timeout=request_timeout)
           ^^^^^^^^^^^^^^^^^^^^^^^^^^^^^^^^^^^^^^^^^^^^^^^^^^^^^^^^^
  File "C:\Users\User\AppData\Local\Programs\Python\Python312\Lib\site-packages\aiogram\client\session\base.py", line 254, in __call__
    return cast(TelegramType, await middleware(bot, method))
                              ^^^^^^^^^^^^^^^^^^^^^^^^^^^^^
  File "C:\Users\User\AppData\Local\Programs\Python\Python312\Lib\site-packages\aiogram\client\session\aiohttp.py", line 189, in make_request
    response = self.check_response(
               ^^^^^^^^^^^^^^^^^^^^
  File "C:\Users\User\AppData\Local\Programs\Python\Python312\Lib\site-packages\aiogram\client\session\base.py", line 120, in check_response
    raise TelegramBadRequest(method=method, message=description)
aiogram.exceptions.TelegramBadRequest: Telegram server says - Bad Request: can't parse entities: Can't find end of the entity starting at byte offset 267
2026-01-15 12:51:39,509 - aiogram.event - INFO - Update id=390037550 is not handled. Duration 62 ms by bot id=8513744371
2026-01-15 12:51:39,510 - aiogram.event - ERROR - Cause exception while process update id=390037550 by bot id=8513744371
TelegramBadRequest: Telegram server says - Bad Request: can't parse entities: Can't find end of the entity starting at byte offset 267
Traceback (most recent call last):
  File "C:\Users\User\AppData\Local\Programs\Python\Python312\Lib\site-packages\aiogram\dispatcher\dispatcher.py", line 309, in _process_update
    response = await self.feed_update(bot, update, **kwargs)
               ^^^^^^^^^^^^^^^^^^^^^^^^^^^^^^^^^^^^^^^^^^^^^
  File "C:\Users\User\AppData\Local\Programs\Python\Python312\Lib\site-packages\aiogram\dispatcher\dispatcher.py", line 158, in feed_update
    response = await self.update.wrap_outer_middleware(
               ^^^^^^^^^^^^^^^^^^^^^^^^^^^^^^^^^^^^^^^^
  File "C:\Users\User\AppData\Local\Programs\Python\Python312\Lib\site-packages\aiogram\dispatcher\middlewares\error.py", line 25, in __call__
    return await handler(event, data)
           ^^^^^^^^^^^^^^^^^^^^^^^^^^
  File "C:\Users\User\AppData\Local\Programs\Python\Python312\Lib\site-packages\aiogram\dispatcher\middlewares\user_context.py", line 56, in __call__
    return await handler(event, data)
           ^^^^^^^^^^^^^^^^^^^^^^^^^^
  File "C:\Users\User\AppData\Local\Programs\Python\Python312\Lib\site-packages\aiogram\fsm\middleware.py", line 42, in __call__
    return await handler(event, data)
           ^^^^^^^^^^^^^^^^^^^^^^^^^^
  File "C:\Users\User\AppData\Local\Programs\Python\Python312\Lib\site-packages\aiogram\dispatcher\event\telegram.py", line 121, in trigger
    return await wrapped_inner(event, kwargs)
           ^^^^^^^^^^^^^^^^^^^^^^^^^^^^^^^^^^
  File "C:\Users\User\AppData\Local\Programs\Python\Python312\Lib\site-packages\aiogram\dispatcher\event\handler.py", line 43, in call
    return await wrapped()
           ^^^^^^^^^^^^^^^
  File "C:\Users\User\AppData\Local\Programs\Python\Python312\Lib\site-packages\aiogram\dispatcher\dispatcher.py", line 276, in _listen_update
    return await self.propagate_event(update_type=update_type, event=event, **kwargs)
           ^^^^^^^^^^^^^^^^^^^^^^^^^^^^^^^^^^^^^^^^^^^^^^^^^^^^^^^^^^^^^^^^^^^^^^^^^^
  File "C:\Users\User\AppData\Local\Programs\Python\Python312\Lib\site-packages\aiogram\dispatcher\router.py", line 142, in propagate_event
    return await observer.wrap_outer_middleware(_wrapped, event=event, data=kwargs)
           ^^^^^^^^^^^^^^^^^^^^^^^^^^^^^^^^^^^^^^^^^^^^^^^^^^^^^^^^^^^^^^^^^^^^^^^^
  File "C:\Users\User\AppData\Local\Programs\Python\Python312\Lib\site-packages\aiogram\dispatcher\router.py", line 137, in _wrapped
    return await self._propagate_event(
           ^^^^^^^^^^^^^^^^^^^^^^^^^^^^
  File "C:\Users\User\AppData\Local\Programs\Python\Python312\Lib\site-packages\aiogram\dispatcher\router.py", line 170, in _propagate_event
    response = await router.propagate_event(update_type=update_type, event=event, **kwargs)
               ^^^^^^^^^^^^^^^^^^^^^^^^^^^^^^^^^^^^^^^^^^^^^^^^^^^^^^^^^^^^^^^^^^^^^^^^^^^^
  File "C:\Users\User\AppData\Local\Programs\Python\Python312\Lib\site-packages\aiogram\dispatcher\router.py", line 142, in propagate_event
    return await observer.wrap_outer_middleware(_wrapped, event=event, data=kwargs)
           ^^^^^^^^^^^^^^^^^^^^^^^^^^^^^^^^^^^^^^^^^^^^^^^^^^^^^^^^^^^^^^^^^^^^^^^^
  File "C:\Users\User\AppData\Local\Programs\Python\Python312\Lib\site-packages\aiogram\dispatcher\router.py", line 137, in _wrapped
    return await self._propagate_event(
           ^^^^^^^^^^^^^^^^^^^^^^^^^^^^
  File "C:\Users\User\AppData\Local\Programs\Python\Python312\Lib\site-packages\aiogram\dispatcher\router.py", line 162, in _propagate_event
    response = await observer.trigger(event, **kwargs)
               ^^^^^^^^^^^^^^^^^^^^^^^^^^^^^^^^^^^^^^^
  File "C:\Users\User\AppData\Local\Programs\Python\Python312\Lib\site-packages\aiogram\dispatcher\event\telegram.py", line 121, in trigger
    return await wrapped_inner(event, kwargs)
           ^^^^^^^^^^^^^^^^^^^^^^^^^^^^^^^^^^
  File "C:\Users\User\AppData\Local\Programs\Python\Python312\Lib\site-packages\aiogram\dispatcher\event\handler.py", line 43, in call
    return await wrapped()
           ^^^^^^^^^^^^^^^
  File "C:\Users\User\eldosina\handlers\start.py", line 102, in support_handler
    await message.answer(
  File "C:\Users\User\AppData\Local\Programs\Python\Python312\Lib\site-packages\aiogram\methods\base.py", line 84, in emit
    return await bot(self)
           ^^^^^^^^^^^^^^^
  File "C:\Users\User\AppData\Local\Programs\Python\Python312\Lib\site-packages\aiogram\client\bot.py", line 488, in __call__
    return await self.session(self, method, timeout=request_timeout)
           ^^^^^^^^^^^^^^^^^^^^^^^^^^^^^^^^^^^^^^^^^^^^^^^^^^^^^^^^^
  File "C:\Users\User\AppData\Local\Programs\Python\Python312\Lib\site-packages\aiogram\client\session\base.py", line 254, in __call__
    return cast(TelegramType, await middleware(bot, method))
                              ^^^^^^^^^^^^^^^^^^^^^^^^^^^^^
  File "C:\Users\User\AppData\Local\Programs\Python\Python312\Lib\site-packages\aiogram\client\session\aiohttp.py", line 189, in make_request
    response = self.check_response(
               ^^^^^^^^^^^^^^^^^^^^
  File "C:\Users\User\AppData\Local\Programs\Python\Python312\Lib\site-packages\aiogram\client\session\base.py", line 120, in check_response
    raise TelegramBadRequest(method=method, message=description)
aiogram.exceptions.TelegramBadRequest: Telegram server says - Bad Request: can't parse entities: Can't find end of the entity starting at byte offset 267
2026-01-15 12:52:49,540 - aiogram.event - INFO - Update id=390037551 is not handled. Duration 328 ms by bot id=8513744371
2026-01-15 12:52:49,540 - aiogram.event - ERROR - Cause exception while process update id=390037551 by bot id=8513744371
TelegramBadRequest: Telegram server says - Bad Request: can't parse entities: Can't find end of the entity starting at byte offset 267
Traceback (most recent call last):
  File "C:\Users\User\AppData\Local\Programs\Python\Python312\Lib\site-packages\aiogram\dispatcher\dispatcher.py", line 309, in _process_update
    response = await self.feed_update(bot, update, **kwargs)
               ^^^^^^^^^^^^^^^^^^^^^^^^^^^^^^^^^^^^^^^^^^^^^
  File "C:\Users\User\AppData\Local\Programs\Python\Python312\Lib\site-packages\aiogram\dispatcher\dispatcher.py", line 158, in feed_update
    response = await self.update.wrap_outer_middleware(
               ^^^^^^^^^^^^^^^^^^^^^^^^^^^^^^^^^^^^^^^^
  File "C:\Users\User\AppData\Local\Programs\Python\Python312\Lib\site-packages\aiogram\dispatcher\middlewares\error.py", line 25, in __call__
    return await handler(event, data)
           ^^^^^^^^^^^^^^^^^^^^^^^^^^
  File "C:\Users\User\AppData\Local\Programs\Python\Python312\Lib\site-packages\aiogram\dispatcher\middlewares\user_context.py", line 56, in __call__
    return await handler(event, data)
           ^^^^^^^^^^^^^^^^^^^^^^^^^^
  File "C:\Users\User\AppData\Local\Programs\Python\Python312\Lib\site-packages\aiogram\fsm\middleware.py", line 42, in __call__
    return await handler(event, data)
           ^^^^^^^^^^^^^^^^^^^^^^^^^^
  File "C:\Users\User\AppData\Local\Programs\Python\Python312\Lib\site-packages\aiogram\dispatcher\event\telegram.py", line 121, in trigger
    return await wrapped_inner(event, kwargs)
           ^^^^^^^^^^^^^^^^^^^^^^^^^^^^^^^^^^
  File "C:\Users\User\AppData\Local\Programs\Python\Python312\Lib\site-packages\aiogram\dispatcher\event\handler.py", line 43, in call
    return await wrapped()
           ^^^^^^^^^^^^^^^
  File "C:\Users\User\AppData\Local\Programs\Python\Python312\Lib\site-packages\aiogram\dispatcher\dispatcher.py", line 276, in _listen_update
    return await self.propagate_event(update_type=update_type, event=event, **kwargs)
           ^^^^^^^^^^^^^^^^^^^^^^^^^^^^^^^^^^^^^^^^^^^^^^^^^^^^^^^^^^^^^^^^^^^^^^^^^^
  File "C:\Users\User\AppData\Local\Programs\Python\Python312\Lib\site-packages\aiogram\dispatcher\router.py", line 142, in propagate_event
    return await observer.wrap_outer_middleware(_wrapped, event=event, data=kwargs)
           ^^^^^^^^^^^^^^^^^^^^^^^^^^^^^^^^^^^^^^^^^^^^^^^^^^^^^^^^^^^^^^^^^^^^^^^^
  File "C:\Users\User\AppData\Local\Programs\Python\Python312\Lib\site-packages\aiogram\dispatcher\router.py", line 137, in _wrapped
    return await self._propagate_event(
           ^^^^^^^^^^^^^^^^^^^^^^^^^^^^
  File "C:\Users\User\AppData\Local\Programs\Python\Python312\Lib\site-packages\aiogram\dispatcher\router.py", line 170, in _propagate_event
    response = await router.propagate_event(update_type=update_type, event=event, **kwargs)
               ^^^^^^^^^^^^^^^^^^^^^^^^^^^^^^^^^^^^^^^^^^^^^^^^^^^^^^^^^^^^^^^^^^^^^^^^^^^^
  File "C:\Users\User\AppData\Local\Programs\Python\Python312\Lib\site-packages\aiogram\dispatcher\router.py", line 142, in propagate_event
    return await observer.wrap_outer_middleware(_wrapped, event=event, data=kwargs)
           ^^^^^^^^^^^^^^^^^^^^^^^^^^^^^^^^^^^^^^^^^^^^^^^^^^^^^^^^^^^^^^^^^^^^^^^^
  File "C:\Users\User\AppData\Local\Programs\Python\Python312\Lib\site-packages\aiogram\dispatcher\router.py", line 137, in _wrapped
    return await self._propagate_event(
           ^^^^^^^^^^^^^^^^^^^^^^^^^^^^
  File "C:\Users\User\AppData\Local\Programs\Python\Python312\Lib\site-packages\aiogram\dispatcher\router.py", line 162, in _propagate_event
    response = await observer.trigger(event, **kwargs)
               ^^^^^^^^^^^^^^^^^^^^^^^^^^^^^^^^^^^^^^^
  File "C:\Users\User\AppData\Local\Programs\Python\Python312\Lib\site-packages\aiogram\dispatcher\event\telegram.py", line 121, in trigger
    return await wrapped_inner(event, kwargs)
           ^^^^^^^^^^^^^^^^^^^^^^^^^^^^^^^^^^
  File "C:\Users\User\AppData\Local\Programs\Python\Python312\Lib\site-packages\aiogram\dispatcher\event\handler.py", line 43, in call
    return await wrapped()
           ^^^^^^^^^^^^^^^
  File "C:\Users\User\eldosina\handlers\start.py", line 102, in support_handler
    <b>Здесь ты найдешь:</b>
        ^^^^^^^^^^^^^^^^^^^^
  File "C:\Users\User\AppData\Local\Programs\Python\Python312\Lib\site-packages\aiogram\methods\base.py", line 84, in emit
    return await bot(self)
           ^^^^^^^^^^^^^^^
  File "C:\Users\User\AppData\Local\Programs\Python\Python312\Lib\site-packages\aiogram\client\bot.py", line 488, in __call__
    return await self.session(self, method, timeout=request_timeout)
           ^^^^^^^^^^^^^^^^^^^^^^^^^^^^^^^^^^^^^^^^^^^^^^^^^^^^^^^^^
  File "C:\Users\User\AppData\Local\Programs\Python\Python312\Lib\site-packages\aiogram\client\session\base.py", line 254, in __call__
    return cast(TelegramType, await middleware(bot, method))
                              ^^^^^^^^^^^^^^^^^^^^^^^^^^^^^
  File "C:\Users\User\AppData\Local\Programs\Python\Python312\Lib\site-packages\aiogram\client\session\aiohttp.py", line 189, in make_request
    response = self.check_response(
               ^^^^^^^^^^^^^^^^^^^^
  File "C:\Users\User\AppData\Local\Programs\Python\Python312\Lib\site-packages\aiogram\client\session\base.py", line 120, in check_response
    raise TelegramBadRequest(method=method, message=description)
aiogram.exceptions.TelegramBadRequest: Telegram server says - Bad Request: can't parse entities: Can't find end of the entity starting at byte offset 267
2026-01-15 12:52:55,540 - aiogram.dispatcher - INFO - Polling stopped
2026-01-15 12:52:55,800 - aiogram.dispatcher - INFO - Polling stopped for bot @eldosinasell_bot id=8513744371 - 'Eldos seller'
2026-01-15 12:52:55,805 - __main__ - INFO - Бот остановлен
2026-01-15 12:53:16,473 - __main__ - INFO - Бот запущен!
2026-01-15 12:53:16,473 - aiogram.dispatcher - INFO - Start polling
2026-01-15 12:53:16,729 - aiogram.dispatcher - INFO - Run polling for bot @eldosinasell_bot id=8513744371 - 'Eldos seller'
2026-01-15 12:53:22,216 - aiogram.event - INFO - Update id=390037552 is handled. Duration 327 ms by bot id=8513744371
2026-01-15 12:53:55,817 - aiogram.dispatcher - INFO - Polling stopped
2026-01-15 12:53:56,076 - aiogram.dispatcher - INFO - Polling stopped for bot @eldosinasell_bot id=8513744371 - 'Eldos seller'
2026-01-15 12:53:56,080 - __main__ - INFO - Бот остановлен
2026-01-15 14:14:58,400 - __main__ - INFO - Бот запущен!
2026-01-15 14:14:58,401 - aiogram.dispatcher - INFO - Start polling
2026-01-15 14:14:58,639 - aiogram.dispatcher - INFO - Run polling for bot @eldosinasell_bot id=8513744371 - 'Brude Selller'
2026-01-15 14:15:10,675 - aiogram.event - INFO - Update id=390037553 is handled. Duration 202 ms by bot id=8513744371
2026-01-15 14:16:20,603 - aiogram.dispatcher - INFO - Polling stopped
2026-01-15 14:16:20,868 - aiogram.dispatcher - INFO - Polling stopped for bot @eldosinasell_bot id=8513744371 - 'Brude Selller'
2026-01-15 14:16:20,872 - __main__ - INFO - Бот остановлен
2026-01-15 14:17:54,785 - __main__ - INFO - Бот запущен!
2026-01-15 14:17:54,786 - aiogram.dispatcher - INFO - Start polling
2026-01-15 14:17:55,001 - aiogram.dispatcher - INFO - Run polling for bot @eldosinasell_bot id=8513744371 - 'Brude Selller'
2026-01-15 14:18:12,090 - aiogram.event - INFO - Update id=390037554 is handled. Duration 202 ms by bot id=8513744371
2026-01-15 14:20:47,198 - aiogram.dispatcher - INFO - Polling stopped
2026-01-15 14:20:47,457 - aiogram.dispatcher - INFO - Polling stopped for bot @eldosinasell_bot id=8513744371 - 'Brude Selller'
2026-01-15 14:20:47,462 - __main__ - INFO - Бот остановлен
2026-01-15 14:22:24,576 - __main__ - INFO - Бот запущен!
2026-01-15 14:22:24,576 - aiogram.dispatcher - INFO - Start polling
2026-01-15 14:22:24,818 - aiogram.dispatcher - INFO - Run polling for bot @eldosinasell_bot id=8513744371 - 'Brude Selller'
2026-01-15 14:22:33,888 - aiogram.event - INFO - Update id=390037555 is handled. Duration 203 ms by bot id=8513744371
2026-01-15 14:22:46,768 - aiogram.dispatcher - INFO - Polling stopped
2026-01-15 14:22:46,893 - aiogram.dispatcher - INFO - Polling stopped for bot @eldosinasell_bot id=8513744371 - 'Brude Selller'
2026-01-15 14:22:46,894 - __main__ - INFO - Бот остановлен
2026-01-15 14:23:11,945 - __main__ - INFO - Бот запущен!
2026-01-15 14:23:11,945 - aiogram.dispatcher - INFO - Start polling
2026-01-15 14:23:12,129 - aiogram.dispatcher - INFO - Run polling for bot @eldosinasell_bot id=8513744371 - 'Brude Selller'
2026-01-15 14:26:59,881 - __main__ - INFO - Используется BOT_TOKEN: 8077618081:AAHvfkJ8n... (из .env файла)
2026-01-15 14:27:00,058 - __main__ - INFO - Бот запущен!
2026-01-15 14:27:00,058 - aiogram.dispatcher - INFO - Start polling
2026-01-15 14:27:12,196 - aiogram.event - INFO - Update id=232984991 is handled. Duration 202 ms by bot id=8077618081
2026-01-15 14:27:34,003 - aiogram.event - INFO - Update id=232984992 is handled. Duration 203 ms by bot id=8077618081
2026-01-15 14:27:36,710 - aiogram.event - INFO - Update id=232984993 is handled. Duration 93 ms by bot id=8077618081
2026-01-15 14:27:41,994 - aiogram.event - INFO - Update id=232984994 is not handled. Duration 63 ms by bot id=8077618081
2026-01-15 14:27:41,994 - aiogram.event - ERROR - Cause exception while process update id=232984994 by bot id=8077618081
TelegramBadRequest: Telegram server says - Bad Request: can't parse entities: Can't find end of the entity starting at byte offset 1107
Traceback (most recent call last):
  File "C:\Users\User\AppData\Local\Programs\Python\Python312\Lib\site-packages\aiogram\dispatcher\dispatcher.py", line 309, in _process_update
    response = await self.feed_update(bot, update, **kwargs)
               ^^^^^^^^^^^^^^^^^^^^^^^^^^^^^^^^^^^^^^^^^^^^^
  File "C:\Users\User\AppData\Local\Programs\Python\Python312\Lib\site-packages\aiogram\dispatcher\dispatcher.py", line 158, in feed_update
    response = await self.update.wrap_outer_middleware(
               ^^^^^^^^^^^^^^^^^^^^^^^^^^^^^^^^^^^^^^^^
  File "C:\Users\User\AppData\Local\Programs\Python\Python312\Lib\site-packages\aiogram\dispatcher\middlewares\error.py", line 25, in __call__
    return await handler(event, data)
           ^^^^^^^^^^^^^^^^^^^^^^^^^^
  File "C:\Users\User\AppData\Local\Programs\Python\Python312\Lib\site-packages\aiogram\dispatcher\middlewares\user_context.py", line 56, in __call__
    return await handler(event, data)
           ^^^^^^^^^^^^^^^^^^^^^^^^^^
  File "C:\Users\User\AppData\Local\Programs\Python\Python312\Lib\site-packages\aiogram\fsm\middleware.py", line 42, in __call__
    return await handler(event, data)
           ^^^^^^^^^^^^^^^^^^^^^^^^^^
  File "C:\Users\User\AppData\Local\Programs\Python\Python312\Lib\site-packages\aiogram\dispatcher\event\telegram.py", line 121, in trigger
    return await wrapped_inner(event, kwargs)
           ^^^^^^^^^^^^^^^^^^^^^^^^^^^^^^^^^^
  File "C:\Users\User\AppData\Local\Programs\Python\Python312\Lib\site-packages\aiogram\dispatcher\event\handler.py", line 43, in call
    return await wrapped()
           ^^^^^^^^^^^^^^^
  File "C:\Users\User\AppData\Local\Programs\Python\Python312\Lib\site-packages\aiogram\dispatcher\dispatcher.py", line 276, in _listen_update
    return await self.propagate_event(update_type=update_type, event=event, **kwargs)
           ^^^^^^^^^^^^^^^^^^^^^^^^^^^^^^^^^^^^^^^^^^^^^^^^^^^^^^^^^^^^^^^^^^^^^^^^^^
  File "C:\Users\User\AppData\Local\Programs\Python\Python312\Lib\site-packages\aiogram\dispatcher\router.py", line 142, in propagate_event
    return await observer.wrap_outer_middleware(_wrapped, event=event, data=kwargs)
           ^^^^^^^^^^^^^^^^^^^^^^^^^^^^^^^^^^^^^^^^^^^^^^^^^^^^^^^^^^^^^^^^^^^^^^^^
  File "C:\Users\User\AppData\Local\Programs\Python\Python312\Lib\site-packages\aiogram\dispatcher\router.py", line 137, in _wrapped
    return await self._propagate_event(
           ^^^^^^^^^^^^^^^^^^^^^^^^^^^^
  File "C:\Users\User\AppData\Local\Programs\Python\Python312\Lib\site-packages\aiogram\dispatcher\router.py", line 170, in _propagate_event
    response = await router.propagate_event(update_type=update_type, event=event, **kwargs)
               ^^^^^^^^^^^^^^^^^^^^^^^^^^^^^^^^^^^^^^^^^^^^^^^^^^^^^^^^^^^^^^^^^^^^^^^^^^^^
  File "C:\Users\User\AppData\Local\Programs\Python\Python312\Lib\site-packages\aiogram\dispatcher\router.py", line 142, in propagate_event
    return await observer.wrap_outer_middleware(_wrapped, event=event, data=kwargs)
           ^^^^^^^^^^^^^^^^^^^^^^^^^^^^^^^^^^^^^^^^^^^^^^^^^^^^^^^^^^^^^^^^^^^^^^^^
  File "C:\Users\User\AppData\Local\Programs\Python\Python312\Lib\site-packages\aiogram\dispatcher\router.py", line 137, in _wrapped
    return await self._propagate_event(
           ^^^^^^^^^^^^^^^^^^^^^^^^^^^^
  File "C:\Users\User\AppData\Local\Programs\Python\Python312\Lib\site-packages\aiogram\dispatcher\router.py", line 162, in _propagate_event
    response = await observer.trigger(event, **kwargs)
               ^^^^^^^^^^^^^^^^^^^^^^^^^^^^^^^^^^^^^^^
  File "C:\Users\User\AppData\Local\Programs\Python\Python312\Lib\site-packages\aiogram\dispatcher\event\telegram.py", line 121, in trigger
    return await wrapped_inner(event, kwargs)
           ^^^^^^^^^^^^^^^^^^^^^^^^^^^^^^^^^^
  File "C:\Users\User\AppData\Local\Programs\Python\Python312\Lib\site-packages\aiogram\dispatcher\event\handler.py", line 43, in call
    return await wrapped()
           ^^^^^^^^^^^^^^^
  File "C:\Users\User\eldosina\handlers\start.py", line 169, in faq_handler
    await message.answer(faq_text, parse_mode="Markdown")
  File "C:\Users\User\AppData\Local\Programs\Python\Python312\Lib\site-packages\aiogram\methods\base.py", line 84, in emit
    return await bot(self)
           ^^^^^^^^^^^^^^^
  File "C:\Users\User\AppData\Local\Programs\Python\Python312\Lib\site-packages\aiogram\client\bot.py", line 488, in __call__
    return await self.session(self, method, timeout=request_timeout)
           ^^^^^^^^^^^^^^^^^^^^^^^^^^^^^^^^^^^^^^^^^^^^^^^^^^^^^^^^^
  File "C:\Users\User\AppData\Local\Programs\Python\Python312\Lib\site-packages\aiogram\client\session\base.py", line 254, in __call__
    return cast(TelegramType, await middleware(bot, method))
                              ^^^^^^^^^^^^^^^^^^^^^^^^^^^^^
  File "C:\Users\User\AppData\Local\Programs\Python\Python312\Lib\site-packages\aiogram\client\session\aiohttp.py", line 189, in make_request
    response = self.check_response(
               ^^^^^^^^^^^^^^^^^^^^
  File "C:\Users\User\AppData\Local\Programs\Python\Python312\Lib\site-packages\aiogram\client\session\base.py", line 120, in check_response
    raise TelegramBadRequest(method=method, message=description)
aiogram.exceptions.TelegramBadRequest: Telegram server says - Bad Request: can't parse entities: Can't find end of the entity starting at byte offset 1107
2026-01-15 14:27:46,346 - aiogram.event - INFO - Update id=232984995 is handled. Duration 125 ms by bot id=8077618081
2026-01-15 14:27:48,800 - aiogram.event - INFO - Update id=232984996 is handled. Duration 421 ms by bot id=8077618081
2026-01-15 14:27:50,554 - aiogram.event - INFO - Update id=232984997 is not handled. Duration 139 ms by bot id=8077618081
2026-01-15 14:27:50,555 - aiogram.event - ERROR - Cause exception while process update id=232984997 by bot id=8077618081
TelegramBadRequest: Telegram server says - Bad Request: can't parse entities: Can't find end of the entity starting at byte offset 761
Traceback (most recent call last):
  File "C:\Users\User\AppData\Local\Programs\Python\Python312\Lib\site-packages\aiogram\dispatcher\dispatcher.py", line 309, in _process_update
    response = await self.feed_update(bot, update, **kwargs)
               ^^^^^^^^^^^^^^^^^^^^^^^^^^^^^^^^^^^^^^^^^^^^^
  File "C:\Users\User\AppData\Local\Programs\Python\Python312\Lib\site-packages\aiogram\dispatcher\dispatcher.py", line 158, in feed_update
    response = await self.update.wrap_outer_middleware(
               ^^^^^^^^^^^^^^^^^^^^^^^^^^^^^^^^^^^^^^^^
  File "C:\Users\User\AppData\Local\Programs\Python\Python312\Lib\site-packages\aiogram\dispatcher\middlewares\error.py", line 25, in __call__
    return await handler(event, data)
           ^^^^^^^^^^^^^^^^^^^^^^^^^^
  File "C:\Users\User\AppData\Local\Programs\Python\Python312\Lib\site-packages\aiogram\dispatcher\middlewares\user_context.py", line 56, in __call__
    return await handler(event, data)
           ^^^^^^^^^^^^^^^^^^^^^^^^^^
  File "C:\Users\User\AppData\Local\Programs\Python\Python312\Lib\site-packages\aiogram\fsm\middleware.py", line 42, in __call__
    return await handler(event, data)
           ^^^^^^^^^^^^^^^^^^^^^^^^^^
  File "C:\Users\User\AppData\Local\Programs\Python\Python312\Lib\site-packages\aiogram\dispatcher\event\telegram.py", line 121, in trigger
    return await wrapped_inner(event, kwargs)
           ^^^^^^^^^^^^^^^^^^^^^^^^^^^^^^^^^^
  File "C:\Users\User\AppData\Local\Programs\Python\Python312\Lib\site-packages\aiogram\dispatcher\event\handler.py", line 43, in call
    return await wrapped()
           ^^^^^^^^^^^^^^^
  File "C:\Users\User\AppData\Local\Programs\Python\Python312\Lib\site-packages\aiogram\dispatcher\dispatcher.py", line 276, in _listen_update
    return await self.propagate_event(update_type=update_type, event=event, **kwargs)
           ^^^^^^^^^^^^^^^^^^^^^^^^^^^^^^^^^^^^^^^^^^^^^^^^^^^^^^^^^^^^^^^^^^^^^^^^^^
  File "C:\Users\User\AppData\Local\Programs\Python\Python312\Lib\site-packages\aiogram\dispatcher\router.py", line 142, in propagate_event
    return await observer.wrap_outer_middleware(_wrapped, event=event, data=kwargs)
           ^^^^^^^^^^^^^^^^^^^^^^^^^^^^^^^^^^^^^^^^^^^^^^^^^^^^^^^^^^^^^^^^^^^^^^^^
  File "C:\Users\User\AppData\Local\Programs\Python\Python312\Lib\site-packages\aiogram\dispatcher\router.py", line 137, in _wrapped
    return await self._propagate_event(
           ^^^^^^^^^^^^^^^^^^^^^^^^^^^^
  File "C:\Users\User\AppData\Local\Programs\Python\Python312\Lib\site-packages\aiogram\dispatcher\router.py", line 170, in _propagate_event
    response = await router.propagate_event(update_type=update_type, event=event, **kwargs)
               ^^^^^^^^^^^^^^^^^^^^^^^^^^^^^^^^^^^^^^^^^^^^^^^^^^^^^^^^^^^^^^^^^^^^^^^^^^^^
  File "C:\Users\User\AppData\Local\Programs\Python\Python312\Lib\site-packages\aiogram\dispatcher\router.py", line 142, in propagate_event
    return await observer.wrap_outer_middleware(_wrapped, event=event, data=kwargs)
           ^^^^^^^^^^^^^^^^^^^^^^^^^^^^^^^^^^^^^^^^^^^^^^^^^^^^^^^^^^^^^^^^^^^^^^^^
  File "C:\Users\User\AppData\Local\Programs\Python\Python312\Lib\site-packages\aiogram\dispatcher\router.py", line 137, in _wrapped
    return await self._propagate_event(
           ^^^^^^^^^^^^^^^^^^^^^^^^^^^^
  File "C:\Users\User\AppData\Local\Programs\Python\Python312\Lib\site-packages\aiogram\dispatcher\router.py", line 162, in _propagate_event
    response = await observer.trigger(event, **kwargs)
               ^^^^^^^^^^^^^^^^^^^^^^^^^^^^^^^^^^^^^^^
  File "C:\Users\User\AppData\Local\Programs\Python\Python312\Lib\site-packages\aiogram\dispatcher\event\telegram.py", line 121, in trigger
    return await wrapped_inner(event, kwargs)
           ^^^^^^^^^^^^^^^^^^^^^^^^^^^^^^^^^^
  File "C:\Users\User\AppData\Local\Programs\Python\Python312\Lib\site-packages\aiogram\dispatcher\event\handler.py", line 43, in call
    return await wrapped()
           ^^^^^^^^^^^^^^^
  File "C:\Users\User\eldosina\handlers\referral.py", line 82, in earn_money
    await message.answer(
  File "C:\Users\User\AppData\Local\Programs\Python\Python312\Lib\site-packages\aiogram\methods\base.py", line 84, in emit
    return await bot(self)
           ^^^^^^^^^^^^^^^
  File "C:\Users\User\AppData\Local\Programs\Python\Python312\Lib\site-packages\aiogram\client\bot.py", line 488, in __call__
    return await self.session(self, method, timeout=request_timeout)
           ^^^^^^^^^^^^^^^^^^^^^^^^^^^^^^^^^^^^^^^^^^^^^^^^^^^^^^^^^
  File "C:\Users\User\AppData\Local\Programs\Python\Python312\Lib\site-packages\aiogram\client\session\base.py", line 254, in __call__
    return cast(TelegramType, await middleware(bot, method))
                              ^^^^^^^^^^^^^^^^^^^^^^^^^^^^^
  File "C:\Users\User\AppData\Local\Programs\Python\Python312\Lib\site-packages\aiogram\client\session\aiohttp.py", line 189, in make_request
    response = self.check_response(
               ^^^^^^^^^^^^^^^^^^^^
  File "C:\Users\User\AppData\Local\Programs\Python\Python312\Lib\site-packages\aiogram\client\session\base.py", line 120, in check_response
    raise TelegramBadRequest(method=method, message=description)
aiogram.exceptions.TelegramBadRequest: Telegram server says - Bad Request: can't parse entities: Can't find end of the entity starting at byte offset 761
2026-01-15 14:28:39,791 - handlers.admin - INFO - Admin panel access attempt by user_id: 5324231382 (type: int)
2026-01-15 14:28:39,791 - handlers.admin - INFO - ADMIN_IDS from config: [5324231382]
2026-01-15 14:28:39,791 - handlers.admin - INFO - Access granted for user_id: 5324231382
2026-01-15 14:28:40,007 - aiogram.event - INFO - Update id=232984998 is handled. Duration 218 ms by bot id=8077618081
2026-01-15 14:30:21,695 - aiogram.event - INFO - Update id=232984999 is handled. Duration 219 ms by bot id=8077618081
2026-01-15 14:33:16,459 - aiogram.dispatcher - INFO - Polling stopped
2026-01-15 14:33:16,762 - __main__ - INFO - Бот остановлен
2026-01-15 14:33:54,031 - __main__ - INFO - Используется BOT_TOKEN: 8077618081:AAHvfkJ8n... (из .env файла)
2026-01-15 14:33:54,433 - __main__ - INFO - Меню команд настроено
2026-01-15 14:33:54,433 - __main__ - INFO - Бот запущен!
2026-01-15 14:33:54,434 - aiogram.dispatcher - INFO - Start polling
2026-01-15 14:34:02,905 - aiogram.event - INFO - Update id=232985000 is handled. Duration 235 ms by bot id=8077618081
2026-01-15 14:34:08,186 - aiogram.event - INFO - Update id=232985001 is handled. Duration 125 ms by bot id=8077618081
2026-01-15 14:34:09,809 - aiogram.event - INFO - Update id=232985002 is handled. Duration 108 ms by bot id=8077618081
2026-01-15 14:34:41,506 - aiogram.event - INFO - Update id=232985003 is handled. Duration 187 ms by bot id=8077618081
2026-01-15 14:35:02,923 - aiogram.event - INFO - Update id=232985004 is handled. Duration 358 ms by bot id=8077618081
2026-01-15 14:35:04,530 - aiogram.event - INFO - Update id=232985005 is handled. Duration 94 ms by bot id=8077618081
2026-01-15 14:35:09,876 - aiogram.event - INFO - Update id=232985006 is not handled. Duration 62 ms by bot id=8077618081
2026-01-15 14:35:09,877 - aiogram.event - ERROR - Cause exception while process update id=232985006 by bot id=8077618081
TelegramBadRequest: Telegram server says - Bad Request: can't parse entities: Can't find end of the entity starting at byte offset 761
Traceback (most recent call last):
  File "C:\Users\User\AppData\Local\Programs\Python\Python312\Lib\site-packages\aiogram\dispatcher\dispatcher.py", line 309, in _process_update
    response = await self.feed_update(bot, update, **kwargs)
               ^^^^^^^^^^^^^^^^^^^^^^^^^^^^^^^^^^^^^^^^^^^^^
  File "C:\Users\User\AppData\Local\Programs\Python\Python312\Lib\site-packages\aiogram\dispatcher\dispatcher.py", line 158, in feed_update
    response = await self.update.wrap_outer_middleware(
               ^^^^^^^^^^^^^^^^^^^^^^^^^^^^^^^^^^^^^^^^
  File "C:\Users\User\AppData\Local\Programs\Python\Python312\Lib\site-packages\aiogram\dispatcher\middlewares\error.py", line 25, in __call__
    return await handler(event, data)
           ^^^^^^^^^^^^^^^^^^^^^^^^^^
  File "C:\Users\User\AppData\Local\Programs\Python\Python312\Lib\site-packages\aiogram\dispatcher\middlewares\user_context.py", line 56, in __call__
    return await handler(event, data)
           ^^^^^^^^^^^^^^^^^^^^^^^^^^
  File "C:\Users\User\AppData\Local\Programs\Python\Python312\Lib\site-packages\aiogram\fsm\middleware.py", line 42, in __call__
    return await handler(event, data)
           ^^^^^^^^^^^^^^^^^^^^^^^^^^
  File "C:\Users\User\AppData\Local\Programs\Python\Python312\Lib\site-packages\aiogram\dispatcher\event\telegram.py", line 121, in trigger
    return await wrapped_inner(event, kwargs)
           ^^^^^^^^^^^^^^^^^^^^^^^^^^^^^^^^^^
  File "C:\Users\User\AppData\Local\Programs\Python\Python312\Lib\site-packages\aiogram\dispatcher\event\handler.py", line 43, in call
    return await wrapped()
           ^^^^^^^^^^^^^^^
  File "C:\Users\User\AppData\Local\Programs\Python\Python312\Lib\site-packages\aiogram\dispatcher\dispatcher.py", line 276, in _listen_update
    return await self.propagate_event(update_type=update_type, event=event, **kwargs)
           ^^^^^^^^^^^^^^^^^^^^^^^^^^^^^^^^^^^^^^^^^^^^^^^^^^^^^^^^^^^^^^^^^^^^^^^^^^
  File "C:\Users\User\AppData\Local\Programs\Python\Python312\Lib\site-packages\aiogram\dispatcher\router.py", line 142, in propagate_event
    return await observer.wrap_outer_middleware(_wrapped, event=event, data=kwargs)
           ^^^^^^^^^^^^^^^^^^^^^^^^^^^^^^^^^^^^^^^^^^^^^^^^^^^^^^^^^^^^^^^^^^^^^^^^
  File "C:\Users\User\AppData\Local\Programs\Python\Python312\Lib\site-packages\aiogram\dispatcher\router.py", line 137, in _wrapped
    return await self._propagate_event(
           ^^^^^^^^^^^^^^^^^^^^^^^^^^^^
  File "C:\Users\User\AppData\Local\Programs\Python\Python312\Lib\site-packages\aiogram\dispatcher\router.py", line 170, in _propagate_event
    response = await router.propagate_event(update_type=update_type, event=event, **kwargs)
               ^^^^^^^^^^^^^^^^^^^^^^^^^^^^^^^^^^^^^^^^^^^^^^^^^^^^^^^^^^^^^^^^^^^^^^^^^^^^
  File "C:\Users\User\AppData\Local\Programs\Python\Python312\Lib\site-packages\aiogram\dispatcher\router.py", line 142, in propagate_event
    return await observer.wrap_outer_middleware(_wrapped, event=event, data=kwargs)
           ^^^^^^^^^^^^^^^^^^^^^^^^^^^^^^^^^^^^^^^^^^^^^^^^^^^^^^^^^^^^^^^^^^^^^^^^
  File "C:\Users\User\AppData\Local\Programs\Python\Python312\Lib\site-packages\aiogram\dispatcher\router.py", line 137, in _wrapped
    return await self._propagate_event(
           ^^^^^^^^^^^^^^^^^^^^^^^^^^^^
  File "C:\Users\User\AppData\Local\Programs\Python\Python312\Lib\site-packages\aiogram\dispatcher\router.py", line 162, in _propagate_event
    response = await observer.trigger(event, **kwargs)
               ^^^^^^^^^^^^^^^^^^^^^^^^^^^^^^^^^^^^^^^
  File "C:\Users\User\AppData\Local\Programs\Python\Python312\Lib\site-packages\aiogram\dispatcher\event\telegram.py", line 121, in trigger
    return await wrapped_inner(event, kwargs)
           ^^^^^^^^^^^^^^^^^^^^^^^^^^^^^^^^^^
  File "C:\Users\User\AppData\Local\Programs\Python\Python312\Lib\site-packages\aiogram\dispatcher\event\handler.py", line 43, in call
    return await wrapped()
           ^^^^^^^^^^^^^^^
  File "C:\Users\User\eldosina\handlers\referral.py", line 82, in earn_money
    await message.answer(
  File "C:\Users\User\AppData\Local\Programs\Python\Python312\Lib\site-packages\aiogram\methods\base.py", line 84, in emit
    return await bot(self)
           ^^^^^^^^^^^^^^^
  File "C:\Users\User\AppData\Local\Programs\Python\Python312\Lib\site-packages\aiogram\client\bot.py", line 488, in __call__
    return await self.session(self, method, timeout=request_timeout)
           ^^^^^^^^^^^^^^^^^^^^^^^^^^^^^^^^^^^^^^^^^^^^^^^^^^^^^^^^^
  File "C:\Users\User\AppData\Local\Programs\Python\Python312\Lib\site-packages\aiogram\client\session\base.py", line 254, in __call__
    return cast(TelegramType, await middleware(bot, method))
                              ^^^^^^^^^^^^^^^^^^^^^^^^^^^^^
  File "C:\Users\User\AppData\Local\Programs\Python\Python312\Lib\site-packages\aiogram\client\session\aiohttp.py", line 189, in make_request
    response = self.check_response(
               ^^^^^^^^^^^^^^^^^^^^
  File "C:\Users\User\AppData\Local\Programs\Python\Python312\Lib\site-packages\aiogram\client\session\base.py", line 120, in check_response
    raise TelegramBadRequest(method=method, message=description)
aiogram.exceptions.TelegramBadRequest: Telegram server says - Bad Request: can't parse entities: Can't find end of the entity starting at byte offset 761
2026-01-15 14:35:18,293 - aiogram.event - INFO - Update id=232985007 is handled. Duration 156 ms by bot id=8077618081
2026-01-15 14:35:21,552 - aiogram.event - INFO - Update id=232985008 is handled. Duration 250 ms by bot id=8077618081
2026-01-15 14:36:34,620 - aiogram.dispatcher - INFO - Polling stopped
2026-01-15 14:36:34,896 - __main__ - INFO - Бот остановлен
2026-01-15 14:37:27,168 - __main__ - INFO - Используется BOT_TOKEN: 8077618081:AAHvfkJ8n... (из .env файла)
2026-01-15 14:37:27,560 - __main__ - INFO - Меню команд настроено
2026-01-15 14:37:27,560 - __main__ - INFO - Бот запущен!
2026-01-15 14:37:27,560 - aiogram.dispatcher - INFO - Start polling
2026-01-15 14:37:33,835 - aiogram.event - INFO - Update id=232985009 is handled. Duration 202 ms by bot id=8077618081
2026-01-15 14:37:35,131 - aiogram.event - INFO - Update id=232985010 is handled. Duration 109 ms by bot id=8077618081
2026-01-15 14:37:49,699 - aiogram.dispatcher - INFO - Polling stopped
2026-01-15 14:37:49,973 - __main__ - INFO - Бот остановлен
2026-01-15 14:37:58,093 - __main__ - INFO - Используется BOT_TOKEN: 8077618081:AAHvfkJ8n... (из .env файла)
2026-01-15 14:37:58,465 - __main__ - INFO - Меню команд настроено
2026-01-15 14:37:58,466 - __main__ - INFO - Бот запущен!
2026-01-15 14:37:58,466 - aiogram.dispatcher - INFO - Start polling
2026-01-15 14:38:01,756 - aiogram.event - INFO - Update id=232985011 is handled. Duration 218 ms by bot id=8077618081
2026-01-15 14:38:03,910 - aiogram.event - INFO - Update id=232985012 is handled. Duration 94 ms by bot id=8077618081
2026-01-15 14:38:06,495 - aiogram.event - INFO - Update id=232985013 is handled. Duration 156 ms by bot id=8077618081
2026-01-15 14:38:55,409 - aiogram.dispatcher - INFO - Polling stopped
2026-01-15 14:38:55,688 - __main__ - INFO - Бот остановлен
2026-01-15 14:40:28,901 - __main__ - INFO - Используется BOT_TOKEN: 8077618081:AAHvfkJ8n... (из .env файла)
2026-01-15 14:40:29,277 - __main__ - INFO - Меню команд настроено
2026-01-15 14:40:29,278 - __main__ - INFO - Бот запущен!
2026-01-15 14:40:29,278 - aiogram.dispatcher - INFO - Start polling
2026-01-15 14:40:32,976 - aiogram.event - INFO - Update id=232985014 is handled. Duration 202 ms by bot id=8077618081
2026-01-15 14:41:24,604 - aiogram.dispatcher - INFO - Polling stopped
2026-01-15 14:41:24,879 - __main__ - INFO - Бот остановлен
2026-01-15 14:41:53,896 - __main__ - INFO - Используется BOT_TOKEN: 8077618081:AAHvfkJ8n... (из .env файла)
2026-01-15 14:41:54,076 - __main__ - INFO - Бот запущен!
2026-01-15 14:41:54,076 - aiogram.dispatcher - INFO - Start polling
2026-01-15 14:41:57,071 - aiogram.event - INFO - Update id=232985015 is handled. Duration 297 ms by bot id=8077618081
2026-01-15 14:42:01,882 - aiogram.event - INFO - Update id=232985016 is handled. Duration 156 ms by bot id=8077618081
2026-01-15 14:42:05,333 - aiogram.event - INFO - Update id=232985017 is handled. Duration 140 ms by bot id=8077618081
2026-01-15 14:42:10,779 - aiogram.event - INFO - Update id=232985018 is handled. Duration 140 ms by bot id=8077618081
2026-01-15 14:42:12,986 - aiogram.event - INFO - Update id=232985019 is handled. Duration 109 ms by bot id=8077618081
2026-01-15 14:43:13,954 - aiogram.event - INFO - Update id=232985020 is handled. Duration 327 ms by bot id=8077618081
2026-01-15 14:43:41,103 - aiogram.event - INFO - Update id=232985021 is handled. Duration 202 ms by bot id=8077618081
2026-01-15 14:44:53,129 - aiogram.event - INFO - Update id=232985022 is handled. Duration 218 ms by bot id=8077618081
2026-01-15 14:44:55,541 - aiogram.event - INFO - Update id=232985023 is handled. Duration 94 ms by bot id=8077618081
2026-01-15 14:45:02,317 - aiogram.event - INFO - Update id=232985024 is handled. Duration 172 ms by bot id=8077618081
2026-01-15 14:45:07,852 - aiogram.event - INFO - Update id=232985025 is handled. Duration 108 ms by bot id=8077618081
2026-01-15 14:45:10,911 - aiogram.event - INFO - Update id=232985026 is handled. Duration 110 ms by bot id=8077618081
2026-01-15 14:45:20,458 - aiogram.event - INFO - Update id=232985027 is not handled. Duration 687 ms by bot id=8077618081
2026-01-15 14:45:20,459 - aiogram.event - ERROR - Cause exception while process update id=232985027 by bot id=8077618081
TelegramBadRequest: Telegram server says - Bad Request: can't parse entities: Can't find end of the entity starting at byte offset 1107
Traceback (most recent call last):
  File "C:\Users\User\AppData\Local\Programs\Python\Python312\Lib\site-packages\aiogram\dispatcher\dispatcher.py", line 309, in _process_update
    response = await self.feed_update(bot, update, **kwargs)
               ^^^^^^^^^^^^^^^^^^^^^^^^^^^^^^^^^^^^^^^^^^^^^
  File "C:\Users\User\AppData\Local\Programs\Python\Python312\Lib\site-packages\aiogram\dispatcher\dispatcher.py", line 158, in feed_update
    response = await self.update.wrap_outer_middleware(
               ^^^^^^^^^^^^^^^^^^^^^^^^^^^^^^^^^^^^^^^^
  File "C:\Users\User\AppData\Local\Programs\Python\Python312\Lib\site-packages\aiogram\dispatcher\middlewares\error.py", line 25, in __call__
    return await handler(event, data)
           ^^^^^^^^^^^^^^^^^^^^^^^^^^
  File "C:\Users\User\AppData\Local\Programs\Python\Python312\Lib\site-packages\aiogram\dispatcher\middlewares\user_context.py", line 56, in __call__
    return await handler(event, data)
           ^^^^^^^^^^^^^^^^^^^^^^^^^^
  File "C:\Users\User\AppData\Local\Programs\Python\Python312\Lib\site-packages\aiogram\fsm\middleware.py", line 42, in __call__
    return await handler(event, data)
           ^^^^^^^^^^^^^^^^^^^^^^^^^^
  File "C:\Users\User\AppData\Local\Programs\Python\Python312\Lib\site-packages\aiogram\dispatcher\event\telegram.py", line 121, in trigger
    return await wrapped_inner(event, kwargs)
           ^^^^^^^^^^^^^^^^^^^^^^^^^^^^^^^^^^
  File "C:\Users\User\AppData\Local\Programs\Python\Python312\Lib\site-packages\aiogram\dispatcher\event\handler.py", line 43, in call
    return await wrapped()
           ^^^^^^^^^^^^^^^
  File "C:\Users\User\AppData\Local\Programs\Python\Python312\Lib\site-packages\aiogram\dispatcher\dispatcher.py", line 276, in _listen_update
    return await self.propagate_event(update_type=update_type, event=event, **kwargs)
           ^^^^^^^^^^^^^^^^^^^^^^^^^^^^^^^^^^^^^^^^^^^^^^^^^^^^^^^^^^^^^^^^^^^^^^^^^^
  File "C:\Users\User\AppData\Local\Programs\Python\Python312\Lib\site-packages\aiogram\dispatcher\router.py", line 142, in propagate_event
    return await observer.wrap_outer_middleware(_wrapped, event=event, data=kwargs)
           ^^^^^^^^^^^^^^^^^^^^^^^^^^^^^^^^^^^^^^^^^^^^^^^^^^^^^^^^^^^^^^^^^^^^^^^^
  File "C:\Users\User\AppData\Local\Programs\Python\Python312\Lib\site-packages\aiogram\dispatcher\router.py", line 137, in _wrapped
    return await self._propagate_event(
           ^^^^^^^^^^^^^^^^^^^^^^^^^^^^
  File "C:\Users\User\AppData\Local\Programs\Python\Python312\Lib\site-packages\aiogram\dispatcher\router.py", line 170, in _propagate_event
    response = await router.propagate_event(update_type=update_type, event=event, **kwargs)
               ^^^^^^^^^^^^^^^^^^^^^^^^^^^^^^^^^^^^^^^^^^^^^^^^^^^^^^^^^^^^^^^^^^^^^^^^^^^^
  File "C:\Users\User\AppData\Local\Programs\Python\Python312\Lib\site-packages\aiogram\dispatcher\router.py", line 142, in propagate_event
    return await observer.wrap_outer_middleware(_wrapped, event=event, data=kwargs)
           ^^^^^^^^^^^^^^^^^^^^^^^^^^^^^^^^^^^^^^^^^^^^^^^^^^^^^^^^^^^^^^^^^^^^^^^^
  File "C:\Users\User\AppData\Local\Programs\Python\Python312\Lib\site-packages\aiogram\dispatcher\router.py", line 137, in _wrapped
    return await self._propagate_event(
           ^^^^^^^^^^^^^^^^^^^^^^^^^^^^
  File "C:\Users\User\AppData\Local\Programs\Python\Python312\Lib\site-packages\aiogram\dispatcher\router.py", line 162, in _propagate_event
    response = await observer.trigger(event, **kwargs)
               ^^^^^^^^^^^^^^^^^^^^^^^^^^^^^^^^^^^^^^^
  File "C:\Users\User\AppData\Local\Programs\Python\Python312\Lib\site-packages\aiogram\dispatcher\event\telegram.py", line 121, in trigger
    return await wrapped_inner(event, kwargs)
           ^^^^^^^^^^^^^^^^^^^^^^^^^^^^^^^^^^
  File "C:\Users\User\AppData\Local\Programs\Python\Python312\Lib\site-packages\aiogram\dispatcher\event\handler.py", line 43, in call
    return await wrapped()
           ^^^^^^^^^^^^^^^
  File "C:\Users\User\eldosina\handlers\start.py", line 173, in faq_handler
    await message.answer(faq_text, parse_mode="Markdown")
  File "C:\Users\User\AppData\Local\Programs\Python\Python312\Lib\site-packages\aiogram\methods\base.py", line 84, in emit
    return await bot(self)
           ^^^^^^^^^^^^^^^
  File "C:\Users\User\AppData\Local\Programs\Python\Python312\Lib\site-packages\aiogram\client\bot.py", line 488, in __call__
    return await self.session(self, method, timeout=request_timeout)
           ^^^^^^^^^^^^^^^^^^^^^^^^^^^^^^^^^^^^^^^^^^^^^^^^^^^^^^^^^
  File "C:\Users\User\AppData\Local\Programs\Python\Python312\Lib\site-packages\aiogram\client\session\base.py", line 254, in __call__
    return cast(TelegramType, await middleware(bot, method))
                              ^^^^^^^^^^^^^^^^^^^^^^^^^^^^^
  File "C:\Users\User\AppData\Local\Programs\Python\Python312\Lib\site-packages\aiogram\client\session\aiohttp.py", line 189, in make_request
    response = self.check_response(
               ^^^^^^^^^^^^^^^^^^^^
  File "C:\Users\User\AppData\Local\Programs\Python\Python312\Lib\site-packages\aiogram\client\session\base.py", line 120, in check_response
    raise TelegramBadRequest(method=method, message=description)
aiogram.exceptions.TelegramBadRequest: Telegram server says - Bad Request: can't parse entities: Can't find end of the entity starting at byte offset 1107
2026-01-15 14:45:24,170 - aiogram.event - INFO - Update id=232985028 is handled. Duration 313 ms by bot id=8077618081
2026-01-15 14:45:25,485 - aiogram.event - INFO - Update id=232985029 is handled. Duration 156 ms by bot id=8077618081
2026-01-15 14:45:26,681 - aiogram.event - INFO - Update id=232985030 is not handled. Duration 61 ms by bot id=8077618081
2026-01-15 14:45:26,681 - aiogram.event - ERROR - Cause exception while process update id=232985030 by bot id=8077618081
TelegramBadRequest: Telegram server says - Bad Request: can't parse entities: Can't find end of the entity starting at byte offset 1107
Traceback (most recent call last):
  File "C:\Users\User\AppData\Local\Programs\Python\Python312\Lib\site-packages\aiogram\dispatcher\dispatcher.py", line 309, in _process_update
    response = await self.feed_update(bot, update, **kwargs)
               ^^^^^^^^^^^^^^^^^^^^^^^^^^^^^^^^^^^^^^^^^^^^^
  File "C:\Users\User\AppData\Local\Programs\Python\Python312\Lib\site-packages\aiogram\dispatcher\dispatcher.py", line 158, in feed_update
    response = await self.update.wrap_outer_middleware(
               ^^^^^^^^^^^^^^^^^^^^^^^^^^^^^^^^^^^^^^^^
  File "C:\Users\User\AppData\Local\Programs\Python\Python312\Lib\site-packages\aiogram\dispatcher\middlewares\error.py", line 25, in __call__
    return await handler(event, data)
           ^^^^^^^^^^^^^^^^^^^^^^^^^^
  File "C:\Users\User\AppData\Local\Programs\Python\Python312\Lib\site-packages\aiogram\dispatcher\middlewares\user_context.py", line 56, in __call__
    return await handler(event, data)
           ^^^^^^^^^^^^^^^^^^^^^^^^^^
  File "C:\Users\User\AppData\Local\Programs\Python\Python312\Lib\site-packages\aiogram\fsm\middleware.py", line 42, in __call__
    return await handler(event, data)
           ^^^^^^^^^^^^^^^^^^^^^^^^^^
  File "C:\Users\User\AppData\Local\Programs\Python\Python312\Lib\site-packages\aiogram\dispatcher\event\telegram.py", line 121, in trigger
    return await wrapped_inner(event, kwargs)
           ^^^^^^^^^^^^^^^^^^^^^^^^^^^^^^^^^^
  File "C:\Users\User\AppData\Local\Programs\Python\Python312\Lib\site-packages\aiogram\dispatcher\event\handler.py", line 43, in call
    return await wrapped()
           ^^^^^^^^^^^^^^^
  File "C:\Users\User\AppData\Local\Programs\Python\Python312\Lib\site-packages\aiogram\dispatcher\dispatcher.py", line 276, in _listen_update
    return await self.propagate_event(update_type=update_type, event=event, **kwargs)
           ^^^^^^^^^^^^^^^^^^^^^^^^^^^^^^^^^^^^^^^^^^^^^^^^^^^^^^^^^^^^^^^^^^^^^^^^^^
  File "C:\Users\User\AppData\Local\Programs\Python\Python312\Lib\site-packages\aiogram\dispatcher\router.py", line 142, in propagate_event
    return await observer.wrap_outer_middleware(_wrapped, event=event, data=kwargs)
           ^^^^^^^^^^^^^^^^^^^^^^^^^^^^^^^^^^^^^^^^^^^^^^^^^^^^^^^^^^^^^^^^^^^^^^^^
  File "C:\Users\User\AppData\Local\Programs\Python\Python312\Lib\site-packages\aiogram\dispatcher\router.py", line 137, in _wrapped
    return await self._propagate_event(
           ^^^^^^^^^^^^^^^^^^^^^^^^^^^^
  File "C:\Users\User\AppData\Local\Programs\Python\Python312\Lib\site-packages\aiogram\dispatcher\router.py", line 170, in _propagate_event
    response = await router.propagate_event(update_type=update_type, event=event, **kwargs)
               ^^^^^^^^^^^^^^^^^^^^^^^^^^^^^^^^^^^^^^^^^^^^^^^^^^^^^^^^^^^^^^^^^^^^^^^^^^^^
  File "C:\Users\User\AppData\Local\Programs\Python\Python312\Lib\site-packages\aiogram\dispatcher\router.py", line 142, in propagate_event
    return await observer.wrap_outer_middleware(_wrapped, event=event, data=kwargs)
           ^^^^^^^^^^^^^^^^^^^^^^^^^^^^^^^^^^^^^^^^^^^^^^^^^^^^^^^^^^^^^^^^^^^^^^^^
  File "C:\Users\User\AppData\Local\Programs\Python\Python312\Lib\site-packages\aiogram\dispatcher\router.py", line 137, in _wrapped
    return await self._propagate_event(
           ^^^^^^^^^^^^^^^^^^^^^^^^^^^^
  File "C:\Users\User\AppData\Local\Programs\Python\Python312\Lib\site-packages\aiogram\dispatcher\router.py", line 162, in _propagate_event
    response = await observer.trigger(event, **kwargs)
               ^^^^^^^^^^^^^^^^^^^^^^^^^^^^^^^^^^^^^^^
  File "C:\Users\User\AppData\Local\Programs\Python\Python312\Lib\site-packages\aiogram\dispatcher\event\telegram.py", line 121, in trigger
    return await wrapped_inner(event, kwargs)
           ^^^^^^^^^^^^^^^^^^^^^^^^^^^^^^^^^^
  File "C:\Users\User\AppData\Local\Programs\Python\Python312\Lib\site-packages\aiogram\dispatcher\event\handler.py", line 43, in call
    return await wrapped()
           ^^^^^^^^^^^^^^^
  File "C:\Users\User\eldosina\handlers\start.py", line 173, in faq_handler
    await message.answer(faq_text, parse_mode="Markdown")
  File "C:\Users\User\AppData\Local\Programs\Python\Python312\Lib\site-packages\aiogram\methods\base.py", line 84, in emit
    return await bot(self)
           ^^^^^^^^^^^^^^^
  File "C:\Users\User\AppData\Local\Programs\Python\Python312\Lib\site-packages\aiogram\client\bot.py", line 488, in __call__
    return await self.session(self, method, timeout=request_timeout)
           ^^^^^^^^^^^^^^^^^^^^^^^^^^^^^^^^^^^^^^^^^^^^^^^^^^^^^^^^^
  File "C:\Users\User\AppData\Local\Programs\Python\Python312\Lib\site-packages\aiogram\client\session\base.py", line 254, in __call__
    return cast(TelegramType, await middleware(bot, method))
                              ^^^^^^^^^^^^^^^^^^^^^^^^^^^^^
  File "C:\Users\User\AppData\Local\Programs\Python\Python312\Lib\site-packages\aiogram\client\session\aiohttp.py", line 189, in make_request
    response = self.check_response(
               ^^^^^^^^^^^^^^^^^^^^
  File "C:\Users\User\AppData\Local\Programs\Python\Python312\Lib\site-packages\aiogram\client\session\base.py", line 120, in check_response
    raise TelegramBadRequest(method=method, message=description)
aiogram.exceptions.TelegramBadRequest: Telegram server says - Bad Request: can't parse entities: Can't find end of the entity starting at byte offset 1107
2026-01-15 14:45:27,925 - aiogram.event - INFO - Update id=232985031 is handled. Duration 125 ms by bot id=8077618081
2026-01-15 14:45:34,999 - aiogram.event - INFO - Update id=232985032 is handled. Duration 109 ms by bot id=8077618081
2026-01-15 14:45:38,100 - aiogram.event - INFO - Update id=232985033 is handled. Duration 172 ms by bot id=8077618081
2026-01-15 14:45:44,457 - aiogram.event - INFO - Update id=232985034 is handled. Duration 500 ms by bot id=8077618081
2026-01-15 14:45:50,510 - aiogram.event - INFO - Update id=232985035 is not handled. Duration 93 ms by bot id=8077618081
2026-01-15 14:45:50,511 - aiogram.event - ERROR - Cause exception while process update id=232985035 by bot id=8077618081
TelegramBadRequest: Telegram server says - Bad Request: can't parse entities: Can't find end of the entity starting at byte offset 327
Traceback (most recent call last):
  File "C:\Users\User\AppData\Local\Programs\Python\Python312\Lib\site-packages\aiogram\dispatcher\dispatcher.py", line 309, in _process_update
    response = await self.feed_update(bot, update, **kwargs)
               ^^^^^^^^^^^^^^^^^^^^^^^^^^^^^^^^^^^^^^^^^^^^^
  File "C:\Users\User\AppData\Local\Programs\Python\Python312\Lib\site-packages\aiogram\dispatcher\dispatcher.py", line 158, in feed_update
    response = await self.update.wrap_outer_middleware(
               ^^^^^^^^^^^^^^^^^^^^^^^^^^^^^^^^^^^^^^^^
  File "C:\Users\User\AppData\Local\Programs\Python\Python312\Lib\site-packages\aiogram\dispatcher\middlewares\error.py", line 25, in __call__
    return await handler(event, data)
           ^^^^^^^^^^^^^^^^^^^^^^^^^^
  File "C:\Users\User\AppData\Local\Programs\Python\Python312\Lib\site-packages\aiogram\dispatcher\middlewares\user_context.py", line 56, in __call__
    return await handler(event, data)
           ^^^^^^^^^^^^^^^^^^^^^^^^^^
  File "C:\Users\User\AppData\Local\Programs\Python\Python312\Lib\site-packages\aiogram\fsm\middleware.py", line 42, in __call__
    return await handler(event, data)
           ^^^^^^^^^^^^^^^^^^^^^^^^^^
  File "C:\Users\User\AppData\Local\Programs\Python\Python312\Lib\site-packages\aiogram\dispatcher\event\telegram.py", line 121, in trigger
    return await wrapped_inner(event, kwargs)
           ^^^^^^^^^^^^^^^^^^^^^^^^^^^^^^^^^^
  File "C:\Users\User\AppData\Local\Programs\Python\Python312\Lib\site-packages\aiogram\dispatcher\event\handler.py", line 43, in call
    return await wrapped()
           ^^^^^^^^^^^^^^^
  File "C:\Users\User\AppData\Local\Programs\Python\Python312\Lib\site-packages\aiogram\dispatcher\dispatcher.py", line 276, in _listen_update
    return await self.propagate_event(update_type=update_type, event=event, **kwargs)
           ^^^^^^^^^^^^^^^^^^^^^^^^^^^^^^^^^^^^^^^^^^^^^^^^^^^^^^^^^^^^^^^^^^^^^^^^^^
  File "C:\Users\User\AppData\Local\Programs\Python\Python312\Lib\site-packages\aiogram\dispatcher\router.py", line 142, in propagate_event
    return await observer.wrap_outer_middleware(_wrapped, event=event, data=kwargs)
           ^^^^^^^^^^^^^^^^^^^^^^^^^^^^^^^^^^^^^^^^^^^^^^^^^^^^^^^^^^^^^^^^^^^^^^^^
  File "C:\Users\User\AppData\Local\Programs\Python\Python312\Lib\site-packages\aiogram\dispatcher\router.py", line 137, in _wrapped
    return await self._propagate_event(
           ^^^^^^^^^^^^^^^^^^^^^^^^^^^^
  File "C:\Users\User\AppData\Local\Programs\Python\Python312\Lib\site-packages\aiogram\dispatcher\router.py", line 170, in _propagate_event
    response = await router.propagate_event(update_type=update_type, event=event, **kwargs)
               ^^^^^^^^^^^^^^^^^^^^^^^^^^^^^^^^^^^^^^^^^^^^^^^^^^^^^^^^^^^^^^^^^^^^^^^^^^^^
  File "C:\Users\User\AppData\Local\Programs\Python\Python312\Lib\site-packages\aiogram\dispatcher\router.py", line 142, in propagate_event
    return await observer.wrap_outer_middleware(_wrapped, event=event, data=kwargs)
           ^^^^^^^^^^^^^^^^^^^^^^^^^^^^^^^^^^^^^^^^^^^^^^^^^^^^^^^^^^^^^^^^^^^^^^^^
  File "C:\Users\User\AppData\Local\Programs\Python\Python312\Lib\site-packages\aiogram\dispatcher\router.py", line 137, in _wrapped
    return await self._propagate_event(
           ^^^^^^^^^^^^^^^^^^^^^^^^^^^^
  File "C:\Users\User\AppData\Local\Programs\Python\Python312\Lib\site-packages\aiogram\dispatcher\router.py", line 162, in _propagate_event
    response = await observer.trigger(event, **kwargs)
               ^^^^^^^^^^^^^^^^^^^^^^^^^^^^^^^^^^^^^^^
  File "C:\Users\User\AppData\Local\Programs\Python\Python312\Lib\site-packages\aiogram\dispatcher\event\telegram.py", line 121, in trigger
    return await wrapped_inner(event, kwargs)
           ^^^^^^^^^^^^^^^^^^^^^^^^^^^^^^^^^^
  File "C:\Users\User\AppData\Local\Programs\Python\Python312\Lib\site-packages\aiogram\dispatcher\event\handler.py", line 43, in call
    return await wrapped()
           ^^^^^^^^^^^^^^^
  File "C:\Users\User\eldosina\handlers\support.py", line 105, in process_ticket_message
    await message.answer(
  File "C:\Users\User\AppData\Local\Programs\Python\Python312\Lib\site-packages\aiogram\methods\base.py", line 84, in emit
    return await bot(self)
           ^^^^^^^^^^^^^^^
  File "C:\Users\User\AppData\Local\Programs\Python\Python312\Lib\site-packages\aiogram\client\bot.py", line 488, in __call__
    return await self.session(self, method, timeout=request_timeout)
           ^^^^^^^^^^^^^^^^^^^^^^^^^^^^^^^^^^^^^^^^^^^^^^^^^^^^^^^^^
  File "C:\Users\User\AppData\Local\Programs\Python\Python312\Lib\site-packages\aiogram\client\session\base.py", line 254, in __call__
    return cast(TelegramType, await middleware(bot, method))
                              ^^^^^^^^^^^^^^^^^^^^^^^^^^^^^
  File "C:\Users\User\AppData\Local\Programs\Python\Python312\Lib\site-packages\aiogram\client\session\aiohttp.py", line 189, in make_request
    response = self.check_response(
               ^^^^^^^^^^^^^^^^^^^^
  File "C:\Users\User\AppData\Local\Programs\Python\Python312\Lib\site-packages\aiogram\client\session\base.py", line 120, in check_response
    raise TelegramBadRequest(method=method, message=description)
aiogram.exceptions.TelegramBadRequest: Telegram server says - Bad Request: can't parse entities: Can't find end of the entity starting at byte offset 327
2026-01-15 14:45:55,086 - aiogram.event - INFO - Update id=232985036 is not handled. Duration 93 ms by bot id=8077618081
2026-01-15 14:45:55,087 - aiogram.event - ERROR - Cause exception while process update id=232985036 by bot id=8077618081
TelegramBadRequest: Telegram server says - Bad Request: can't parse entities: Can't find end of the entity starting at byte offset 327
Traceback (most recent call last):
  File "C:\Users\User\AppData\Local\Programs\Python\Python312\Lib\site-packages\aiogram\dispatcher\dispatcher.py", line 309, in _process_update
    response = await self.feed_update(bot, update, **kwargs)
               ^^^^^^^^^^^^^^^^^^^^^^^^^^^^^^^^^^^^^^^^^^^^^
  File "C:\Users\User\AppData\Local\Programs\Python\Python312\Lib\site-packages\aiogram\dispatcher\dispatcher.py", line 158, in feed_update
    response = await self.update.wrap_outer_middleware(
               ^^^^^^^^^^^^^^^^^^^^^^^^^^^^^^^^^^^^^^^^
  File "C:\Users\User\AppData\Local\Programs\Python\Python312\Lib\site-packages\aiogram\dispatcher\middlewares\error.py", line 25, in __call__
    return await handler(event, data)
           ^^^^^^^^^^^^^^^^^^^^^^^^^^
  File "C:\Users\User\AppData\Local\Programs\Python\Python312\Lib\site-packages\aiogram\dispatcher\middlewares\user_context.py", line 56, in __call__
    return await handler(event, data)
           ^^^^^^^^^^^^^^^^^^^^^^^^^^
  File "C:\Users\User\AppData\Local\Programs\Python\Python312\Lib\site-packages\aiogram\fsm\middleware.py", line 42, in __call__
    return await handler(event, data)
           ^^^^^^^^^^^^^^^^^^^^^^^^^^
  File "C:\Users\User\AppData\Local\Programs\Python\Python312\Lib\site-packages\aiogram\dispatcher\event\telegram.py", line 121, in trigger
    return await wrapped_inner(event, kwargs)
           ^^^^^^^^^^^^^^^^^^^^^^^^^^^^^^^^^^
  File "C:\Users\User\AppData\Local\Programs\Python\Python312\Lib\site-packages\aiogram\dispatcher\event\handler.py", line 43, in call
    return await wrapped()
           ^^^^^^^^^^^^^^^
  File "C:\Users\User\AppData\Local\Programs\Python\Python312\Lib\site-packages\aiogram\dispatcher\dispatcher.py", line 276, in _listen_update
    return await self.propagate_event(update_type=update_type, event=event, **kwargs)
           ^^^^^^^^^^^^^^^^^^^^^^^^^^^^^^^^^^^^^^^^^^^^^^^^^^^^^^^^^^^^^^^^^^^^^^^^^^
  File "C:\Users\User\AppData\Local\Programs\Python\Python312\Lib\site-packages\aiogram\dispatcher\router.py", line 142, in propagate_event
    return await observer.wrap_outer_middleware(_wrapped, event=event, data=kwargs)
           ^^^^^^^^^^^^^^^^^^^^^^^^^^^^^^^^^^^^^^^^^^^^^^^^^^^^^^^^^^^^^^^^^^^^^^^^
  File "C:\Users\User\AppData\Local\Programs\Python\Python312\Lib\site-packages\aiogram\dispatcher\router.py", line 137, in _wrapped
    return await self._propagate_event(
           ^^^^^^^^^^^^^^^^^^^^^^^^^^^^
  File "C:\Users\User\AppData\Local\Programs\Python\Python312\Lib\site-packages\aiogram\dispatcher\router.py", line 170, in _propagate_event
    response = await router.propagate_event(update_type=update_type, event=event, **kwargs)
               ^^^^^^^^^^^^^^^^^^^^^^^^^^^^^^^^^^^^^^^^^^^^^^^^^^^^^^^^^^^^^^^^^^^^^^^^^^^^
  File "C:\Users\User\AppData\Local\Programs\Python\Python312\Lib\site-packages\aiogram\dispatcher\router.py", line 142, in propagate_event
    return await observer.wrap_outer_middleware(_wrapped, event=event, data=kwargs)
           ^^^^^^^^^^^^^^^^^^^^^^^^^^^^^^^^^^^^^^^^^^^^^^^^^^^^^^^^^^^^^^^^^^^^^^^^
  File "C:\Users\User\AppData\Local\Programs\Python\Python312\Lib\site-packages\aiogram\dispatcher\router.py", line 137, in _wrapped
    return await self._propagate_event(
           ^^^^^^^^^^^^^^^^^^^^^^^^^^^^
  File "C:\Users\User\AppData\Local\Programs\Python\Python312\Lib\site-packages\aiogram\dispatcher\router.py", line 162, in _propagate_event
    response = await observer.trigger(event, **kwargs)
               ^^^^^^^^^^^^^^^^^^^^^^^^^^^^^^^^^^^^^^^
  File "C:\Users\User\AppData\Local\Programs\Python\Python312\Lib\site-packages\aiogram\dispatcher\event\telegram.py", line 121, in trigger
    return await wrapped_inner(event, kwargs)
           ^^^^^^^^^^^^^^^^^^^^^^^^^^^^^^^^^^
  File "C:\Users\User\AppData\Local\Programs\Python\Python312\Lib\site-packages\aiogram\dispatcher\event\handler.py", line 43, in call
    return await wrapped()
           ^^^^^^^^^^^^^^^
  File "C:\Users\User\eldosina\handlers\support.py", line 105, in process_ticket_message
    await message.answer(
  File "C:\Users\User\AppData\Local\Programs\Python\Python312\Lib\site-packages\aiogram\methods\base.py", line 84, in emit
    return await bot(self)
           ^^^^^^^^^^^^^^^
  File "C:\Users\User\AppData\Local\Programs\Python\Python312\Lib\site-packages\aiogram\client\bot.py", line 488, in __call__
    return await self.session(self, method, timeout=request_timeout)
           ^^^^^^^^^^^^^^^^^^^^^^^^^^^^^^^^^^^^^^^^^^^^^^^^^^^^^^^^^
  File "C:\Users\User\AppData\Local\Programs\Python\Python312\Lib\site-packages\aiogram\client\session\base.py", line 254, in __call__
    return cast(TelegramType, await middleware(bot, method))
                              ^^^^^^^^^^^^^^^^^^^^^^^^^^^^^
  File "C:\Users\User\AppData\Local\Programs\Python\Python312\Lib\site-packages\aiogram\client\session\aiohttp.py", line 189, in make_request
    response = self.check_response(
               ^^^^^^^^^^^^^^^^^^^^
  File "C:\Users\User\AppData\Local\Programs\Python\Python312\Lib\site-packages\aiogram\client\session\base.py", line 120, in check_response
    raise TelegramBadRequest(method=method, message=description)
aiogram.exceptions.TelegramBadRequest: Telegram server says - Bad Request: can't parse entities: Can't find end of the entity starting at byte offset 327
2026-01-15 14:45:57,184 - aiogram.event - INFO - Update id=232985037 is handled. Duration 93 ms by bot id=8077618081
2026-01-15 14:46:10,917 - aiogram.event - INFO - Update id=232985038 is not handled. Duration 110 ms by bot id=8077618081
2026-01-15 14:46:10,917 - aiogram.event - ERROR - Cause exception while process update id=232985038 by bot id=8077618081
TelegramBadRequest: Telegram server says - Bad Request: can't parse entities: Can't find end of the entity starting at byte offset 327
Traceback (most recent call last):
  File "C:\Users\User\AppData\Local\Programs\Python\Python312\Lib\site-packages\aiogram\dispatcher\dispatcher.py", line 309, in _process_update
    response = await self.feed_update(bot, update, **kwargs)
               ^^^^^^^^^^^^^^^^^^^^^^^^^^^^^^^^^^^^^^^^^^^^^
  File "C:\Users\User\AppData\Local\Programs\Python\Python312\Lib\site-packages\aiogram\dispatcher\dispatcher.py", line 158, in feed_update
    response = await self.update.wrap_outer_middleware(
               ^^^^^^^^^^^^^^^^^^^^^^^^^^^^^^^^^^^^^^^^
  File "C:\Users\User\AppData\Local\Programs\Python\Python312\Lib\site-packages\aiogram\dispatcher\middlewares\error.py", line 25, in __call__
    return await handler(event, data)
           ^^^^^^^^^^^^^^^^^^^^^^^^^^
  File "C:\Users\User\AppData\Local\Programs\Python\Python312\Lib\site-packages\aiogram\dispatcher\middlewares\user_context.py", line 56, in __call__
    return await handler(event, data)
           ^^^^^^^^^^^^^^^^^^^^^^^^^^
  File "C:\Users\User\AppData\Local\Programs\Python\Python312\Lib\site-packages\aiogram\fsm\middleware.py", line 42, in __call__
    return await handler(event, data)
           ^^^^^^^^^^^^^^^^^^^^^^^^^^
  File "C:\Users\User\AppData\Local\Programs\Python\Python312\Lib\site-packages\aiogram\dispatcher\event\telegram.py", line 121, in trigger
    return await wrapped_inner(event, kwargs)
           ^^^^^^^^^^^^^^^^^^^^^^^^^^^^^^^^^^
  File "C:\Users\User\AppData\Local\Programs\Python\Python312\Lib\site-packages\aiogram\dispatcher\event\handler.py", line 43, in call
    return await wrapped()
           ^^^^^^^^^^^^^^^
  File "C:\Users\User\AppData\Local\Programs\Python\Python312\Lib\site-packages\aiogram\dispatcher\dispatcher.py", line 276, in _listen_update
    return await self.propagate_event(update_type=update_type, event=event, **kwargs)
           ^^^^^^^^^^^^^^^^^^^^^^^^^^^^^^^^^^^^^^^^^^^^^^^^^^^^^^^^^^^^^^^^^^^^^^^^^^
  File "C:\Users\User\AppData\Local\Programs\Python\Python312\Lib\site-packages\aiogram\dispatcher\router.py", line 142, in propagate_event
    return await observer.wrap_outer_middleware(_wrapped, event=event, data=kwargs)
           ^^^^^^^^^^^^^^^^^^^^^^^^^^^^^^^^^^^^^^^^^^^^^^^^^^^^^^^^^^^^^^^^^^^^^^^^
  File "C:\Users\User\AppData\Local\Programs\Python\Python312\Lib\site-packages\aiogram\dispatcher\router.py", line 137, in _wrapped
    return await self._propagate_event(
           ^^^^^^^^^^^^^^^^^^^^^^^^^^^^
  File "C:\Users\User\AppData\Local\Programs\Python\Python312\Lib\site-packages\aiogram\dispatcher\router.py", line 170, in _propagate_event
    response = await router.propagate_event(update_type=update_type, event=event, **kwargs)
               ^^^^^^^^^^^^^^^^^^^^^^^^^^^^^^^^^^^^^^^^^^^^^^^^^^^^^^^^^^^^^^^^^^^^^^^^^^^^
  File "C:\Users\User\AppData\Local\Programs\Python\Python312\Lib\site-packages\aiogram\dispatcher\router.py", line 142, in propagate_event
    return await observer.wrap_outer_middleware(_wrapped, event=event, data=kwargs)
           ^^^^^^^^^^^^^^^^^^^^^^^^^^^^^^^^^^^^^^^^^^^^^^^^^^^^^^^^^^^^^^^^^^^^^^^^
  File "C:\Users\User\AppData\Local\Programs\Python\Python312\Lib\site-packages\aiogram\dispatcher\router.py", line 137, in _wrapped
    return await self._propagate_event(
           ^^^^^^^^^^^^^^^^^^^^^^^^^^^^
  File "C:\Users\User\AppData\Local\Programs\Python\Python312\Lib\site-packages\aiogram\dispatcher\router.py", line 162, in _propagate_event
    response = await observer.trigger(event, **kwargs)
               ^^^^^^^^^^^^^^^^^^^^^^^^^^^^^^^^^^^^^^^
  File "C:\Users\User\AppData\Local\Programs\Python\Python312\Lib\site-packages\aiogram\dispatcher\event\telegram.py", line 121, in trigger
    return await wrapped_inner(event, kwargs)
           ^^^^^^^^^^^^^^^^^^^^^^^^^^^^^^^^^^
  File "C:\Users\User\AppData\Local\Programs\Python\Python312\Lib\site-packages\aiogram\dispatcher\event\handler.py", line 43, in call
    return await wrapped()
           ^^^^^^^^^^^^^^^
  File "C:\Users\User\eldosina\handlers\support.py", line 105, in process_ticket_message
    await message.answer(
  File "C:\Users\User\AppData\Local\Programs\Python\Python312\Lib\site-packages\aiogram\methods\base.py", line 84, in emit
    return await bot(self)
           ^^^^^^^^^^^^^^^
  File "C:\Users\User\AppData\Local\Programs\Python\Python312\Lib\site-packages\aiogram\client\bot.py", line 488, in __call__
    return await self.session(self, method, timeout=request_timeout)
           ^^^^^^^^^^^^^^^^^^^^^^^^^^^^^^^^^^^^^^^^^^^^^^^^^^^^^^^^^
  File "C:\Users\User\AppData\Local\Programs\Python\Python312\Lib\site-packages\aiogram\client\session\base.py", line 254, in __call__
    return cast(TelegramType, await middleware(bot, method))
                              ^^^^^^^^^^^^^^^^^^^^^^^^^^^^^
  File "C:\Users\User\AppData\Local\Programs\Python\Python312\Lib\site-packages\aiogram\client\session\aiohttp.py", line 189, in make_request
    response = self.check_response(
               ^^^^^^^^^^^^^^^^^^^^
  File "C:\Users\User\AppData\Local\Programs\Python\Python312\Lib\site-packages\aiogram\client\session\base.py", line 120, in check_response
    raise TelegramBadRequest(method=method, message=description)
aiogram.exceptions.TelegramBadRequest: Telegram server says - Bad Request: can't parse entities: Can't find end of the entity starting at byte offset 327
2026-01-15 14:46:14,953 - aiogram.event - INFO - Update id=232985039 is not handled. Duration 93 ms by bot id=8077618081
2026-01-15 14:46:14,954 - aiogram.event - ERROR - Cause exception while process update id=232985039 by bot id=8077618081
TelegramBadRequest: Telegram server says - Bad Request: can't parse entities: Can't find end of the entity starting at byte offset 327
Traceback (most recent call last):
  File "C:\Users\User\AppData\Local\Programs\Python\Python312\Lib\site-packages\aiogram\dispatcher\dispatcher.py", line 309, in _process_update
    response = await self.feed_update(bot, update, **kwargs)
               ^^^^^^^^^^^^^^^^^^^^^^^^^^^^^^^^^^^^^^^^^^^^^
  File "C:\Users\User\AppData\Local\Programs\Python\Python312\Lib\site-packages\aiogram\dispatcher\dispatcher.py", line 158, in feed_update
    response = await self.update.wrap_outer_middleware(
               ^^^^^^^^^^^^^^^^^^^^^^^^^^^^^^^^^^^^^^^^
  File "C:\Users\User\AppData\Local\Programs\Python\Python312\Lib\site-packages\aiogram\dispatcher\middlewares\error.py", line 25, in __call__
    return await handler(event, data)
           ^^^^^^^^^^^^^^^^^^^^^^^^^^
  File "C:\Users\User\AppData\Local\Programs\Python\Python312\Lib\site-packages\aiogram\dispatcher\middlewares\user_context.py", line 56, in __call__
    return await handler(event, data)
           ^^^^^^^^^^^^^^^^^^^^^^^^^^
  File "C:\Users\User\AppData\Local\Programs\Python\Python312\Lib\site-packages\aiogram\fsm\middleware.py", line 42, in __call__
    return await handler(event, data)
           ^^^^^^^^^^^^^^^^^^^^^^^^^^
  File "C:\Users\User\AppData\Local\Programs\Python\Python312\Lib\site-packages\aiogram\dispatcher\event\telegram.py", line 121, in trigger
    return await wrapped_inner(event, kwargs)
           ^^^^^^^^^^^^^^^^^^^^^^^^^^^^^^^^^^
  File "C:\Users\User\AppData\Local\Programs\Python\Python312\Lib\site-packages\aiogram\dispatcher\event\handler.py", line 43, in call
    return await wrapped()
           ^^^^^^^^^^^^^^^
  File "C:\Users\User\AppData\Local\Programs\Python\Python312\Lib\site-packages\aiogram\dispatcher\dispatcher.py", line 276, in _listen_update
    return await self.propagate_event(update_type=update_type, event=event, **kwargs)
           ^^^^^^^^^^^^^^^^^^^^^^^^^^^^^^^^^^^^^^^^^^^^^^^^^^^^^^^^^^^^^^^^^^^^^^^^^^
  File "C:\Users\User\AppData\Local\Programs\Python\Python312\Lib\site-packages\aiogram\dispatcher\router.py", line 142, in propagate_event
    return await observer.wrap_outer_middleware(_wrapped, event=event, data=kwargs)
           ^^^^^^^^^^^^^^^^^^^^^^^^^^^^^^^^^^^^^^^^^^^^^^^^^^^^^^^^^^^^^^^^^^^^^^^^
  File "C:\Users\User\AppData\Local\Programs\Python\Python312\Lib\site-packages\aiogram\dispatcher\router.py", line 137, in _wrapped
    return await self._propagate_event(
           ^^^^^^^^^^^^^^^^^^^^^^^^^^^^
  File "C:\Users\User\AppData\Local\Programs\Python\Python312\Lib\site-packages\aiogram\dispatcher\router.py", line 170, in _propagate_event
    response = await router.propagate_event(update_type=update_type, event=event, **kwargs)
               ^^^^^^^^^^^^^^^^^^^^^^^^^^^^^^^^^^^^^^^^^^^^^^^^^^^^^^^^^^^^^^^^^^^^^^^^^^^^
  File "C:\Users\User\AppData\Local\Programs\Python\Python312\Lib\site-packages\aiogram\dispatcher\router.py", line 142, in propagate_event
    return await observer.wrap_outer_middleware(_wrapped, event=event, data=kwargs)
           ^^^^^^^^^^^^^^^^^^^^^^^^^^^^^^^^^^^^^^^^^^^^^^^^^^^^^^^^^^^^^^^^^^^^^^^^
  File "C:\Users\User\AppData\Local\Programs\Python\Python312\Lib\site-packages\aiogram\dispatcher\router.py", line 137, in _wrapped
    return await self._propagate_event(
           ^^^^^^^^^^^^^^^^^^^^^^^^^^^^
  File "C:\Users\User\AppData\Local\Programs\Python\Python312\Lib\site-packages\aiogram\dispatcher\router.py", line 162, in _propagate_event
    response = await observer.trigger(event, **kwargs)
               ^^^^^^^^^^^^^^^^^^^^^^^^^^^^^^^^^^^^^^^
  File "C:\Users\User\AppData\Local\Programs\Python\Python312\Lib\site-packages\aiogram\dispatcher\event\telegram.py", line 121, in trigger
    return await wrapped_inner(event, kwargs)
           ^^^^^^^^^^^^^^^^^^^^^^^^^^^^^^^^^^
  File "C:\Users\User\AppData\Local\Programs\Python\Python312\Lib\site-packages\aiogram\dispatcher\event\handler.py", line 43, in call
    return await wrapped()
           ^^^^^^^^^^^^^^^
  File "C:\Users\User\eldosina\handlers\support.py", line 105, in process_ticket_message
    await message.answer(
  File "C:\Users\User\AppData\Local\Programs\Python\Python312\Lib\site-packages\aiogram\methods\base.py", line 84, in emit
    return await bot(self)
           ^^^^^^^^^^^^^^^
  File "C:\Users\User\AppData\Local\Programs\Python\Python312\Lib\site-packages\aiogram\client\bot.py", line 488, in __call__
    return await self.session(self, method, timeout=request_timeout)
           ^^^^^^^^^^^^^^^^^^^^^^^^^^^^^^^^^^^^^^^^^^^^^^^^^^^^^^^^^
  File "C:\Users\User\AppData\Local\Programs\Python\Python312\Lib\site-packages\aiogram\client\session\base.py", line 254, in __call__
    return cast(TelegramType, await middleware(bot, method))
                              ^^^^^^^^^^^^^^^^^^^^^^^^^^^^^
  File "C:\Users\User\AppData\Local\Programs\Python\Python312\Lib\site-packages\aiogram\client\session\aiohttp.py", line 189, in make_request
    response = self.check_response(
               ^^^^^^^^^^^^^^^^^^^^
  File "C:\Users\User\AppData\Local\Programs\Python\Python312\Lib\site-packages\aiogram\client\session\base.py", line 120, in check_response
    raise TelegramBadRequest(method=method, message=description)
aiogram.exceptions.TelegramBadRequest: Telegram server says - Bad Request: can't parse entities: Can't find end of the entity starting at byte offset 327
2026-01-15 14:46:19,663 - aiogram.event - INFO - Update id=232985040 is not handled. Duration 94 ms by bot id=8077618081
2026-01-15 14:46:19,664 - aiogram.event - ERROR - Cause exception while process update id=232985040 by bot id=8077618081
TelegramBadRequest: Telegram server says - Bad Request: can't parse entities: Can't find end of the entity starting at byte offset 327
Traceback (most recent call last):
  File "C:\Users\User\AppData\Local\Programs\Python\Python312\Lib\site-packages\aiogram\dispatcher\dispatcher.py", line 309, in _process_update
    response = await self.feed_update(bot, update, **kwargs)
               ^^^^^^^^^^^^^^^^^^^^^^^^^^^^^^^^^^^^^^^^^^^^^
  File "C:\Users\User\AppData\Local\Programs\Python\Python312\Lib\site-packages\aiogram\dispatcher\dispatcher.py", line 158, in feed_update
    response = await self.update.wrap_outer_middleware(
               ^^^^^^^^^^^^^^^^^^^^^^^^^^^^^^^^^^^^^^^^
  File "C:\Users\User\AppData\Local\Programs\Python\Python312\Lib\site-packages\aiogram\dispatcher\middlewares\error.py", line 25, in __call__
    return await handler(event, data)
           ^^^^^^^^^^^^^^^^^^^^^^^^^^
  File "C:\Users\User\AppData\Local\Programs\Python\Python312\Lib\site-packages\aiogram\dispatcher\middlewares\user_context.py", line 56, in __call__
    return await handler(event, data)
           ^^^^^^^^^^^^^^^^^^^^^^^^^^
  File "C:\Users\User\AppData\Local\Programs\Python\Python312\Lib\site-packages\aiogram\fsm\middleware.py", line 42, in __call__
    return await handler(event, data)
           ^^^^^^^^^^^^^^^^^^^^^^^^^^
  File "C:\Users\User\AppData\Local\Programs\Python\Python312\Lib\site-packages\aiogram\dispatcher\event\telegram.py", line 121, in trigger
    return await wrapped_inner(event, kwargs)
           ^^^^^^^^^^^^^^^^^^^^^^^^^^^^^^^^^^
  File "C:\Users\User\AppData\Local\Programs\Python\Python312\Lib\site-packages\aiogram\dispatcher\event\handler.py", line 43, in call
    return await wrapped()
           ^^^^^^^^^^^^^^^
  File "C:\Users\User\AppData\Local\Programs\Python\Python312\Lib\site-packages\aiogram\dispatcher\dispatcher.py", line 276, in _listen_update
    return await self.propagate_event(update_type=update_type, event=event, **kwargs)
           ^^^^^^^^^^^^^^^^^^^^^^^^^^^^^^^^^^^^^^^^^^^^^^^^^^^^^^^^^^^^^^^^^^^^^^^^^^
  File "C:\Users\User\AppData\Local\Programs\Python\Python312\Lib\site-packages\aiogram\dispatcher\router.py", line 142, in propagate_event
    return await observer.wrap_outer_middleware(_wrapped, event=event, data=kwargs)
           ^^^^^^^^^^^^^^^^^^^^^^^^^^^^^^^^^^^^^^^^^^^^^^^^^^^^^^^^^^^^^^^^^^^^^^^^
  File "C:\Users\User\AppData\Local\Programs\Python\Python312\Lib\site-packages\aiogram\dispatcher\router.py", line 137, in _wrapped
    return await self._propagate_event(
           ^^^^^^^^^^^^^^^^^^^^^^^^^^^^
  File "C:\Users\User\AppData\Local\Programs\Python\Python312\Lib\site-packages\aiogram\dispatcher\router.py", line 170, in _propagate_event
    response = await router.propagate_event(update_type=update_type, event=event, **kwargs)
               ^^^^^^^^^^^^^^^^^^^^^^^^^^^^^^^^^^^^^^^^^^^^^^^^^^^^^^^^^^^^^^^^^^^^^^^^^^^^
  File "C:\Users\User\AppData\Local\Programs\Python\Python312\Lib\site-packages\aiogram\dispatcher\router.py", line 142, in propagate_event
    return await observer.wrap_outer_middleware(_wrapped, event=event, data=kwargs)
           ^^^^^^^^^^^^^^^^^^^^^^^^^^^^^^^^^^^^^^^^^^^^^^^^^^^^^^^^^^^^^^^^^^^^^^^^
  File "C:\Users\User\AppData\Local\Programs\Python\Python312\Lib\site-packages\aiogram\dispatcher\router.py", line 137, in _wrapped
    return await self._propagate_event(
           ^^^^^^^^^^^^^^^^^^^^^^^^^^^^
  File "C:\Users\User\AppData\Local\Programs\Python\Python312\Lib\site-packages\aiogram\dispatcher\router.py", line 162, in _propagate_event
    response = await observer.trigger(event, **kwargs)
               ^^^^^^^^^^^^^^^^^^^^^^^^^^^^^^^^^^^^^^^
  File "C:\Users\User\AppData\Local\Programs\Python\Python312\Lib\site-packages\aiogram\dispatcher\event\telegram.py", line 121, in trigger
    return await wrapped_inner(event, kwargs)
           ^^^^^^^^^^^^^^^^^^^^^^^^^^^^^^^^^^
  File "C:\Users\User\AppData\Local\Programs\Python\Python312\Lib\site-packages\aiogram\dispatcher\event\handler.py", line 43, in call
    return await wrapped()
           ^^^^^^^^^^^^^^^
  File "C:\Users\User\eldosina\handlers\support.py", line 105, in process_ticket_message
    await message.answer(
  File "C:\Users\User\AppData\Local\Programs\Python\Python312\Lib\site-packages\aiogram\methods\base.py", line 84, in emit
    return await bot(self)
           ^^^^^^^^^^^^^^^
  File "C:\Users\User\AppData\Local\Programs\Python\Python312\Lib\site-packages\aiogram\client\bot.py", line 488, in __call__
    return await self.session(self, method, timeout=request_timeout)
           ^^^^^^^^^^^^^^^^^^^^^^^^^^^^^^^^^^^^^^^^^^^^^^^^^^^^^^^^^
  File "C:\Users\User\AppData\Local\Programs\Python\Python312\Lib\site-packages\aiogram\client\session\base.py", line 254, in __call__
    return cast(TelegramType, await middleware(bot, method))
                              ^^^^^^^^^^^^^^^^^^^^^^^^^^^^^
  File "C:\Users\User\AppData\Local\Programs\Python\Python312\Lib\site-packages\aiogram\client\session\aiohttp.py", line 189, in make_request
    response = self.check_response(
               ^^^^^^^^^^^^^^^^^^^^
  File "C:\Users\User\AppData\Local\Programs\Python\Python312\Lib\site-packages\aiogram\client\session\base.py", line 120, in check_response
    raise TelegramBadRequest(method=method, message=description)
aiogram.exceptions.TelegramBadRequest: Telegram server says - Bad Request: can't parse entities: Can't find end of the entity starting at byte offset 327
2026-01-15 14:46:20,951 - aiogram.event - INFO - Update id=232985041 is not handled. Duration 62 ms by bot id=8077618081
2026-01-15 14:46:20,952 - aiogram.event - ERROR - Cause exception while process update id=232985041 by bot id=8077618081
TelegramBadRequest: Telegram server says - Bad Request: can't parse entities: Can't find end of the entity starting at byte offset 327
Traceback (most recent call last):
  File "C:\Users\User\AppData\Local\Programs\Python\Python312\Lib\site-packages\aiogram\dispatcher\dispatcher.py", line 309, in _process_update
    response = await self.feed_update(bot, update, **kwargs)
               ^^^^^^^^^^^^^^^^^^^^^^^^^^^^^^^^^^^^^^^^^^^^^
  File "C:\Users\User\AppData\Local\Programs\Python\Python312\Lib\site-packages\aiogram\dispatcher\dispatcher.py", line 158, in feed_update
    response = await self.update.wrap_outer_middleware(
               ^^^^^^^^^^^^^^^^^^^^^^^^^^^^^^^^^^^^^^^^
  File "C:\Users\User\AppData\Local\Programs\Python\Python312\Lib\site-packages\aiogram\dispatcher\middlewares\error.py", line 25, in __call__
    return await handler(event, data)
           ^^^^^^^^^^^^^^^^^^^^^^^^^^
  File "C:\Users\User\AppData\Local\Programs\Python\Python312\Lib\site-packages\aiogram\dispatcher\middlewares\user_context.py", line 56, in __call__
    return await handler(event, data)
           ^^^^^^^^^^^^^^^^^^^^^^^^^^
  File "C:\Users\User\AppData\Local\Programs\Python\Python312\Lib\site-packages\aiogram\fsm\middleware.py", line 42, in __call__
    return await handler(event, data)
           ^^^^^^^^^^^^^^^^^^^^^^^^^^
  File "C:\Users\User\AppData\Local\Programs\Python\Python312\Lib\site-packages\aiogram\dispatcher\event\telegram.py", line 121, in trigger
    return await wrapped_inner(event, kwargs)
           ^^^^^^^^^^^^^^^^^^^^^^^^^^^^^^^^^^
  File "C:\Users\User\AppData\Local\Programs\Python\Python312\Lib\site-packages\aiogram\dispatcher\event\handler.py", line 43, in call
    return await wrapped()
           ^^^^^^^^^^^^^^^
  File "C:\Users\User\AppData\Local\Programs\Python\Python312\Lib\site-packages\aiogram\dispatcher\dispatcher.py", line 276, in _listen_update
    return await self.propagate_event(update_type=update_type, event=event, **kwargs)
           ^^^^^^^^^^^^^^^^^^^^^^^^^^^^^^^^^^^^^^^^^^^^^^^^^^^^^^^^^^^^^^^^^^^^^^^^^^
  File "C:\Users\User\AppData\Local\Programs\Python\Python312\Lib\site-packages\aiogram\dispatcher\router.py", line 142, in propagate_event
    return await observer.wrap_outer_middleware(_wrapped, event=event, data=kwargs)
           ^^^^^^^^^^^^^^^^^^^^^^^^^^^^^^^^^^^^^^^^^^^^^^^^^^^^^^^^^^^^^^^^^^^^^^^^
  File "C:\Users\User\AppData\Local\Programs\Python\Python312\Lib\site-packages\aiogram\dispatcher\router.py", line 137, in _wrapped
    return await self._propagate_event(
           ^^^^^^^^^^^^^^^^^^^^^^^^^^^^
  File "C:\Users\User\AppData\Local\Programs\Python\Python312\Lib\site-packages\aiogram\dispatcher\router.py", line 170, in _propagate_event
    response = await router.propagate_event(update_type=update_type, event=event, **kwargs)
               ^^^^^^^^^^^^^^^^^^^^^^^^^^^^^^^^^^^^^^^^^^^^^^^^^^^^^^^^^^^^^^^^^^^^^^^^^^^^
  File "C:\Users\User\AppData\Local\Programs\Python\Python312\Lib\site-packages\aiogram\dispatcher\router.py", line 142, in propagate_event
    return await observer.wrap_outer_middleware(_wrapped, event=event, data=kwargs)
           ^^^^^^^^^^^^^^^^^^^^^^^^^^^^^^^^^^^^^^^^^^^^^^^^^^^^^^^^^^^^^^^^^^^^^^^^
  File "C:\Users\User\AppData\Local\Programs\Python\Python312\Lib\site-packages\aiogram\dispatcher\router.py", line 137, in _wrapped
    return await self._propagate_event(
           ^^^^^^^^^^^^^^^^^^^^^^^^^^^^
  File "C:\Users\User\AppData\Local\Programs\Python\Python312\Lib\site-packages\aiogram\dispatcher\router.py", line 162, in _propagate_event
    response = await observer.trigger(event, **kwargs)
               ^^^^^^^^^^^^^^^^^^^^^^^^^^^^^^^^^^^^^^^
  File "C:\Users\User\AppData\Local\Programs\Python\Python312\Lib\site-packages\aiogram\dispatcher\event\telegram.py", line 121, in trigger
    return await wrapped_inner(event, kwargs)
           ^^^^^^^^^^^^^^^^^^^^^^^^^^^^^^^^^^
  File "C:\Users\User\AppData\Local\Programs\Python\Python312\Lib\site-packages\aiogram\dispatcher\event\handler.py", line 43, in call
    return await wrapped()
           ^^^^^^^^^^^^^^^
  File "C:\Users\User\eldosina\handlers\support.py", line 105, in process_ticket_message
    await message.answer(
  File "C:\Users\User\AppData\Local\Programs\Python\Python312\Lib\site-packages\aiogram\methods\base.py", line 84, in emit
    return await bot(self)
           ^^^^^^^^^^^^^^^
  File "C:\Users\User\AppData\Local\Programs\Python\Python312\Lib\site-packages\aiogram\client\bot.py", line 488, in __call__
    return await self.session(self, method, timeout=request_timeout)
           ^^^^^^^^^^^^^^^^^^^^^^^^^^^^^^^^^^^^^^^^^^^^^^^^^^^^^^^^^
  File "C:\Users\User\AppData\Local\Programs\Python\Python312\Lib\site-packages\aiogram\client\session\base.py", line 254, in __call__
    return cast(TelegramType, await middleware(bot, method))
                              ^^^^^^^^^^^^^^^^^^^^^^^^^^^^^
  File "C:\Users\User\AppData\Local\Programs\Python\Python312\Lib\site-packages\aiogram\client\session\aiohttp.py", line 189, in make_request
    response = self.check_response(
               ^^^^^^^^^^^^^^^^^^^^
  File "C:\Users\User\AppData\Local\Programs\Python\Python312\Lib\site-packages\aiogram\client\session\base.py", line 120, in check_response
    raise TelegramBadRequest(method=method, message=description)
aiogram.exceptions.TelegramBadRequest: Telegram server says - Bad Request: can't parse entities: Can't find end of the entity starting at byte offset 327
2026-01-15 14:46:25,289 - aiogram.event - INFO - Update id=232985042 is not handled. Duration 156 ms by bot id=8077618081
2026-01-15 14:46:25,289 - aiogram.event - ERROR - Cause exception while process update id=232985042 by bot id=8077618081
TelegramBadRequest: Telegram server says - Bad Request: can't parse entities: Can't find end of the entity starting at byte offset 327
Traceback (most recent call last):
  File "C:\Users\User\AppData\Local\Programs\Python\Python312\Lib\site-packages\aiogram\dispatcher\dispatcher.py", line 309, in _process_update
    response = await self.feed_update(bot, update, **kwargs)
               ^^^^^^^^^^^^^^^^^^^^^^^^^^^^^^^^^^^^^^^^^^^^^
  File "C:\Users\User\AppData\Local\Programs\Python\Python312\Lib\site-packages\aiogram\dispatcher\dispatcher.py", line 158, in feed_update
    response = await self.update.wrap_outer_middleware(
               ^^^^^^^^^^^^^^^^^^^^^^^^^^^^^^^^^^^^^^^^
  File "C:\Users\User\AppData\Local\Programs\Python\Python312\Lib\site-packages\aiogram\dispatcher\middlewares\error.py", line 25, in __call__
    return await handler(event, data)
           ^^^^^^^^^^^^^^^^^^^^^^^^^^
  File "C:\Users\User\AppData\Local\Programs\Python\Python312\Lib\site-packages\aiogram\dispatcher\middlewares\user_context.py", line 56, in __call__
    return await handler(event, data)
           ^^^^^^^^^^^^^^^^^^^^^^^^^^
  File "C:\Users\User\AppData\Local\Programs\Python\Python312\Lib\site-packages\aiogram\fsm\middleware.py", line 42, in __call__
    return await handler(event, data)
           ^^^^^^^^^^^^^^^^^^^^^^^^^^
  File "C:\Users\User\AppData\Local\Programs\Python\Python312\Lib\site-packages\aiogram\dispatcher\event\telegram.py", line 121, in trigger
    return await wrapped_inner(event, kwargs)
           ^^^^^^^^^^^^^^^^^^^^^^^^^^^^^^^^^^
  File "C:\Users\User\AppData\Local\Programs\Python\Python312\Lib\site-packages\aiogram\dispatcher\event\handler.py", line 43, in call
    return await wrapped()
           ^^^^^^^^^^^^^^^
  File "C:\Users\User\AppData\Local\Programs\Python\Python312\Lib\site-packages\aiogram\dispatcher\dispatcher.py", line 276, in _listen_update
    return await self.propagate_event(update_type=update_type, event=event, **kwargs)
           ^^^^^^^^^^^^^^^^^^^^^^^^^^^^^^^^^^^^^^^^^^^^^^^^^^^^^^^^^^^^^^^^^^^^^^^^^^
  File "C:\Users\User\AppData\Local\Programs\Python\Python312\Lib\site-packages\aiogram\dispatcher\router.py", line 142, in propagate_event
    return await observer.wrap_outer_middleware(_wrapped, event=event, data=kwargs)
           ^^^^^^^^^^^^^^^^^^^^^^^^^^^^^^^^^^^^^^^^^^^^^^^^^^^^^^^^^^^^^^^^^^^^^^^^
  File "C:\Users\User\AppData\Local\Programs\Python\Python312\Lib\site-packages\aiogram\dispatcher\router.py", line 137, in _wrapped
    return await self._propagate_event(
           ^^^^^^^^^^^^^^^^^^^^^^^^^^^^
  File "C:\Users\User\AppData\Local\Programs\Python\Python312\Lib\site-packages\aiogram\dispatcher\router.py", line 170, in _propagate_event
    response = await router.propagate_event(update_type=update_type, event=event, **kwargs)
               ^^^^^^^^^^^^^^^^^^^^^^^^^^^^^^^^^^^^^^^^^^^^^^^^^^^^^^^^^^^^^^^^^^^^^^^^^^^^
  File "C:\Users\User\AppData\Local\Programs\Python\Python312\Lib\site-packages\aiogram\dispatcher\router.py", line 142, in propagate_event
    return await observer.wrap_outer_middleware(_wrapped, event=event, data=kwargs)
           ^^^^^^^^^^^^^^^^^^^^^^^^^^^^^^^^^^^^^^^^^^^^^^^^^^^^^^^^^^^^^^^^^^^^^^^^
  File "C:\Users\User\AppData\Local\Programs\Python\Python312\Lib\site-packages\aiogram\dispatcher\router.py", line 137, in _wrapped
    return await self._propagate_event(
           ^^^^^^^^^^^^^^^^^^^^^^^^^^^^
  File "C:\Users\User\AppData\Local\Programs\Python\Python312\Lib\site-packages\aiogram\dispatcher\router.py", line 162, in _propagate_event
    response = await observer.trigger(event, **kwargs)
               ^^^^^^^^^^^^^^^^^^^^^^^^^^^^^^^^^^^^^^^
  File "C:\Users\User\AppData\Local\Programs\Python\Python312\Lib\site-packages\aiogram\dispatcher\event\telegram.py", line 121, in trigger
    return await wrapped_inner(event, kwargs)
           ^^^^^^^^^^^^^^^^^^^^^^^^^^^^^^^^^^
  File "C:\Users\User\AppData\Local\Programs\Python\Python312\Lib\site-packages\aiogram\dispatcher\event\handler.py", line 43, in call
    return await wrapped()
           ^^^^^^^^^^^^^^^
  File "C:\Users\User\eldosina\handlers\support.py", line 105, in process_ticket_message
    await message.answer(
  File "C:\Users\User\AppData\Local\Programs\Python\Python312\Lib\site-packages\aiogram\methods\base.py", line 84, in emit
    return await bot(self)
           ^^^^^^^^^^^^^^^
  File "C:\Users\User\AppData\Local\Programs\Python\Python312\Lib\site-packages\aiogram\client\bot.py", line 488, in __call__
    return await self.session(self, method, timeout=request_timeout)
           ^^^^^^^^^^^^^^^^^^^^^^^^^^^^^^^^^^^^^^^^^^^^^^^^^^^^^^^^^
  File "C:\Users\User\AppData\Local\Programs\Python\Python312\Lib\site-packages\aiogram\client\session\base.py", line 254, in __call__
    return cast(TelegramType, await middleware(bot, method))
                              ^^^^^^^^^^^^^^^^^^^^^^^^^^^^^
  File "C:\Users\User\AppData\Local\Programs\Python\Python312\Lib\site-packages\aiogram\client\session\aiohttp.py", line 189, in make_request
    response = self.check_response(
               ^^^^^^^^^^^^^^^^^^^^
  File "C:\Users\User\AppData\Local\Programs\Python\Python312\Lib\site-packages\aiogram\client\session\base.py", line 120, in check_response
    raise TelegramBadRequest(method=method, message=description)
aiogram.exceptions.TelegramBadRequest: Telegram server says - Bad Request: can't parse entities: Can't find end of the entity starting at byte offset 327
2026-01-15 14:48:57,591 - __main__ - INFO - Используется BOT_TOKEN: 8077618081:AAHvfkJ8n... (из .env файла)
2026-01-15 14:48:57,774 - __main__ - INFO - Бот запущен!
2026-01-15 14:48:57,775 - aiogram.dispatcher - INFO - Start polling
2026-01-15 14:49:01,486 - aiogram.event - INFO - Update id=232985043 is handled. Duration 266 ms by bot id=8077618081
2026-01-15 14:49:02,591 - handlers.admin - INFO - Admin panel access attempt by user_id: 5324231382 (type: int)
2026-01-15 14:49:02,591 - handlers.admin - INFO - ADMIN_IDS from config: [5324231382]
2026-01-15 14:49:02,591 - handlers.admin - INFO - Access granted for user_id: 5324231382
2026-01-15 14:49:02,734 - aiogram.event - INFO - Update id=232985044 is handled. Duration 156 ms by bot id=8077618081
2026-01-15 14:49:09,025 - aiogram.event - INFO - Update id=232985045 is handled. Duration 125 ms by bot id=8077618081
2026-01-15 14:49:14,104 - handlers.admin - INFO - Admin panel access attempt by user_id: 5324231382 (type: int)
2026-01-15 14:49:14,104 - handlers.admin - INFO - ADMIN_IDS from config: [5324231382]
2026-01-15 14:49:14,104 - handlers.admin - INFO - Access granted for user_id: 5324231382
2026-01-15 14:49:14,188 - aiogram.event - INFO - Update id=232985046 is handled. Duration 94 ms by bot id=8077618081
2026-01-15 14:49:20,466 - aiogram.event - INFO - Update id=232985047 is handled. Duration 77 ms by bot id=8077618081
2026-01-15 14:49:30,838 - handlers.admin - INFO - Admin panel access attempt by user_id: 5324231382 (type: int)
2026-01-15 14:49:30,838 - handlers.admin - INFO - ADMIN_IDS from config: [5324231382]
2026-01-15 14:49:30,838 - handlers.admin - INFO - Access granted for user_id: 5324231382
2026-01-15 14:49:30,927 - aiogram.event - INFO - Update id=232985048 is handled. Duration 93 ms by bot id=8077618081
2026-01-15 14:57:05,584 - aiogram.event - INFO - Update id=232985049 is handled. Duration 281 ms by bot id=8077618081
2026-01-15 15:01:16,569 - aiogram.event - INFO - Update id=232985050 is handled. Duration 234 ms by bot id=8077618081
2026-01-15 15:01:31,250 - aiogram.dispatcher - INFO - Polling stopped
2026-01-15 15:01:31,552 - __main__ - INFO - Бот остановлен
2026-01-15 15:18:50,247 - __main__ - INFO - Используется BOT_TOKEN: 8077618081:AAHvfkJ8n... (из .env файла)
2026-01-15 15:18:50,431 - __main__ - INFO - Бот запущен!
2026-01-15 15:18:50,431 - aiogram.dispatcher - INFO - Start polling
2026-01-15 15:18:51,027 - aiogram.event - INFO - Update id=232985051 is handled. Duration 265 ms by bot id=8077618081
2026-01-15 15:18:57,783 - aiogram.event - INFO - Update id=232985052 is handled. Duration 219 ms by bot id=8077618081
2026-01-15 15:19:45,043 - aiogram.dispatcher - INFO - Polling stopped
2026-01-15 15:19:45,324 - __main__ - INFO - Бот остановлен
2026-01-15 15:20:47,081 - __main__ - INFO - Используется BOT_TOKEN: 8077618081:AAHvfkJ8n... (из .env файла)
2026-01-15 15:20:47,272 - __main__ - INFO - Бот запущен!
2026-01-15 15:20:47,272 - aiogram.dispatcher - INFO - Start polling
2026-01-15 15:21:49,010 - __main__ - INFO - Используется BOT_TOKEN: 8077618081:AAHvfkJ8n... (из .env файла)
2026-01-15 15:21:49,210 - __main__ - INFO - Бот запущен!
2026-01-15 15:21:49,210 - aiogram.dispatcher - INFO - Start polling
2026-01-15 15:21:49,459 - aiogram.dispatcher - ERROR - Failed to fetch updates - TelegramConflictError: Telegram server says - Conflict: terminated by other getUpdates request; make sure that only one bot instance is running
2026-01-15 15:21:49,459 - aiogram.dispatcher - WARNING - Sleep for 1.000000 seconds and try again... (tryings = 0, bot id = 8077618081)
2026-01-15 15:21:53,433 - aiogram.dispatcher - INFO - Connection established (tryings = 1, bot id = 8077618081)
2026-01-15 15:21:53,542 - aiogram.dispatcher - ERROR - Failed to fetch updates - TelegramConflictError: Telegram server says - Conflict: terminated by other getUpdates request; make sure that only one bot instance is running
2026-01-15 15:21:53,542 - aiogram.dispatcher - WARNING - Sleep for 1.000000 seconds and try again... (tryings = 0, bot id = 8077618081)
2026-01-15 15:21:53,725 - aiogram.event - INFO - Update id=232985053 is handled. Duration 297 ms by bot id=8077618081
2026-01-15 15:21:54,609 - aiogram.dispatcher - ERROR - Failed to fetch updates - TelegramConflictError: Telegram server says - Conflict: terminated by other getUpdates request; make sure that only one bot instance is running
2026-01-15 15:21:54,609 - aiogram.dispatcher - WARNING - Sleep for 1.000000 seconds and try again... (tryings = 0, bot id = 8077618081)
2026-01-15 15:21:58,814 - aiogram.dispatcher - ERROR - Failed to fetch updates - TelegramConflictError: Telegram server says - Conflict: terminated by other getUpdates request; make sure that only one bot instance is running
2026-01-15 15:21:58,814 - aiogram.dispatcher - WARNING - Sleep for 1.239820 seconds and try again... (tryings = 1, bot id = 8077618081)
2026-01-15 15:22:00,132 - aiogram.dispatcher - ERROR - Failed to fetch updates - TelegramConflictError: Telegram server says - Conflict: terminated by other getUpdates request; make sure that only one bot instance is running
2026-01-15 15:22:00,132 - aiogram.dispatcher - WARNING - Sleep for 1.320377 seconds and try again... (tryings = 1, bot id = 8077618081)
2026-01-15 15:22:01,453 - aiogram.dispatcher - INFO - Polling stopped
2026-01-15 15:22:01,729 - __main__ - INFO - Бот остановлен
2026-01-15 15:22:11,518 - aiogram.dispatcher - INFO - Connection established (tryings = 2, bot id = 8077618081)
2026-01-15 15:23:13,450 - __main__ - INFO - Используется BOT_TOKEN: 8077618081:AAHvfkJ8n... (из .env файла)
2026-01-15 15:23:13,638 - __main__ - INFO - Бот запущен!
2026-01-15 15:23:13,638 - aiogram.dispatcher - INFO - Start polling
2026-01-15 15:23:59,929 - __main__ - INFO - Используется BOT_TOKEN: 8077618081:AAHvfkJ8n... (из .env файла)
2026-01-15 15:24:00,119 - __main__ - INFO - Бот запущен!
2026-01-15 15:24:00,119 - aiogram.dispatcher - INFO - Start polling
2026-01-15 15:24:11,459 - aiogram.event - INFO - Update id=232985055 is handled. Duration 218 ms by bot id=8077618081
2026-01-15 15:24:14,035 - aiogram.event - INFO - Update id=232985056 is handled. Duration 141 ms by bot id=8077618081
2026-01-15 15:24:19,426 - aiogram.dispatcher - INFO - Polling stopped
2026-01-15 15:24:22,376 - aiogram.event - INFO - Update id=232985054 is not handled. Duration 19312 ms by bot id=8077618081
2026-01-15 15:24:22,376 - aiogram.event - ERROR - Cause exception while process update id=232985054 by bot id=8077618081
TelegramNetworkError: HTTP Client says - ClientConnectorError: Cannot connect to host api.telegram.org:443 ssl:default [Превышен таймаут семафора]
Traceback (most recent call last):
  File "C:\Users\User\AppData\Local\Programs\Python\Python312\Lib\site-packages\aiohttp\connector.py", line 1075, in _wrap_create_connection
    return await self._loop.create_connection(*args, **kwargs, sock=sock)
           ^^^^^^^^^^^^^^^^^^^^^^^^^^^^^^^^^^^^^^^^^^^^^^^^^^^^^^^^^^^^^^
  File "C:\Users\User\AppData\Local\Programs\Python\Python312\Lib\asyncio\base_events.py", line 1148, in create_connection
    transport, protocol = await self._create_connection_transport(
                          ^^^^^^^^^^^^^^^^^^^^^^^^^^^^^^^^^^^^^^^^
  File "C:\Users\User\AppData\Local\Programs\Python\Python312\Lib\asyncio\base_events.py", line 1181, in _create_connection_transport
    await waiter
  File "C:\Users\User\AppData\Local\Programs\Python\Python312\Lib\asyncio\proactor_events.py", line 286, in _loop_reading
    length = fut.result()
             ^^^^^^^^^^^^
  File "C:\Users\User\AppData\Local\Programs\Python\Python312\Lib\asyncio\windows_events.py", line 803, in _poll
    value = callback(transferred, key, ov)
            ^^^^^^^^^^^^^^^^^^^^^^^^^^^^^^
  File "C:\Users\User\AppData\Local\Programs\Python\Python312\Lib\asyncio\windows_events.py", line 462, in finish_socket_func
    return ov.getresult()
           ^^^^^^^^^^^^^^
OSError: [WinError 121] Превышен таймаут семафора

The above exception was the direct cause of the following exception:

Traceback (most recent call last):
  File "C:\Users\User\AppData\Local\Programs\Python\Python312\Lib\site-packages\aiogram\client\session\aiohttp.py", line 181, in make_request
    async with session.post(
               ^^^^^^^^^^^^^
  File "C:\Users\User\AppData\Local\Programs\Python\Python312\Lib\site-packages\aiohttp\client.py", line 1357, in __aenter__
    self._resp: _RetType = await self._coro
                           ^^^^^^^^^^^^^^^^
  File "C:\Users\User\AppData\Local\Programs\Python\Python312\Lib\site-packages\aiohttp\client.py", line 661, in _request
    conn = await self._connector.connect(
           ^^^^^^^^^^^^^^^^^^^^^^^^^^^^^^
  File "C:\Users\User\AppData\Local\Programs\Python\Python312\Lib\site-packages\aiohttp\connector.py", line 556, in connect
    proto = await self._create_connection(req, traces, timeout)
            ^^^^^^^^^^^^^^^^^^^^^^^^^^^^^^^^^^^^^^^^^^^^^^^^^^^
  File "C:\Users\User\AppData\Local\Programs\Python\Python312\Lib\site-packages\aiohttp\connector.py", line 1009, in _create_connection
    _, proto = await self._create_direct_connection(req, traces, timeout)
               ^^^^^^^^^^^^^^^^^^^^^^^^^^^^^^^^^^^^^^^^^^^^^^^^^^^^^^^^^^
  File "C:\Users\User\AppData\Local\Programs\Python\Python312\Lib\site-packages\aiohttp\connector.py", line 1343, in _create_direct_connection
    raise last_exc
  File "C:\Users\User\AppData\Local\Programs\Python\Python312\Lib\site-packages\aiohttp\connector.py", line 1312, in _create_direct_connection
    transp, proto = await self._wrap_create_connection(
                    ^^^^^^^^^^^^^^^^^^^^^^^^^^^^^^^^^^^
  File "C:\Users\User\AppData\Local\Programs\Python\Python312\Lib\site-packages\aiohttp\connector.py", line 1083, in _wrap_create_connection
    raise client_error(req.connection_key, exc) from exc
aiohttp.client_exceptions.ClientConnectorError: Cannot connect to host api.telegram.org:443 ssl:default [Превышен таймаут семафора]

During handling of the above exception, another exception occurred:

Traceback (most recent call last):
  File "C:\Users\User\AppData\Local\Programs\Python\Python312\Lib\site-packages\aiogram\dispatcher\dispatcher.py", line 309, in _process_update
    response = await self.feed_update(bot, update, **kwargs)
               ^^^^^^^^^^^^^^^^^^^^^^^^^^^^^^^^^^^^^^^^^^^^^
  File "C:\Users\User\AppData\Local\Programs\Python\Python312\Lib\site-packages\aiogram\dispatcher\dispatcher.py", line 158, in feed_update
    response = await self.update.wrap_outer_middleware(
               ^^^^^^^^^^^^^^^^^^^^^^^^^^^^^^^^^^^^^^^^
  File "C:\Users\User\AppData\Local\Programs\Python\Python312\Lib\site-packages\aiogram\dispatcher\middlewares\error.py", line 25, in __call__
    return await handler(event, data)
           ^^^^^^^^^^^^^^^^^^^^^^^^^^
  File "C:\Users\User\AppData\Local\Programs\Python\Python312\Lib\site-packages\aiogram\dispatcher\middlewares\user_context.py", line 56, in __call__
    return await handler(event, data)
           ^^^^^^^^^^^^^^^^^^^^^^^^^^
  File "C:\Users\User\AppData\Local\Programs\Python\Python312\Lib\site-packages\aiogram\fsm\middleware.py", line 42, in __call__
    return await handler(event, data)
           ^^^^^^^^^^^^^^^^^^^^^^^^^^
  File "C:\Users\User\AppData\Local\Programs\Python\Python312\Lib\site-packages\aiogram\dispatcher\event\telegram.py", line 121, in trigger
    return await wrapped_inner(event, kwargs)
           ^^^^^^^^^^^^^^^^^^^^^^^^^^^^^^^^^^
  File "C:\Users\User\AppData\Local\Programs\Python\Python312\Lib\site-packages\aiogram\dispatcher\event\handler.py", line 43, in call
    return await wrapped()
           ^^^^^^^^^^^^^^^
  File "C:\Users\User\AppData\Local\Programs\Python\Python312\Lib\site-packages\aiogram\dispatcher\dispatcher.py", line 276, in _listen_update
    return await self.propagate_event(update_type=update_type, event=event, **kwargs)
           ^^^^^^^^^^^^^^^^^^^^^^^^^^^^^^^^^^^^^^^^^^^^^^^^^^^^^^^^^^^^^^^^^^^^^^^^^^
  File "C:\Users\User\AppData\Local\Programs\Python\Python312\Lib\site-packages\aiogram\dispatcher\router.py", line 142, in propagate_event
    return await observer.wrap_outer_middleware(_wrapped, event=event, data=kwargs)
           ^^^^^^^^^^^^^^^^^^^^^^^^^^^^^^^^^^^^^^^^^^^^^^^^^^^^^^^^^^^^^^^^^^^^^^^^
  File "C:\Users\User\AppData\Local\Programs\Python\Python312\Lib\site-packages\aiogram\dispatcher\router.py", line 137, in _wrapped
    return await self._propagate_event(
           ^^^^^^^^^^^^^^^^^^^^^^^^^^^^
  File "C:\Users\User\AppData\Local\Programs\Python\Python312\Lib\site-packages\aiogram\dispatcher\router.py", line 170, in _propagate_event
    response = await router.propagate_event(update_type=update_type, event=event, **kwargs)
               ^^^^^^^^^^^^^^^^^^^^^^^^^^^^^^^^^^^^^^^^^^^^^^^^^^^^^^^^^^^^^^^^^^^^^^^^^^^^
  File "C:\Users\User\AppData\Local\Programs\Python\Python312\Lib\site-packages\aiogram\dispatcher\router.py", line 142, in propagate_event
    return await observer.wrap_outer_middleware(_wrapped, event=event, data=kwargs)
           ^^^^^^^^^^^^^^^^^^^^^^^^^^^^^^^^^^^^^^^^^^^^^^^^^^^^^^^^^^^^^^^^^^^^^^^^
  File "C:\Users\User\AppData\Local\Programs\Python\Python312\Lib\site-packages\aiogram\dispatcher\router.py", line 137, in _wrapped
    return await self._propagate_event(
           ^^^^^^^^^^^^^^^^^^^^^^^^^^^^
  File "C:\Users\User\AppData\Local\Programs\Python\Python312\Lib\site-packages\aiogram\dispatcher\router.py", line 162, in _propagate_event
    response = await observer.trigger(event, **kwargs)
               ^^^^^^^^^^^^^^^^^^^^^^^^^^^^^^^^^^^^^^^
  File "C:\Users\User\AppData\Local\Programs\Python\Python312\Lib\site-packages\aiogram\dispatcher\event\telegram.py", line 121, in trigger
    return await wrapped_inner(event, kwargs)
           ^^^^^^^^^^^^^^^^^^^^^^^^^^^^^^^^^^
  File "C:\Users\User\AppData\Local\Programs\Python\Python312\Lib\site-packages\aiogram\dispatcher\event\handler.py", line 43, in call
    return await wrapped()
           ^^^^^^^^^^^^^^^
  File "C:\Users\User\eldosina\handlers\buy.py", line 51, in buy_accounts
    await message.answer(
  File "C:\Users\User\AppData\Local\Programs\Python\Python312\Lib\site-packages\aiogram\methods\base.py", line 84, in emit
    return await bot(self)
           ^^^^^^^^^^^^^^^
  File "C:\Users\User\AppData\Local\Programs\Python\Python312\Lib\site-packages\aiogram\client\bot.py", line 488, in __call__
    return await self.session(self, method, timeout=request_timeout)
           ^^^^^^^^^^^^^^^^^^^^^^^^^^^^^^^^^^^^^^^^^^^^^^^^^^^^^^^^^
  File "C:\Users\User\AppData\Local\Programs\Python\Python312\Lib\site-packages\aiogram\client\session\base.py", line 254, in __call__
    return cast(TelegramType, await middleware(bot, method))
                              ^^^^^^^^^^^^^^^^^^^^^^^^^^^^^
  File "C:\Users\User\AppData\Local\Programs\Python\Python312\Lib\site-packages\aiogram\client\session\aiohttp.py", line 188, in make_request
    raise TelegramNetworkError(method=method, message=f"{type(e).__name__}: {e}")
aiogram.exceptions.TelegramNetworkError: HTTP Client says - ClientConnectorError: Cannot connect to host api.telegram.org:443 ssl:default [Превышен таймаут семафора]
2026-01-15 15:27:31,753 - __main__ - INFO - Используется BOT_TOKEN: 8077618081:AAHvfkJ8n... (из .env файла)
2026-01-15 15:27:31,928 - __main__ - INFO - Бот запущен!
2026-01-15 15:27:31,928 - aiogram.dispatcher - INFO - Start polling
2026-01-15 15:27:57,018 - __main__ - INFO - Используется BOT_TOKEN: 8077618081:AAHvfkJ8n... (из .env файла)
2026-01-15 15:27:57,191 - __main__ - INFO - Бот запущен!
2026-01-15 15:27:57,191 - aiogram.dispatcher - INFO - Start polling
2026-01-15 15:27:57,436 - aiogram.dispatcher - ERROR - Failed to fetch updates - TelegramConflictError: Telegram server says - Conflict: terminated by other getUpdates request; make sure that only one bot instance is running
2026-01-15 15:27:57,437 - aiogram.dispatcher - WARNING - Sleep for 1.000000 seconds and try again... (tryings = 0, bot id = 8077618081)
2026-01-15 15:28:00,960 - aiogram.dispatcher - INFO - Connection established (tryings = 1, bot id = 8077618081)
2026-01-15 15:28:01,289 - aiogram.event - INFO - Update id=232985057 is handled. Duration 328 ms by bot id=8077618081
2026-01-15 15:28:01,518 - aiogram.dispatcher - ERROR - Failed to fetch updates - TelegramConflictError: Telegram server says - Conflict: terminated by other getUpdates request; make sure that only one bot instance is running
2026-01-15 15:28:01,518 - aiogram.dispatcher - WARNING - Sleep for 1.000000 seconds and try again... (tryings = 0, bot id = 8077618081)
2026-01-15 15:28:02,582 - aiogram.dispatcher - ERROR - Failed to fetch updates - TelegramConflictError: Telegram server says - Conflict: terminated by other getUpdates request; make sure that only one bot instance is running
2026-01-15 15:28:02,583 - aiogram.dispatcher - WARNING - Sleep for 1.000000 seconds and try again... (tryings = 0, bot id = 8077618081)
2026-01-15 15:28:03,796 - aiogram.dispatcher - INFO - Connection established (tryings = 1, bot id = 8077618081)
2026-01-15 15:28:03,886 - aiogram.event - INFO - Update id=232985058 is handled. Duration 78 ms by bot id=8077618081
2026-01-15 15:28:06,663 - aiogram.dispatcher - ERROR - Failed to fetch updates - TelegramConflictError: Telegram server says - Conflict: terminated by other getUpdates request; make sure that only one bot instance is running
2026-01-15 15:28:06,663 - aiogram.dispatcher - WARNING - Sleep for 1.361931 seconds and try again... (tryings = 1, bot id = 8077618081)
2026-01-15 15:28:08,090 - aiogram.dispatcher - ERROR - Failed to fetch updates - TelegramConflictError: Telegram server says - Conflict: terminated by other getUpdates request; make sure that only one bot instance is running
2026-01-15 15:28:08,090 - aiogram.dispatcher - WARNING - Sleep for 1.000000 seconds and try again... (tryings = 0, bot id = 8077618081)
2026-01-15 15:28:12,150 - aiogram.dispatcher - ERROR - Failed to fetch updates - TelegramConflictError: Telegram server says - Conflict: terminated by other getUpdates request; make sure that only one bot instance is running
2026-01-15 15:28:12,150 - aiogram.dispatcher - WARNING - Sleep for 1.853467 seconds and try again... (tryings = 2, bot id = 8077618081)
2026-01-15 15:28:14,088 - aiogram.dispatcher - ERROR - Failed to fetch updates - TelegramConflictError: Telegram server says - Conflict: terminated by other getUpdates request; make sure that only one bot instance is running
2026-01-15 15:28:14,088 - aiogram.dispatcher - WARNING - Sleep for 1.348356 seconds and try again... (tryings = 1, bot id = 8077618081)
2026-01-15 15:28:18,223 - aiogram.dispatcher - INFO - Connection established (tryings = 2, bot id = 8077618081)
2026-01-15 15:28:18,232 - aiogram.event - INFO - Update id=232985059 is not handled. Duration 0 ms by bot id=8077618081
2026-01-15 15:28:18,815 - aiogram.dispatcher - ERROR - Failed to fetch updates - TelegramConflictError: Telegram server says - Conflict: terminated by other getUpdates request; make sure that only one bot instance is running
2026-01-15 15:28:18,816 - aiogram.dispatcher - WARNING - Sleep for 2.359781 seconds and try again... (tryings = 3, bot id = 8077618081)
2026-01-15 15:28:21,253 - aiogram.dispatcher - ERROR - Failed to fetch updates - TelegramConflictError: Telegram server says - Conflict: terminated by other getUpdates request; make sure that only one bot instance is running
2026-01-15 15:28:21,253 - aiogram.dispatcher - WARNING - Sleep for 1.000000 seconds and try again... (tryings = 0, bot id = 8077618081)
2026-01-15 15:28:25,345 - aiogram.dispatcher - ERROR - Failed to fetch updates - TelegramConflictError: Telegram server says - Conflict: terminated by other getUpdates request; make sure that only one bot instance is running
2026-01-15 15:28:25,345 - aiogram.dispatcher - WARNING - Sleep for 3.149245 seconds and try again... (tryings = 4, bot id = 8077618081)
2026-01-15 15:28:28,646 - aiogram.dispatcher - ERROR - Failed to fetch updates - TelegramConflictError: Telegram server says - Conflict: terminated by other getUpdates request; make sure that only one bot instance is running
2026-01-15 15:28:28,646 - aiogram.dispatcher - WARNING - Sleep for 1.448021 seconds and try again... (tryings = 1, bot id = 8077618081)
2026-01-15 15:28:33,165 - aiogram.dispatcher - ERROR - Failed to fetch updates - TelegramConflictError: Telegram server says - Conflict: terminated by other getUpdates request; make sure that only one bot instance is running
2026-01-15 15:28:33,166 - aiogram.dispatcher - WARNING - Sleep for 4.137655 seconds and try again... (tryings = 5, bot id = 8077618081)
2026-01-15 15:28:37,392 - aiogram.dispatcher - ERROR - Failed to fetch updates - TelegramConflictError: Telegram server says - Conflict: terminated by other getUpdates request; make sure that only one bot instance is running
2026-01-15 15:28:37,393 - aiogram.dispatcher - WARNING - Sleep for 2.000586 seconds and try again... (tryings = 2, bot id = 8077618081)
2026-01-15 15:28:40,619 - aiogram.dispatcher - INFO - Connection established (tryings = 3, bot id = 8077618081)
2026-01-15 15:28:40,886 - aiogram.event - INFO - Update id=232985060 is handled. Duration 265 ms by bot id=8077618081
2026-01-15 15:28:42,461 - aiogram.dispatcher - ERROR - Failed to fetch updates - TelegramConflictError: Telegram server says - Conflict: terminated by other getUpdates request; make sure that only one bot instance is running
2026-01-15 15:28:42,462 - aiogram.dispatcher - WARNING - Sleep for 5.025885 seconds and try again... (tryings = 6, bot id = 8077618081)
2026-01-15 15:28:43,502 - aiogram.event - INFO - Update id=232985061 is handled. Duration 93 ms by bot id=8077618081
2026-01-15 15:28:47,560 - aiogram.dispatcher - ERROR - Failed to fetch updates - TelegramConflictError: Telegram server says - Conflict: terminated by other getUpdates request; make sure that only one bot instance is running
2026-01-15 15:28:47,560 - aiogram.dispatcher - WARNING - Sleep for 1.000000 seconds and try again... (tryings = 0, bot id = 8077618081)
2026-01-15 15:28:51,632 - aiogram.dispatcher - ERROR - Failed to fetch updates - TelegramConflictError: Telegram server says - Conflict: terminated by other getUpdates request; make sure that only one bot instance is running
2026-01-15 15:28:51,633 - aiogram.dispatcher - WARNING - Sleep for 4.969809 seconds and try again... (tryings = 7, bot id = 8077618081)
2026-01-15 15:28:56,681 - aiogram.dispatcher - ERROR - Failed to fetch updates - TelegramConflictError: Telegram server says - Conflict: terminated by other getUpdates request; make sure that only one bot instance is running
2026-01-15 15:28:56,681 - aiogram.dispatcher - WARNING - Sleep for 1.228500 seconds and try again... (tryings = 1, bot id = 8077618081)
2026-01-15 15:29:00,989 - aiogram.dispatcher - ERROR - Failed to fetch updates - TelegramConflictError: Telegram server says - Conflict: terminated by other getUpdates request; make sure that only one bot instance is running
2026-01-15 15:29:00,990 - aiogram.dispatcher - WARNING - Sleep for 5.180496 seconds and try again... (tryings = 8, bot id = 8077618081)
2026-01-15 15:29:06,253 - aiogram.dispatcher - ERROR - Failed to fetch updates - TelegramConflictError: Telegram server says - Conflict: terminated by other getUpdates request; make sure that only one bot instance is running
2026-01-15 15:29:06,254 - aiogram.dispatcher - WARNING - Sleep for 1.453378 seconds and try again... (tryings = 2, bot id = 8077618081)
2026-01-15 15:29:10,776 - aiogram.dispatcher - ERROR - Failed to fetch updates - TelegramConflictError: Telegram server says - Conflict: terminated by other getUpdates request; make sure that only one bot instance is running
2026-01-15 15:29:10,777 - aiogram.dispatcher - WARNING - Sleep for 5.104326 seconds and try again... (tryings = 9, bot id = 8077618081)
2026-01-15 15:29:15,946 - aiogram.dispatcher - ERROR - Failed to fetch updates - TelegramConflictError: Telegram server says - Conflict: terminated by other getUpdates request; make sure that only one bot instance is running
2026-01-15 15:29:15,946 - aiogram.dispatcher - WARNING - Sleep for 1.921262 seconds and try again... (tryings = 3, bot id = 8077618081)
2026-01-15 15:29:20,943 - aiogram.dispatcher - ERROR - Failed to fetch updates - TelegramConflictError: Telegram server says - Conflict: terminated by other getUpdates request; make sure that only one bot instance is running
2026-01-15 15:29:20,943 - aiogram.dispatcher - WARNING - Sleep for 4.984666 seconds and try again... (tryings = 10, bot id = 8077618081)
2026-01-15 15:29:26,005 - aiogram.dispatcher - ERROR - Failed to fetch updates - TelegramConflictError: Telegram server says - Conflict: terminated by other getUpdates request; make sure that only one bot instance is running
2026-01-15 15:29:26,006 - aiogram.dispatcher - WARNING - Sleep for 2.456494 seconds and try again... (tryings = 4, bot id = 8077618081)
2026-01-15 15:29:31,526 - aiogram.dispatcher - ERROR - Failed to fetch updates - TelegramConflictError: Telegram server says - Conflict: terminated by other getUpdates request; make sure that only one bot instance is running
2026-01-15 15:29:31,526 - aiogram.dispatcher - WARNING - Sleep for 5.093431 seconds and try again... (tryings = 11, bot id = 8077618081)
2026-01-15 15:29:36,684 - aiogram.dispatcher - ERROR - Failed to fetch updates - TelegramConflictError: Telegram server says - Conflict: terminated by other getUpdates request; make sure that only one bot instance is running
2026-01-15 15:29:36,684 - aiogram.dispatcher - WARNING - Sleep for 3.171993 seconds and try again... (tryings = 5, bot id = 8077618081)
2026-01-15 15:29:39,925 - aiogram.dispatcher - ERROR - Failed to fetch updates - TelegramConflictError: Telegram server says - Conflict: terminated by other getUpdates request; make sure that only one bot instance is running
2026-01-15 15:29:39,926 - aiogram.dispatcher - WARNING - Sleep for 4.941887 seconds and try again... (tryings = 12, bot id = 8077618081)
2026-01-15 15:29:43,820 - aiogram.dispatcher - INFO - Polling stopped
2026-01-15 15:29:44,081 - __main__ - INFO - Бот остановлен
2026-01-15 15:29:49,624 - __main__ - INFO - Используется BOT_TOKEN: 8077618081:AAHvfkJ8n... (из .env файла)
2026-01-15 15:29:49,805 - __main__ - INFO - Бот запущен!
2026-01-15 15:29:49,805 - aiogram.dispatcher - INFO - Start polling
2026-01-15 15:30:16,224 - __main__ - INFO - Используется BOT_TOKEN: 8077618081:AAHvfkJ8n... (из .env файла)
2026-01-15 15:30:16,395 - __main__ - INFO - Бот запущен!
2026-01-15 15:30:16,396 - aiogram.dispatcher - INFO - Start polling
2026-01-15 15:30:28,450 - aiogram.event - INFO - Update id=232985063 is handled. Duration 250 ms by bot id=8077618081
2026-01-15 15:30:31,380 - aiogram.event - INFO - Update id=232985064 is not handled. Duration 0 ms by bot id=8077618081
2026-01-15 15:30:35,708 - aiogram.dispatcher - INFO - Polling stopped
2026-01-15 15:30:36,364 - aiogram.event - INFO - Update id=232985065 is not handled. Duration 0 ms by bot id=8077618081
2026-01-15 15:30:41,253 - aiogram.event - INFO - Update id=232985062 is not handled. Duration 19328 ms by bot id=8077618081
2026-01-15 15:30:41,253 - aiogram.event - ERROR - Cause exception while process update id=232985062 by bot id=8077618081
TelegramNetworkError: HTTP Client says - ClientConnectorError: Cannot connect to host api.telegram.org:443 ssl:default [Превышен таймаут семафора]
Traceback (most recent call last):
  File "C:\Users\User\AppData\Local\Programs\Python\Python312\Lib\site-packages\aiohttp\connector.py", line 1075, in _wrap_create_connection
    return await self._loop.create_connection(*args, **kwargs, sock=sock)
           ^^^^^^^^^^^^^^^^^^^^^^^^^^^^^^^^^^^^^^^^^^^^^^^^^^^^^^^^^^^^^^
  File "C:\Users\User\AppData\Local\Programs\Python\Python312\Lib\asyncio\base_events.py", line 1148, in create_connection
    transport, protocol = await self._create_connection_transport(
                          ^^^^^^^^^^^^^^^^^^^^^^^^^^^^^^^^^^^^^^^^
  File "C:\Users\User\AppData\Local\Programs\Python\Python312\Lib\asyncio\base_events.py", line 1181, in _create_connection_transport
    await waiter
  File "C:\Users\User\AppData\Local\Programs\Python\Python312\Lib\asyncio\proactor_events.py", line 286, in _loop_reading
    length = fut.result()
             ^^^^^^^^^^^^
  File "C:\Users\User\AppData\Local\Programs\Python\Python312\Lib\asyncio\windows_events.py", line 803, in _poll
    value = callback(transferred, key, ov)
            ^^^^^^^^^^^^^^^^^^^^^^^^^^^^^^
  File "C:\Users\User\AppData\Local\Programs\Python\Python312\Lib\asyncio\windows_events.py", line 462, in finish_socket_func
    return ov.getresult()
           ^^^^^^^^^^^^^^
OSError: [WinError 121] Превышен таймаут семафора

The above exception was the direct cause of the following exception:

Traceback (most recent call last):
  File "C:\Users\User\AppData\Local\Programs\Python\Python312\Lib\site-packages\aiogram\client\session\aiohttp.py", line 181, in make_request
    async with session.post(
               ^^^^^^^^^^^^^
  File "C:\Users\User\AppData\Local\Programs\Python\Python312\Lib\site-packages\aiohttp\client.py", line 1357, in __aenter__
    self._resp: _RetType = await self._coro
                           ^^^^^^^^^^^^^^^^
  File "C:\Users\User\AppData\Local\Programs\Python\Python312\Lib\site-packages\aiohttp\client.py", line 661, in _request
    conn = await self._connector.connect(
           ^^^^^^^^^^^^^^^^^^^^^^^^^^^^^^
  File "C:\Users\User\AppData\Local\Programs\Python\Python312\Lib\site-packages\aiohttp\connector.py", line 556, in connect
    proto = await self._create_connection(req, traces, timeout)
            ^^^^^^^^^^^^^^^^^^^^^^^^^^^^^^^^^^^^^^^^^^^^^^^^^^^
  File "C:\Users\User\AppData\Local\Programs\Python\Python312\Lib\site-packages\aiohttp\connector.py", line 1009, in _create_connection
    _, proto = await self._create_direct_connection(req, traces, timeout)
               ^^^^^^^^^^^^^^^^^^^^^^^^^^^^^^^^^^^^^^^^^^^^^^^^^^^^^^^^^^
  File "C:\Users\User\AppData\Local\Programs\Python\Python312\Lib\site-packages\aiohttp\connector.py", line 1343, in _create_direct_connection
    raise last_exc
  File "C:\Users\User\AppData\Local\Programs\Python\Python312\Lib\site-packages\aiohttp\connector.py", line 1312, in _create_direct_connection
    transp, proto = await self._wrap_create_connection(
                    ^^^^^^^^^^^^^^^^^^^^^^^^^^^^^^^^^^^
  File "C:\Users\User\AppData\Local\Programs\Python\Python312\Lib\site-packages\aiohttp\connector.py", line 1083, in _wrap_create_connection
    raise client_error(req.connection_key, exc) from exc
aiohttp.client_exceptions.ClientConnectorError: Cannot connect to host api.telegram.org:443 ssl:default [Превышен таймаут семафора]

During handling of the above exception, another exception occurred:

Traceback (most recent call last):
  File "C:\Users\User\AppData\Local\Programs\Python\Python312\Lib\site-packages\aiogram\dispatcher\dispatcher.py", line 309, in _process_update
    response = await self.feed_update(bot, update, **kwargs)
               ^^^^^^^^^^^^^^^^^^^^^^^^^^^^^^^^^^^^^^^^^^^^^
  File "C:\Users\User\AppData\Local\Programs\Python\Python312\Lib\site-packages\aiogram\dispatcher\dispatcher.py", line 158, in feed_update
    response = await self.update.wrap_outer_middleware(
               ^^^^^^^^^^^^^^^^^^^^^^^^^^^^^^^^^^^^^^^^
  File "C:\Users\User\AppData\Local\Programs\Python\Python312\Lib\site-packages\aiogram\dispatcher\middlewares\error.py", line 25, in __call__
    return await handler(event, data)
           ^^^^^^^^^^^^^^^^^^^^^^^^^^
  File "C:\Users\User\AppData\Local\Programs\Python\Python312\Lib\site-packages\aiogram\dispatcher\middlewares\user_context.py", line 56, in __call__
    return await handler(event, data)
           ^^^^^^^^^^^^^^^^^^^^^^^^^^
  File "C:\Users\User\AppData\Local\Programs\Python\Python312\Lib\site-packages\aiogram\fsm\middleware.py", line 42, in __call__
    return await handler(event, data)
           ^^^^^^^^^^^^^^^^^^^^^^^^^^
  File "C:\Users\User\AppData\Local\Programs\Python\Python312\Lib\site-packages\aiogram\dispatcher\event\telegram.py", line 121, in trigger
    return await wrapped_inner(event, kwargs)
           ^^^^^^^^^^^^^^^^^^^^^^^^^^^^^^^^^^
  File "C:\Users\User\AppData\Local\Programs\Python\Python312\Lib\site-packages\aiogram\dispatcher\event\handler.py", line 43, in call
    return await wrapped()
           ^^^^^^^^^^^^^^^
  File "C:\Users\User\AppData\Local\Programs\Python\Python312\Lib\site-packages\aiogram\dispatcher\dispatcher.py", line 276, in _listen_update
    return await self.propagate_event(update_type=update_type, event=event, **kwargs)
           ^^^^^^^^^^^^^^^^^^^^^^^^^^^^^^^^^^^^^^^^^^^^^^^^^^^^^^^^^^^^^^^^^^^^^^^^^^
  File "C:\Users\User\AppData\Local\Programs\Python\Python312\Lib\site-packages\aiogram\dispatcher\router.py", line 142, in propagate_event
    return await observer.wrap_outer_middleware(_wrapped, event=event, data=kwargs)
           ^^^^^^^^^^^^^^^^^^^^^^^^^^^^^^^^^^^^^^^^^^^^^^^^^^^^^^^^^^^^^^^^^^^^^^^^
  File "C:\Users\User\AppData\Local\Programs\Python\Python312\Lib\site-packages\aiogram\dispatcher\router.py", line 137, in _wrapped
    return await self._propagate_event(
           ^^^^^^^^^^^^^^^^^^^^^^^^^^^^
  File "C:\Users\User\AppData\Local\Programs\Python\Python312\Lib\site-packages\aiogram\dispatcher\router.py", line 170, in _propagate_event
    response = await router.propagate_event(update_type=update_type, event=event, **kwargs)
               ^^^^^^^^^^^^^^^^^^^^^^^^^^^^^^^^^^^^^^^^^^^^^^^^^^^^^^^^^^^^^^^^^^^^^^^^^^^^
  File "C:\Users\User\AppData\Local\Programs\Python\Python312\Lib\site-packages\aiogram\dispatcher\router.py", line 142, in propagate_event
    return await observer.wrap_outer_middleware(_wrapped, event=event, data=kwargs)
           ^^^^^^^^^^^^^^^^^^^^^^^^^^^^^^^^^^^^^^^^^^^^^^^^^^^^^^^^^^^^^^^^^^^^^^^^
  File "C:\Users\User\AppData\Local\Programs\Python\Python312\Lib\site-packages\aiogram\dispatcher\router.py", line 137, in _wrapped
    return await self._propagate_event(
           ^^^^^^^^^^^^^^^^^^^^^^^^^^^^
  File "C:\Users\User\AppData\Local\Programs\Python\Python312\Lib\site-packages\aiogram\dispatcher\router.py", line 162, in _propagate_event
    response = await observer.trigger(event, **kwargs)
               ^^^^^^^^^^^^^^^^^^^^^^^^^^^^^^^^^^^^^^^
  File "C:\Users\User\AppData\Local\Programs\Python\Python312\Lib\site-packages\aiogram\dispatcher\event\telegram.py", line 121, in trigger
    return await wrapped_inner(event, kwargs)
           ^^^^^^^^^^^^^^^^^^^^^^^^^^^^^^^^^^
  File "C:\Users\User\AppData\Local\Programs\Python\Python312\Lib\site-packages\aiogram\dispatcher\event\handler.py", line 43, in call
    return await wrapped()
           ^^^^^^^^^^^^^^^
  File "C:\Users\User\eldosina\handlers\start.py", line 71, in cmd_start
    await message.answer(
  File "C:\Users\User\AppData\Local\Programs\Python\Python312\Lib\site-packages\aiogram\methods\base.py", line 84, in emit
    return await bot(self)
           ^^^^^^^^^^^^^^^
  File "C:\Users\User\AppData\Local\Programs\Python\Python312\Lib\site-packages\aiogram\client\bot.py", line 488, in __call__
    return await self.session(self, method, timeout=request_timeout)
           ^^^^^^^^^^^^^^^^^^^^^^^^^^^^^^^^^^^^^^^^^^^^^^^^^^^^^^^^^
  File "C:\Users\User\AppData\Local\Programs\Python\Python312\Lib\site-packages\aiogram\client\session\base.py", line 254, in __call__
    return cast(TelegramType, await middleware(bot, method))
                              ^^^^^^^^^^^^^^^^^^^^^^^^^^^^^
  File "C:\Users\User\AppData\Local\Programs\Python\Python312\Lib\site-packages\aiogram\client\session\aiohttp.py", line 188, in make_request
    raise TelegramNetworkError(method=method, message=f"{type(e).__name__}: {e}")
aiogram.exceptions.TelegramNetworkError: HTTP Client says - ClientConnectorError: Cannot connect to host api.telegram.org:443 ssl:default [Превышен таймаут семафора]
2026-01-15 15:30:53,346 - aiogram.event - INFO - Update id=232985066 is handled. Duration 202 ms by bot id=8077618081
2026-01-15 15:30:55,639 - aiogram.event - INFO - Update id=232985067 is handled. Duration 94 ms by bot id=8077618081
2026-01-15 15:30:58,085 - aiogram.event - INFO - Update id=232985068 is handled. Duration 77 ms by bot id=8077618081
2026-01-15 15:31:01,319 - aiogram.event - INFO - Update id=232985069 is not handled. Duration 16 ms by bot id=8077618081
2026-01-15 15:31:41,172 - __main__ - INFO - Используется BOT_TOKEN: 8077618081:AAHvfkJ8n... (из .env файла)
2026-01-15 15:31:41,341 - __main__ - INFO - Бот запущен!
2026-01-15 15:31:41,341 - aiogram.dispatcher - INFO - Start polling
2026-01-15 15:31:58,306 - __main__ - INFO - Используется BOT_TOKEN: 8077618081:AAHvfkJ8n... (из .env файла)
2026-01-15 15:31:58,495 - __main__ - INFO - Бот запущен!
2026-01-15 15:31:58,495 - aiogram.dispatcher - INFO - Start polling
2026-01-15 15:32:06,620 - aiogram.event - INFO - Update id=232985071 is handled. Duration 375 ms by bot id=8077618081
2026-01-15 15:32:13,104 - aiogram.event - INFO - Update id=232985072 is handled. Duration 155 ms by bot id=8077618081
2026-01-15 15:32:17,831 - aiogram.dispatcher - INFO - Polling stopped
2026-01-15 15:32:22,095 - aiogram.event - INFO - Update id=232985070 is not handled. Duration 19327 ms by bot id=8077618081
2026-01-15 15:32:22,096 - aiogram.event - ERROR - Cause exception while process update id=232985070 by bot id=8077618081
TelegramNetworkError: HTTP Client says - ClientConnectorError: Cannot connect to host api.telegram.org:443 ssl:default [Превышен таймаут семафора]
Traceback (most recent call last):
  File "C:\Users\User\AppData\Local\Programs\Python\Python312\Lib\site-packages\aiohttp\connector.py", line 1075, in _wrap_create_connection
    return await self._loop.create_connection(*args, **kwargs, sock=sock)
           ^^^^^^^^^^^^^^^^^^^^^^^^^^^^^^^^^^^^^^^^^^^^^^^^^^^^^^^^^^^^^^
  File "C:\Users\User\AppData\Local\Programs\Python\Python312\Lib\asyncio\base_events.py", line 1148, in create_connection
    transport, protocol = await self._create_connection_transport(
                          ^^^^^^^^^^^^^^^^^^^^^^^^^^^^^^^^^^^^^^^^
  File "C:\Users\User\AppData\Local\Programs\Python\Python312\Lib\asyncio\base_events.py", line 1181, in _create_connection_transport
    await waiter
  File "C:\Users\User\AppData\Local\Programs\Python\Python312\Lib\asyncio\proactor_events.py", line 286, in _loop_reading
    length = fut.result()
             ^^^^^^^^^^^^
  File "C:\Users\User\AppData\Local\Programs\Python\Python312\Lib\asyncio\windows_events.py", line 803, in _poll
    value = callback(transferred, key, ov)
            ^^^^^^^^^^^^^^^^^^^^^^^^^^^^^^
  File "C:\Users\User\AppData\Local\Programs\Python\Python312\Lib\asyncio\windows_events.py", line 462, in finish_socket_func
    return ov.getresult()
           ^^^^^^^^^^^^^^
OSError: [WinError 121] Превышен таймаут семафора

The above exception was the direct cause of the following exception:

Traceback (most recent call last):
  File "C:\Users\User\AppData\Local\Programs\Python\Python312\Lib\site-packages\aiogram\client\session\aiohttp.py", line 181, in make_request
    async with session.post(
               ^^^^^^^^^^^^^
  File "C:\Users\User\AppData\Local\Programs\Python\Python312\Lib\site-packages\aiohttp\client.py", line 1357, in __aenter__
    self._resp: _RetType = await self._coro
                           ^^^^^^^^^^^^^^^^
  File "C:\Users\User\AppData\Local\Programs\Python\Python312\Lib\site-packages\aiohttp\client.py", line 661, in _request
    conn = await self._connector.connect(
           ^^^^^^^^^^^^^^^^^^^^^^^^^^^^^^
  File "C:\Users\User\AppData\Local\Programs\Python\Python312\Lib\site-packages\aiohttp\connector.py", line 556, in connect
    proto = await self._create_connection(req, traces, timeout)
            ^^^^^^^^^^^^^^^^^^^^^^^^^^^^^^^^^^^^^^^^^^^^^^^^^^^
  File "C:\Users\User\AppData\Local\Programs\Python\Python312\Lib\site-packages\aiohttp\connector.py", line 1009, in _create_connection
    _, proto = await self._create_direct_connection(req, traces, timeout)
               ^^^^^^^^^^^^^^^^^^^^^^^^^^^^^^^^^^^^^^^^^^^^^^^^^^^^^^^^^^
  File "C:\Users\User\AppData\Local\Programs\Python\Python312\Lib\site-packages\aiohttp\connector.py", line 1343, in _create_direct_connection
    raise last_exc
  File "C:\Users\User\AppData\Local\Programs\Python\Python312\Lib\site-packages\aiohttp\connector.py", line 1312, in _create_direct_connection
    transp, proto = await self._wrap_create_connection(
                    ^^^^^^^^^^^^^^^^^^^^^^^^^^^^^^^^^^^
  File "C:\Users\User\AppData\Local\Programs\Python\Python312\Lib\site-packages\aiohttp\connector.py", line 1083, in _wrap_create_connection
    raise client_error(req.connection_key, exc) from exc
aiohttp.client_exceptions.ClientConnectorError: Cannot connect to host api.telegram.org:443 ssl:default [Превышен таймаут семафора]

During handling of the above exception, another exception occurred:

Traceback (most recent call last):
  File "C:\Users\User\AppData\Local\Programs\Python\Python312\Lib\site-packages\aiogram\dispatcher\dispatcher.py", line 309, in _process_update
    response = await self.feed_update(bot, update, **kwargs)
               ^^^^^^^^^^^^^^^^^^^^^^^^^^^^^^^^^^^^^^^^^^^^^
  File "C:\Users\User\AppData\Local\Programs\Python\Python312\Lib\site-packages\aiogram\dispatcher\dispatcher.py", line 158, in feed_update
    response = await self.update.wrap_outer_middleware(
               ^^^^^^^^^^^^^^^^^^^^^^^^^^^^^^^^^^^^^^^^
  File "C:\Users\User\AppData\Local\Programs\Python\Python312\Lib\site-packages\aiogram\dispatcher\middlewares\error.py", line 25, in __call__
    return await handler(event, data)
           ^^^^^^^^^^^^^^^^^^^^^^^^^^
  File "C:\Users\User\AppData\Local\Programs\Python\Python312\Lib\site-packages\aiogram\dispatcher\middlewares\user_context.py", line 56, in __call__
    return await handler(event, data)
           ^^^^^^^^^^^^^^^^^^^^^^^^^^
  File "C:\Users\User\AppData\Local\Programs\Python\Python312\Lib\site-packages\aiogram\fsm\middleware.py", line 42, in __call__
    return await handler(event, data)
           ^^^^^^^^^^^^^^^^^^^^^^^^^^
  File "C:\Users\User\AppData\Local\Programs\Python\Python312\Lib\site-packages\aiogram\dispatcher\event\telegram.py", line 121, in trigger
    return await wrapped_inner(event, kwargs)
           ^^^^^^^^^^^^^^^^^^^^^^^^^^^^^^^^^^
  File "C:\Users\User\AppData\Local\Programs\Python\Python312\Lib\site-packages\aiogram\dispatcher\event\handler.py", line 43, in call
    return await wrapped()
           ^^^^^^^^^^^^^^^
  File "C:\Users\User\AppData\Local\Programs\Python\Python312\Lib\site-packages\aiogram\dispatcher\dispatcher.py", line 276, in _listen_update
    return await self.propagate_event(update_type=update_type, event=event, **kwargs)
           ^^^^^^^^^^^^^^^^^^^^^^^^^^^^^^^^^^^^^^^^^^^^^^^^^^^^^^^^^^^^^^^^^^^^^^^^^^
  File "C:\Users\User\AppData\Local\Programs\Python\Python312\Lib\site-packages\aiogram\dispatcher\router.py", line 142, in propagate_event
    return await observer.wrap_outer_middleware(_wrapped, event=event, data=kwargs)
           ^^^^^^^^^^^^^^^^^^^^^^^^^^^^^^^^^^^^^^^^^^^^^^^^^^^^^^^^^^^^^^^^^^^^^^^^
  File "C:\Users\User\AppData\Local\Programs\Python\Python312\Lib\site-packages\aiogram\dispatcher\router.py", line 137, in _wrapped
    return await self._propagate_event(
           ^^^^^^^^^^^^^^^^^^^^^^^^^^^^
  File "C:\Users\User\AppData\Local\Programs\Python\Python312\Lib\site-packages\aiogram\dispatcher\router.py", line 170, in _propagate_event
    response = await router.propagate_event(update_type=update_type, event=event, **kwargs)
               ^^^^^^^^^^^^^^^^^^^^^^^^^^^^^^^^^^^^^^^^^^^^^^^^^^^^^^^^^^^^^^^^^^^^^^^^^^^^
  File "C:\Users\User\AppData\Local\Programs\Python\Python312\Lib\site-packages\aiogram\dispatcher\router.py", line 142, in propagate_event
    return await observer.wrap_outer_middleware(_wrapped, event=event, data=kwargs)
           ^^^^^^^^^^^^^^^^^^^^^^^^^^^^^^^^^^^^^^^^^^^^^^^^^^^^^^^^^^^^^^^^^^^^^^^^
  File "C:\Users\User\AppData\Local\Programs\Python\Python312\Lib\site-packages\aiogram\dispatcher\router.py", line 137, in _wrapped
    return await self._propagate_event(
           ^^^^^^^^^^^^^^^^^^^^^^^^^^^^
  File "C:\Users\User\AppData\Local\Programs\Python\Python312\Lib\site-packages\aiogram\dispatcher\router.py", line 162, in _propagate_event
    response = await observer.trigger(event, **kwargs)
               ^^^^^^^^^^^^^^^^^^^^^^^^^^^^^^^^^^^^^^^
  File "C:\Users\User\AppData\Local\Programs\Python\Python312\Lib\site-packages\aiogram\dispatcher\event\telegram.py", line 121, in trigger
    return await wrapped_inner(event, kwargs)
           ^^^^^^^^^^^^^^^^^^^^^^^^^^^^^^^^^^
  File "C:\Users\User\AppData\Local\Programs\Python\Python312\Lib\site-packages\aiogram\dispatcher\event\handler.py", line 43, in call
    return await wrapped()
           ^^^^^^^^^^^^^^^
  File "C:\Users\User\eldosina\handlers\referral.py", line 73, in earn_money
    await message.answer(
  File "C:\Users\User\AppData\Local\Programs\Python\Python312\Lib\site-packages\aiogram\methods\base.py", line 84, in emit
    return await bot(self)
           ^^^^^^^^^^^^^^^
  File "C:\Users\User\AppData\Local\Programs\Python\Python312\Lib\site-packages\aiogram\client\bot.py", line 488, in __call__
    return await self.session(self, method, timeout=request_timeout)
           ^^^^^^^^^^^^^^^^^^^^^^^^^^^^^^^^^^^^^^^^^^^^^^^^^^^^^^^^^
  File "C:\Users\User\AppData\Local\Programs\Python\Python312\Lib\site-packages\aiogram\client\session\base.py", line 254, in __call__
    return cast(TelegramType, await middleware(bot, method))
                              ^^^^^^^^^^^^^^^^^^^^^^^^^^^^^
  File "C:\Users\User\AppData\Local\Programs\Python\Python312\Lib\site-packages\aiogram\client\session\aiohttp.py", line 188, in make_request
    raise TelegramNetworkError(method=method, message=f"{type(e).__name__}: {e}")
aiogram.exceptions.TelegramNetworkError: HTTP Client says - ClientConnectorError: Cannot connect to host api.telegram.org:443 ssl:default [Превышен таймаут семафора]
2026-01-15 15:35:36,540 - __main__ - INFO - Используется BOT_TOKEN: 8077618081:AAHvfkJ8n... (из .env файла)
2026-01-15 15:35:36,721 - __main__ - INFO - Бот запущен!
2026-01-15 15:35:36,721 - aiogram.dispatcher - INFO - Start polling
2026-01-15 15:35:56,057 - aiogram.dispatcher - INFO - Polling stopped
2026-01-15 15:36:27,622 - __main__ - INFO - Используется BOT_TOKEN: 8077618081:AAHvfkJ8n... (из .env файла)
2026-01-15 15:36:27,829 - __main__ - INFO - Бот запущен!
2026-01-15 15:36:27,829 - aiogram.dispatcher - INFO - Start polling
2026-01-15 15:36:31,551 - aiogram.event - INFO - Update id=232985073 is handled. Duration 233 ms by bot id=8077618081
2026-01-15 15:36:37,691 - aiogram.event - INFO - Update id=232985074 is handled. Duration 94 ms by bot id=8077618081
2026-01-15 15:36:41,144 - aiogram.event - INFO - Update id=232985075 is handled. Duration 312 ms by bot id=8077618081
2026-01-15 15:36:51,041 - aiogram.event - INFO - Update id=232985076 is handled. Duration 281 ms by bot id=8077618081
2026-01-15 15:36:58,544 - aiogram.event - INFO - Update id=232985077 is handled. Duration 78 ms by bot id=8077618081
2026-01-15 15:37:55,830 - __main__ - INFO - Используется BOT_TOKEN: 8077618081:AAHvfkJ8n... (из .env файла)
2026-01-15 15:37:56,031 - __main__ - INFO - Бот запущен!
2026-01-15 15:37:56,031 - aiogram.dispatcher - INFO - Start polling
2026-01-15 15:38:16,129 - __main__ - INFO - Используется BOT_TOKEN: 8077618081:AAHvfkJ8n... (из .env файла)
2026-01-15 15:38:16,336 - __main__ - INFO - Бот запущен!
2026-01-15 15:38:16,336 - aiogram.dispatcher - INFO - Start polling
2026-01-15 15:38:16,593 - aiogram.dispatcher - ERROR - Failed to fetch updates - TelegramConflictError: Telegram server says - Conflict: terminated by other getUpdates request; make sure that only one bot instance is running
2026-01-15 15:38:16,593 - aiogram.dispatcher - WARNING - Sleep for 1.000000 seconds and try again... (tryings = 0, bot id = 8077618081)
2026-01-15 15:38:20,678 - aiogram.dispatcher - ERROR - Failed to fetch updates - TelegramConflictError: Telegram server says - Conflict: terminated by other getUpdates request; make sure that only one bot instance is running
2026-01-15 15:38:20,678 - aiogram.dispatcher - WARNING - Sleep for 1.000000 seconds and try again... (tryings = 0, bot id = 8077618081)
2026-01-15 15:38:21,746 - aiogram.dispatcher - ERROR - Failed to fetch updates - TelegramConflictError: Telegram server says - Conflict: terminated by other getUpdates request; make sure that only one bot instance is running
2026-01-15 15:38:21,746 - aiogram.dispatcher - WARNING - Sleep for 1.334730 seconds and try again... (tryings = 1, bot id = 8077618081)
2026-01-15 15:38:26,143 - aiogram.dispatcher - ERROR - Failed to fetch updates - TelegramConflictError: Telegram server says - Conflict: terminated by other getUpdates request; make sure that only one bot instance is running
2026-01-15 15:38:26,144 - aiogram.dispatcher - WARNING - Sleep for 1.362114 seconds and try again... (tryings = 1, bot id = 8077618081)
2026-01-15 15:38:27,586 - aiogram.dispatcher - ERROR - Failed to fetch updates - TelegramConflictError: Telegram server says - Conflict: terminated by other getUpdates request; make sure that only one bot instance is running
2026-01-15 15:38:27,586 - aiogram.dispatcher - WARNING - Sleep for 1.620606 seconds and try again... (tryings = 2, bot id = 8077618081)
2026-01-15 15:38:31,498 - aiogram.dispatcher - INFO - Connection established (tryings = 3, bot id = 8077618081)
2026-01-15 15:38:31,868 - aiogram.event - INFO - Update id=232985078 is handled. Duration 359 ms by bot id=8077618081
2026-01-15 15:38:32,282 - aiogram.dispatcher - ERROR - Failed to fetch updates - TelegramConflictError: Telegram server says - Conflict: terminated by other getUpdates request; make sure that only one bot instance is running
2026-01-15 15:38:32,283 - aiogram.dispatcher - WARNING - Sleep for 1.799780 seconds and try again... (tryings = 2, bot id = 8077618081)
2026-01-15 15:38:34,164 - aiogram.dispatcher - ERROR - Failed to fetch updates - TelegramConflictError: Telegram server says - Conflict: terminated by other getUpdates request; make sure that only one bot instance is running
2026-01-15 15:38:34,164 - aiogram.dispatcher - WARNING - Sleep for 1.000000 seconds and try again... (tryings = 0, bot id = 8077618081)
2026-01-15 15:38:38,237 - aiogram.dispatcher - ERROR - Failed to fetch updates - TelegramConflictError: Telegram server says - Conflict: terminated by other getUpdates request; make sure that only one bot instance is running
2026-01-15 15:38:38,237 - aiogram.dispatcher - WARNING - Sleep for 2.406117 seconds and try again... (tryings = 3, bot id = 8077618081)
2026-01-15 15:38:40,711 - aiogram.dispatcher - ERROR - Failed to fetch updates - TelegramConflictError: Telegram server says - Conflict: terminated by other getUpdates request; make sure that only one bot instance is running
2026-01-15 15:38:40,713 - aiogram.dispatcher - WARNING - Sleep for 1.323365 seconds and try again... (tryings = 1, bot id = 8077618081)
2026-01-15 15:38:42,091 - aiogram.dispatcher - INFO - Connection established (tryings = 4, bot id = 8077618081)
2026-01-15 15:38:42,108 - aiogram.dispatcher - INFO - Connection established (tryings = 2, bot id = 8077618081)
2026-01-15 15:38:42,191 - aiogram.event - INFO - Update id=232985079 is not handled. Duration 77 ms by bot id=8077618081
2026-01-15 15:38:43,483 - aiogram.event - INFO - Update id=232985080 is not handled. Duration 156 ms by bot id=8077618081
2026-01-15 15:38:44,520 - aiogram.event - INFO - Update id=232985081 is not handled. Duration 108 ms by bot id=8077618081
2026-01-15 15:38:45,153 - aiogram.event - INFO - Update id=232985082 is not handled. Duration 94 ms by bot id=8077618081
2026-01-15 15:38:45,170 - aiogram.dispatcher - ERROR - Failed to fetch updates - TelegramConflictError: Telegram server says - Conflict: terminated by other getUpdates request; make sure that only one bot instance is running
2026-01-15 15:38:45,170 - aiogram.dispatcher - WARNING - Sleep for 1.000000 seconds and try again... (tryings = 0, bot id = 8077618081)
2026-01-15 15:38:46,149 - aiogram.event - INFO - Update id=232985083 is not handled. Duration 62 ms by bot id=8077618081
2026-01-15 15:38:46,247 - aiogram.dispatcher - ERROR - Failed to fetch updates - TelegramConflictError: Telegram server says - Conflict: terminated by other getUpdates request; make sure that only one bot instance is running
2026-01-15 15:38:46,247 - aiogram.dispatcher - WARNING - Sleep for 1.000000 seconds and try again... (tryings = 0, bot id = 8077618081)
2026-01-15 15:38:48,520 - aiogram.dispatcher - INFO - Connection established (tryings = 1, bot id = 8077618081)
2026-01-15 15:38:48,688 - aiogram.event - INFO - Update id=232985084 is not handled. Duration 172 ms by bot id=8077618081
2026-01-15 15:38:49,231 - aiogram.event - INFO - Update id=232985085 is not handled. Duration 61 ms by bot id=8077618081
2026-01-15 15:38:50,327 - aiogram.dispatcher - ERROR - Failed to fetch updates - TelegramConflictError: Telegram server says - Conflict: terminated by other getUpdates request; make sure that only one bot instance is running
2026-01-15 15:38:50,329 - aiogram.dispatcher - WARNING - Sleep for 1.376648 seconds and try again... (tryings = 1, bot id = 8077618081)
2026-01-15 15:38:51,881 - aiogram.dispatcher - ERROR - Failed to fetch updates - TelegramConflictError: Telegram server says - Conflict: terminated by other getUpdates request; make sure that only one bot instance is running
2026-01-15 15:38:51,881 - aiogram.dispatcher - WARNING - Sleep for 1.000000 seconds and try again... (tryings = 0, bot id = 8077618081)
2026-01-15 15:38:55,953 - aiogram.dispatcher - ERROR - Failed to fetch updates - TelegramConflictError: Telegram server says - Conflict: terminated by other getUpdates request; make sure that only one bot instance is running
2026-01-15 15:38:55,953 - aiogram.dispatcher - WARNING - Sleep for 1.713541 seconds and try again... (tryings = 2, bot id = 8077618081)
2026-01-15 15:38:57,749 - aiogram.dispatcher - ERROR - Failed to fetch updates - TelegramConflictError: Telegram server says - Conflict: terminated by other getUpdates request; make sure that only one bot instance is running
2026-01-15 15:38:57,749 - aiogram.dispatcher - WARNING - Sleep for 1.115856 seconds and try again... (tryings = 1, bot id = 8077618081)
2026-01-15 15:39:01,409 - aiogram.event - INFO - Update id=232985079 is not handled. Duration 19328 ms by bot id=8077618081
2026-01-15 15:39:01,410 - aiogram.event - ERROR - Cause exception while process update id=232985079 by bot id=8077618081
TelegramNetworkError: HTTP Client says - ClientConnectorError: Cannot connect to host api.telegram.org:443 ssl:default [Превышен таймаут семафора]
Traceback (most recent call last):
  File "C:\Users\User\AppData\Local\Programs\Python\Python312\Lib\site-packages\aiohttp\connector.py", line 1075, in _wrap_create_connection
    return await self._loop.create_connection(*args, **kwargs, sock=sock)
           ^^^^^^^^^^^^^^^^^^^^^^^^^^^^^^^^^^^^^^^^^^^^^^^^^^^^^^^^^^^^^^
  File "C:\Users\User\AppData\Local\Programs\Python\Python312\Lib\asyncio\base_events.py", line 1148, in create_connection
    transport, protocol = await self._create_connection_transport(
                          ^^^^^^^^^^^^^^^^^^^^^^^^^^^^^^^^^^^^^^^^
  File "C:\Users\User\AppData\Local\Programs\Python\Python312\Lib\asyncio\base_events.py", line 1181, in _create_connection_transport
    await waiter
  File "C:\Users\User\AppData\Local\Programs\Python\Python312\Lib\asyncio\proactor_events.py", line 286, in _loop_reading
    length = fut.result()
             ^^^^^^^^^^^^
  File "C:\Users\User\AppData\Local\Programs\Python\Python312\Lib\asyncio\windows_events.py", line 803, in _poll
    value = callback(transferred, key, ov)
            ^^^^^^^^^^^^^^^^^^^^^^^^^^^^^^
  File "C:\Users\User\AppData\Local\Programs\Python\Python312\Lib\asyncio\windows_events.py", line 462, in finish_socket_func
    return ov.getresult()
           ^^^^^^^^^^^^^^
OSError: [WinError 121] Превышен таймаут семафора

The above exception was the direct cause of the following exception:

Traceback (most recent call last):
  File "C:\Users\User\AppData\Local\Programs\Python\Python312\Lib\site-packages\aiogram\client\session\aiohttp.py", line 181, in make_request
    async with session.post(
               ^^^^^^^^^^^^^
  File "C:\Users\User\AppData\Local\Programs\Python\Python312\Lib\site-packages\aiohttp\client.py", line 1357, in __aenter__
    self._resp: _RetType = await self._coro
                           ^^^^^^^^^^^^^^^^
  File "C:\Users\User\AppData\Local\Programs\Python\Python312\Lib\site-packages\aiohttp\client.py", line 661, in _request
    conn = await self._connector.connect(
           ^^^^^^^^^^^^^^^^^^^^^^^^^^^^^^
  File "C:\Users\User\AppData\Local\Programs\Python\Python312\Lib\site-packages\aiohttp\connector.py", line 556, in connect
    proto = await self._create_connection(req, traces, timeout)
            ^^^^^^^^^^^^^^^^^^^^^^^^^^^^^^^^^^^^^^^^^^^^^^^^^^^
  File "C:\Users\User\AppData\Local\Programs\Python\Python312\Lib\site-packages\aiohttp\connector.py", line 1009, in _create_connection
    _, proto = await self._create_direct_connection(req, traces, timeout)
               ^^^^^^^^^^^^^^^^^^^^^^^^^^^^^^^^^^^^^^^^^^^^^^^^^^^^^^^^^^
  File "C:\Users\User\AppData\Local\Programs\Python\Python312\Lib\site-packages\aiohttp\connector.py", line 1343, in _create_direct_connection
    raise last_exc
  File "C:\Users\User\AppData\Local\Programs\Python\Python312\Lib\site-packages\aiohttp\connector.py", line 1312, in _create_direct_connection
    transp, proto = await self._wrap_create_connection(
                    ^^^^^^^^^^^^^^^^^^^^^^^^^^^^^^^^^^^
  File "C:\Users\User\AppData\Local\Programs\Python\Python312\Lib\site-packages\aiohttp\connector.py", line 1083, in _wrap_create_connection
    raise client_error(req.connection_key, exc) from exc
aiohttp.client_exceptions.ClientConnectorError: Cannot connect to host api.telegram.org:443 ssl:default [Превышен таймаут семафора]

During handling of the above exception, another exception occurred:

Traceback (most recent call last):
  File "C:\Users\User\AppData\Local\Programs\Python\Python312\Lib\site-packages\aiogram\dispatcher\dispatcher.py", line 309, in _process_update
    response = await self.feed_update(bot, update, **kwargs)
               ^^^^^^^^^^^^^^^^^^^^^^^^^^^^^^^^^^^^^^^^^^^^^
  File "C:\Users\User\AppData\Local\Programs\Python\Python312\Lib\site-packages\aiogram\dispatcher\dispatcher.py", line 158, in feed_update
    response = await self.update.wrap_outer_middleware(
               ^^^^^^^^^^^^^^^^^^^^^^^^^^^^^^^^^^^^^^^^
  File "C:\Users\User\AppData\Local\Programs\Python\Python312\Lib\site-packages\aiogram\dispatcher\middlewares\error.py", line 25, in __call__
    return await handler(event, data)
           ^^^^^^^^^^^^^^^^^^^^^^^^^^
  File "C:\Users\User\AppData\Local\Programs\Python\Python312\Lib\site-packages\aiogram\dispatcher\middlewares\user_context.py", line 56, in __call__
    return await handler(event, data)
           ^^^^^^^^^^^^^^^^^^^^^^^^^^
  File "C:\Users\User\AppData\Local\Programs\Python\Python312\Lib\site-packages\aiogram\fsm\middleware.py", line 42, in __call__
    return await handler(event, data)
           ^^^^^^^^^^^^^^^^^^^^^^^^^^
  File "C:\Users\User\AppData\Local\Programs\Python\Python312\Lib\site-packages\aiogram\dispatcher\event\telegram.py", line 121, in trigger
    return await wrapped_inner(event, kwargs)
           ^^^^^^^^^^^^^^^^^^^^^^^^^^^^^^^^^^
  File "C:\Users\User\AppData\Local\Programs\Python\Python312\Lib\site-packages\aiogram\dispatcher\event\handler.py", line 43, in call
    return await wrapped()
           ^^^^^^^^^^^^^^^
  File "C:\Users\User\AppData\Local\Programs\Python\Python312\Lib\site-packages\aiogram\dispatcher\dispatcher.py", line 276, in _listen_update
    return await self.propagate_event(update_type=update_type, event=event, **kwargs)
           ^^^^^^^^^^^^^^^^^^^^^^^^^^^^^^^^^^^^^^^^^^^^^^^^^^^^^^^^^^^^^^^^^^^^^^^^^^
  File "C:\Users\User\AppData\Local\Programs\Python\Python312\Lib\site-packages\aiogram\dispatcher\router.py", line 142, in propagate_event
    return await observer.wrap_outer_middleware(_wrapped, event=event, data=kwargs)
           ^^^^^^^^^^^^^^^^^^^^^^^^^^^^^^^^^^^^^^^^^^^^^^^^^^^^^^^^^^^^^^^^^^^^^^^^
  File "C:\Users\User\AppData\Local\Programs\Python\Python312\Lib\site-packages\aiogram\dispatcher\router.py", line 137, in _wrapped
    return await self._propagate_event(
           ^^^^^^^^^^^^^^^^^^^^^^^^^^^^
  File "C:\Users\User\AppData\Local\Programs\Python\Python312\Lib\site-packages\aiogram\dispatcher\router.py", line 170, in _propagate_event
    response = await router.propagate_event(update_type=update_type, event=event, **kwargs)
               ^^^^^^^^^^^^^^^^^^^^^^^^^^^^^^^^^^^^^^^^^^^^^^^^^^^^^^^^^^^^^^^^^^^^^^^^^^^^
  File "C:\Users\User\AppData\Local\Programs\Python\Python312\Lib\site-packages\aiogram\dispatcher\router.py", line 142, in propagate_event
    return await observer.wrap_outer_middleware(_wrapped, event=event, data=kwargs)
           ^^^^^^^^^^^^^^^^^^^^^^^^^^^^^^^^^^^^^^^^^^^^^^^^^^^^^^^^^^^^^^^^^^^^^^^^
  File "C:\Users\User\AppData\Local\Programs\Python\Python312\Lib\site-packages\aiogram\dispatcher\router.py", line 137, in _wrapped
    return await self._propagate_event(
           ^^^^^^^^^^^^^^^^^^^^^^^^^^^^
  File "C:\Users\User\AppData\Local\Programs\Python\Python312\Lib\site-packages\aiogram\dispatcher\router.py", line 162, in _propagate_event
    response = await observer.trigger(event, **kwargs)
               ^^^^^^^^^^^^^^^^^^^^^^^^^^^^^^^^^^^^^^^
  File "C:\Users\User\AppData\Local\Programs\Python\Python312\Lib\site-packages\aiogram\dispatcher\event\telegram.py", line 121, in trigger
    return await wrapped_inner(event, kwargs)
           ^^^^^^^^^^^^^^^^^^^^^^^^^^^^^^^^^^
  File "C:\Users\User\AppData\Local\Programs\Python\Python312\Lib\site-packages\aiogram\dispatcher\event\handler.py", line 43, in call
    return await wrapped()
           ^^^^^^^^^^^^^^^
  File "C:\Users\User\eldosina\handlers\start.py", line 216, in menu_buy_handler
    await callback.answer()
  File "C:\Users\User\AppData\Local\Programs\Python\Python312\Lib\site-packages\aiogram\methods\base.py", line 84, in emit
    return await bot(self)
           ^^^^^^^^^^^^^^^
  File "C:\Users\User\AppData\Local\Programs\Python\Python312\Lib\site-packages\aiogram\client\bot.py", line 488, in __call__
    return await self.session(self, method, timeout=request_timeout)
           ^^^^^^^^^^^^^^^^^^^^^^^^^^^^^^^^^^^^^^^^^^^^^^^^^^^^^^^^^
  File "C:\Users\User\AppData\Local\Programs\Python\Python312\Lib\site-packages\aiogram\client\session\base.py", line 254, in __call__
    return cast(TelegramType, await middleware(bot, method))
                              ^^^^^^^^^^^^^^^^^^^^^^^^^^^^^
  File "C:\Users\User\AppData\Local\Programs\Python\Python312\Lib\site-packages\aiogram\client\session\aiohttp.py", line 188, in make_request
    raise TelegramNetworkError(method=method, message=f"{type(e).__name__}: {e}")
aiogram.exceptions.TelegramNetworkError: HTTP Client says - ClientConnectorError: Cannot connect to host api.telegram.org:443 ssl:default [Превышен таймаут семафора]
2026-01-15 15:39:02,330 - aiogram.dispatcher - ERROR - Failed to fetch updates - TelegramConflictError: Telegram server says - Conflict: terminated by other getUpdates request; make sure that only one bot instance is running
2026-01-15 15:39:02,330 - aiogram.dispatcher - WARNING - Sleep for 2.144516 seconds and try again... (tryings = 3, bot id = 8077618081)
2026-01-15 15:39:04,451 - aiogram.dispatcher - INFO - Polling stopped
2026-01-15 15:39:04,738 - __main__ - INFO - Бот остановлен
2026-01-15 15:39:09,327 - aiogram.dispatcher - INFO - Connection established (tryings = 2, bot id = 8077618081)
2026-01-15 15:40:16,343 - __main__ - INFO - Используется BOT_TOKEN: 8077618081:AAHvfkJ8n... (из .env файла)
2026-01-15 15:40:16,532 - __main__ - INFO - Бот запущен!
2026-01-15 15:40:16,533 - aiogram.dispatcher - INFO - Start polling
2026-01-15 15:40:27,106 - __main__ - INFO - Используется BOT_TOKEN: 8077618081:AAHvfkJ8n... (из .env файла)
2026-01-15 15:40:27,295 - __main__ - INFO - Бот запущен!
2026-01-15 15:40:27,295 - aiogram.dispatcher - INFO - Start polling
2026-01-15 15:40:35,817 - aiogram.dispatcher - INFO - Polling stopped
2026-01-15 15:40:46,618 - aiogram.dispatcher - INFO - Polling stopped
2026-01-19 14:17:42,645 - __main__ - INFO - Используется BOT_TOKEN: 8077618081:AAHvfkJ8n... (из .env файла)
2026-01-19 14:17:42,821 - __main__ - INFO - Бот запущен!
2026-01-19 14:17:42,823 - aiogram.dispatcher - INFO - Start polling
2026-01-19 14:17:50,080 - aiogram.event - INFO - Update id=232985102 is handled. Duration 296 ms by bot id=8077618081
2026-01-19 14:17:51,854 - aiogram.event - INFO - Update id=232985103 is handled. Duration 77 ms by bot id=8077618081
2026-01-19 14:17:56,443 - aiogram.event - INFO - Update id=232985104 is handled. Duration 94 ms by bot id=8077618081
2026-01-19 14:17:58,366 - aiogram.event - INFO - Update id=232985105 is not handled. Duration 63 ms by bot id=8077618081
2026-01-19 14:17:58,366 - aiogram.event - ERROR - Cause exception while process update id=232985105 by bot id=8077618081
TelegramBadRequest: Telegram server says - Bad Request: can't parse entities: Can't find end of the entity starting at byte offset 1107
Traceback (most recent call last):
  File "C:\Users\User\PycharmProjects\eldosina\.venv\Lib\site-packages\aiogram\dispatcher\dispatcher.py", line 309, in _process_update
    response = await self.feed_update(bot, update, **kwargs)
               ^^^^^^^^^^^^^^^^^^^^^^^^^^^^^^^^^^^^^^^^^^^^^
  File "C:\Users\User\PycharmProjects\eldosina\.venv\Lib\site-packages\aiogram\dispatcher\dispatcher.py", line 158, in feed_update
    response = await self.update.wrap_outer_middleware(
               ^^^^^^^^^^^^^^^^^^^^^^^^^^^^^^^^^^^^^^^^
  File "C:\Users\User\PycharmProjects\eldosina\.venv\Lib\site-packages\aiogram\dispatcher\middlewares\error.py", line 25, in __call__
    return await handler(event, data)
           ^^^^^^^^^^^^^^^^^^^^^^^^^^
  File "C:\Users\User\PycharmProjects\eldosina\.venv\Lib\site-packages\aiogram\dispatcher\middlewares\user_context.py", line 56, in __call__
    return await handler(event, data)
           ^^^^^^^^^^^^^^^^^^^^^^^^^^
  File "C:\Users\User\PycharmProjects\eldosina\.venv\Lib\site-packages\aiogram\fsm\middleware.py", line 42, in __call__
    return await handler(event, data)
           ^^^^^^^^^^^^^^^^^^^^^^^^^^
  File "C:\Users\User\PycharmProjects\eldosina\.venv\Lib\site-packages\aiogram\dispatcher\event\telegram.py", line 121, in trigger
    return await wrapped_inner(event, kwargs)
           ^^^^^^^^^^^^^^^^^^^^^^^^^^^^^^^^^^
  File "C:\Users\User\PycharmProjects\eldosina\.venv\Lib\site-packages\aiogram\dispatcher\event\handler.py", line 43, in call
    return await wrapped()
           ^^^^^^^^^^^^^^^
  File "C:\Users\User\PycharmProjects\eldosina\.venv\Lib\site-packages\aiogram\dispatcher\dispatcher.py", line 276, in _listen_update
    return await self.propagate_event(update_type=update_type, event=event, **kwargs)
           ^^^^^^^^^^^^^^^^^^^^^^^^^^^^^^^^^^^^^^^^^^^^^^^^^^^^^^^^^^^^^^^^^^^^^^^^^^
  File "C:\Users\User\PycharmProjects\eldosina\.venv\Lib\site-packages\aiogram\dispatcher\router.py", line 142, in propagate_event
    return await observer.wrap_outer_middleware(_wrapped, event=event, data=kwargs)
           ^^^^^^^^^^^^^^^^^^^^^^^^^^^^^^^^^^^^^^^^^^^^^^^^^^^^^^^^^^^^^^^^^^^^^^^^
  File "C:\Users\User\PycharmProjects\eldosina\.venv\Lib\site-packages\aiogram\dispatcher\router.py", line 137, in _wrapped
    return await self._propagate_event(
           ^^^^^^^^^^^^^^^^^^^^^^^^^^^^
  File "C:\Users\User\PycharmProjects\eldosina\.venv\Lib\site-packages\aiogram\dispatcher\router.py", line 170, in _propagate_event
    response = await router.propagate_event(update_type=update_type, event=event, **kwargs)
               ^^^^^^^^^^^^^^^^^^^^^^^^^^^^^^^^^^^^^^^^^^^^^^^^^^^^^^^^^^^^^^^^^^^^^^^^^^^^
  File "C:\Users\User\PycharmProjects\eldosina\.venv\Lib\site-packages\aiogram\dispatcher\router.py", line 142, in propagate_event
    return await observer.wrap_outer_middleware(_wrapped, event=event, data=kwargs)
           ^^^^^^^^^^^^^^^^^^^^^^^^^^^^^^^^^^^^^^^^^^^^^^^^^^^^^^^^^^^^^^^^^^^^^^^^
  File "C:\Users\User\PycharmProjects\eldosina\.venv\Lib\site-packages\aiogram\dispatcher\router.py", line 137, in _wrapped
    return await self._propagate_event(
           ^^^^^^^^^^^^^^^^^^^^^^^^^^^^
  File "C:\Users\User\PycharmProjects\eldosina\.venv\Lib\site-packages\aiogram\dispatcher\router.py", line 162, in _propagate_event
    response = await observer.trigger(event, **kwargs)
               ^^^^^^^^^^^^^^^^^^^^^^^^^^^^^^^^^^^^^^^
  File "C:\Users\User\PycharmProjects\eldosina\.venv\Lib\site-packages\aiogram\dispatcher\event\telegram.py", line 121, in trigger
    return await wrapped_inner(event, kwargs)
           ^^^^^^^^^^^^^^^^^^^^^^^^^^^^^^^^^^
  File "C:\Users\User\PycharmProjects\eldosina\.venv\Lib\site-packages\aiogram\dispatcher\event\handler.py", line 43, in call
    return await wrapped()
           ^^^^^^^^^^^^^^^
  File "C:\Users\User\PycharmProjects\eldosina\handlers\start.py", line 183, in faq_handler
    await message.answer(faq_text, parse_mode="Markdown")
  File "C:\Users\User\PycharmProjects\eldosina\.venv\Lib\site-packages\aiogram\methods\base.py", line 84, in emit
    return await bot(self)
           ^^^^^^^^^^^^^^^
  File "C:\Users\User\PycharmProjects\eldosina\.venv\Lib\site-packages\aiogram\client\bot.py", line 488, in __call__
    return await self.session(self, method, timeout=request_timeout)
           ^^^^^^^^^^^^^^^^^^^^^^^^^^^^^^^^^^^^^^^^^^^^^^^^^^^^^^^^^
  File "C:\Users\User\PycharmProjects\eldosina\.venv\Lib\site-packages\aiogram\client\session\base.py", line 254, in __call__
    return cast(TelegramType, await middleware(bot, method))
                              ^^^^^^^^^^^^^^^^^^^^^^^^^^^^^
  File "C:\Users\User\PycharmProjects\eldosina\.venv\Lib\site-packages\aiogram\client\session\aiohttp.py", line 189, in make_request
    response = self.check_response(
               ^^^^^^^^^^^^^^^^^^^^
  File "C:\Users\User\PycharmProjects\eldosina\.venv\Lib\site-packages\aiogram\client\session\base.py", line 120, in check_response
    raise TelegramBadRequest(method=method, message=description)
aiogram.exceptions.TelegramBadRequest: Telegram server says - Bad Request: can't parse entities: Can't find end of the entity starting at byte offset 1107
2026-01-19 14:18:00,963 - aiogram.event - INFO - Update id=232985106 is handled. Duration 265 ms by bot id=8077618081
2026-01-19 14:18:02,750 - aiogram.event - INFO - Update id=232985107 is handled. Duration 92 ms by bot id=8077618081
2026-01-19 14:18:04,848 - aiogram.event - INFO - Update id=232985108 is handled. Duration 108 ms by bot id=8077618081
2026-01-19 14:18:06,531 - aiogram.event - INFO - Update id=232985101 is not handled. Duration 19328 ms by bot id=8077618081
2026-01-19 14:18:06,532 - aiogram.event - ERROR - Cause exception while process update id=232985101 by bot id=8077618081
TelegramNetworkError: HTTP Client says - ClientConnectorError: Cannot connect to host api.telegram.org:443 ssl:default [Превышен таймаут семафора]
Traceback (most recent call last):
  File "C:\Users\User\PycharmProjects\eldosina\.venv\Lib\site-packages\aiohttp\connector.py", line 1075, in _wrap_create_connection
    return await self._loop.create_connection(*args, **kwargs, sock=sock)
           ^^^^^^^^^^^^^^^^^^^^^^^^^^^^^^^^^^^^^^^^^^^^^^^^^^^^^^^^^^^^^^
  File "C:\Users\User\AppData\Local\Programs\Python\Python312\Lib\asyncio\base_events.py", line 1148, in create_connection
    transport, protocol = await self._create_connection_transport(
                          ^^^^^^^^^^^^^^^^^^^^^^^^^^^^^^^^^^^^^^^^
  File "C:\Users\User\AppData\Local\Programs\Python\Python312\Lib\asyncio\base_events.py", line 1181, in _create_connection_transport
    await waiter
  File "C:\Users\User\AppData\Local\Programs\Python\Python312\Lib\asyncio\proactor_events.py", line 286, in _loop_reading
    length = fut.result()
             ^^^^^^^^^^^^
  File "C:\Users\User\AppData\Local\Programs\Python\Python312\Lib\asyncio\windows_events.py", line 803, in _poll
    value = callback(transferred, key, ov)
            ^^^^^^^^^^^^^^^^^^^^^^^^^^^^^^
  File "C:\Users\User\AppData\Local\Programs\Python\Python312\Lib\asyncio\windows_events.py", line 462, in finish_socket_func
    return ov.getresult()
           ^^^^^^^^^^^^^^
OSError: [WinError 121] Превышен таймаут семафора

The above exception was the direct cause of the following exception:

Traceback (most recent call last):
  File "C:\Users\User\PycharmProjects\eldosina\.venv\Lib\site-packages\aiogram\client\session\aiohttp.py", line 181, in make_request
    async with session.post(
               ^^^^^^^^^^^^^
  File "C:\Users\User\PycharmProjects\eldosina\.venv\Lib\site-packages\aiohttp\client.py", line 1357, in __aenter__
    self._resp: _RetType = await self._coro
                           ^^^^^^^^^^^^^^^^
  File "C:\Users\User\PycharmProjects\eldosina\.venv\Lib\site-packages\aiohttp\client.py", line 661, in _request
    conn = await self._connector.connect(
           ^^^^^^^^^^^^^^^^^^^^^^^^^^^^^^
  File "C:\Users\User\PycharmProjects\eldosina\.venv\Lib\site-packages\aiohttp\connector.py", line 556, in connect
    proto = await self._create_connection(req, traces, timeout)
            ^^^^^^^^^^^^^^^^^^^^^^^^^^^^^^^^^^^^^^^^^^^^^^^^^^^
  File "C:\Users\User\PycharmProjects\eldosina\.venv\Lib\site-packages\aiohttp\connector.py", line 1009, in _create_connection
    _, proto = await self._create_direct_connection(req, traces, timeout)
               ^^^^^^^^^^^^^^^^^^^^^^^^^^^^^^^^^^^^^^^^^^^^^^^^^^^^^^^^^^
  File "C:\Users\User\PycharmProjects\eldosina\.venv\Lib\site-packages\aiohttp\connector.py", line 1343, in _create_direct_connection
    raise last_exc
  File "C:\Users\User\PycharmProjects\eldosina\.venv\Lib\site-packages\aiohttp\connector.py", line 1312, in _create_direct_connection
    transp, proto = await self._wrap_create_connection(
                    ^^^^^^^^^^^^^^^^^^^^^^^^^^^^^^^^^^^
  File "C:\Users\User\PycharmProjects\eldosina\.venv\Lib\site-packages\aiohttp\connector.py", line 1083, in _wrap_create_connection
    raise client_error(req.connection_key, exc) from exc
aiohttp.client_exceptions.ClientConnectorError: Cannot connect to host api.telegram.org:443 ssl:default [Превышен таймаут семафора]

During handling of the above exception, another exception occurred:

Traceback (most recent call last):
  File "C:\Users\User\PycharmProjects\eldosina\.venv\Lib\site-packages\aiogram\dispatcher\dispatcher.py", line 309, in _process_update
    response = await self.feed_update(bot, update, **kwargs)
               ^^^^^^^^^^^^^^^^^^^^^^^^^^^^^^^^^^^^^^^^^^^^^
  File "C:\Users\User\PycharmProjects\eldosina\.venv\Lib\site-packages\aiogram\dispatcher\dispatcher.py", line 158, in feed_update
    response = await self.update.wrap_outer_middleware(
               ^^^^^^^^^^^^^^^^^^^^^^^^^^^^^^^^^^^^^^^^
  File "C:\Users\User\PycharmProjects\eldosina\.venv\Lib\site-packages\aiogram\dispatcher\middlewares\error.py", line 25, in __call__
    return await handler(event, data)
           ^^^^^^^^^^^^^^^^^^^^^^^^^^
  File "C:\Users\User\PycharmProjects\eldosina\.venv\Lib\site-packages\aiogram\dispatcher\middlewares\user_context.py", line 56, in __call__
    return await handler(event, data)
           ^^^^^^^^^^^^^^^^^^^^^^^^^^
  File "C:\Users\User\PycharmProjects\eldosina\.venv\Lib\site-packages\aiogram\fsm\middleware.py", line 42, in __call__
    return await handler(event, data)
           ^^^^^^^^^^^^^^^^^^^^^^^^^^
  File "C:\Users\User\PycharmProjects\eldosina\.venv\Lib\site-packages\aiogram\dispatcher\event\telegram.py", line 121, in trigger
    return await wrapped_inner(event, kwargs)
           ^^^^^^^^^^^^^^^^^^^^^^^^^^^^^^^^^^
  File "C:\Users\User\PycharmProjects\eldosina\.venv\Lib\site-packages\aiogram\dispatcher\event\handler.py", line 43, in call
    return await wrapped()
           ^^^^^^^^^^^^^^^
  File "C:\Users\User\PycharmProjects\eldosina\.venv\Lib\site-packages\aiogram\dispatcher\dispatcher.py", line 276, in _listen_update
    return await self.propagate_event(update_type=update_type, event=event, **kwargs)
           ^^^^^^^^^^^^^^^^^^^^^^^^^^^^^^^^^^^^^^^^^^^^^^^^^^^^^^^^^^^^^^^^^^^^^^^^^^
  File "C:\Users\User\PycharmProjects\eldosina\.venv\Lib\site-packages\aiogram\dispatcher\router.py", line 142, in propagate_event
    return await observer.wrap_outer_middleware(_wrapped, event=event, data=kwargs)
           ^^^^^^^^^^^^^^^^^^^^^^^^^^^^^^^^^^^^^^^^^^^^^^^^^^^^^^^^^^^^^^^^^^^^^^^^
  File "C:\Users\User\PycharmProjects\eldosina\.venv\Lib\site-packages\aiogram\dispatcher\router.py", line 137, in _wrapped
    return await self._propagate_event(
           ^^^^^^^^^^^^^^^^^^^^^^^^^^^^
  File "C:\Users\User\PycharmProjects\eldosina\.venv\Lib\site-packages\aiogram\dispatcher\router.py", line 170, in _propagate_event
    response = await router.propagate_event(update_type=update_type, event=event, **kwargs)
               ^^^^^^^^^^^^^^^^^^^^^^^^^^^^^^^^^^^^^^^^^^^^^^^^^^^^^^^^^^^^^^^^^^^^^^^^^^^^
  File "C:\Users\User\PycharmProjects\eldosina\.venv\Lib\site-packages\aiogram\dispatcher\router.py", line 142, in propagate_event
    return await observer.wrap_outer_middleware(_wrapped, event=event, data=kwargs)
           ^^^^^^^^^^^^^^^^^^^^^^^^^^^^^^^^^^^^^^^^^^^^^^^^^^^^^^^^^^^^^^^^^^^^^^^^
  File "C:\Users\User\PycharmProjects\eldosina\.venv\Lib\site-packages\aiogram\dispatcher\router.py", line 137, in _wrapped
    return await self._propagate_event(
           ^^^^^^^^^^^^^^^^^^^^^^^^^^^^
  File "C:\Users\User\PycharmProjects\eldosina\.venv\Lib\site-packages\aiogram\dispatcher\router.py", line 162, in _propagate_event
    response = await observer.trigger(event, **kwargs)
               ^^^^^^^^^^^^^^^^^^^^^^^^^^^^^^^^^^^^^^^
  File "C:\Users\User\PycharmProjects\eldosina\.venv\Lib\site-packages\aiogram\dispatcher\event\telegram.py", line 121, in trigger
    return await wrapped_inner(event, kwargs)
           ^^^^^^^^^^^^^^^^^^^^^^^^^^^^^^^^^^
  File "C:\Users\User\PycharmProjects\eldosina\.venv\Lib\site-packages\aiogram\dispatcher\event\handler.py", line 43, in call
    return await wrapped()
           ^^^^^^^^^^^^^^^
  File "C:\Users\User\PycharmProjects\eldosina\handlers\buy.py", line 47, in buy_accounts
    await message.answer(
  File "C:\Users\User\PycharmProjects\eldosina\.venv\Lib\site-packages\aiogram\methods\base.py", line 84, in emit
    return await bot(self)
           ^^^^^^^^^^^^^^^
  File "C:\Users\User\PycharmProjects\eldosina\.venv\Lib\site-packages\aiogram\client\bot.py", line 488, in __call__
    return await self.session(self, method, timeout=request_timeout)
           ^^^^^^^^^^^^^^^^^^^^^^^^^^^^^^^^^^^^^^^^^^^^^^^^^^^^^^^^^
  File "C:\Users\User\PycharmProjects\eldosina\.venv\Lib\site-packages\aiogram\client\session\base.py", line 254, in __call__
    return cast(TelegramType, await middleware(bot, method))
                              ^^^^^^^^^^^^^^^^^^^^^^^^^^^^^
  File "C:\Users\User\PycharmProjects\eldosina\.venv\Lib\site-packages\aiogram\client\session\aiohttp.py", line 188, in make_request
    raise TelegramNetworkError(method=method, message=f"{type(e).__name__}: {e}")
aiogram.exceptions.TelegramNetworkError: HTTP Client says - ClientConnectorError: Cannot connect to host api.telegram.org:443 ssl:default [Превышен таймаут семафора]
2026-01-19 14:18:07,497 - aiogram.event - INFO - Update id=232985109 is handled. Duration 94 ms by bot id=8077618081
2026-01-19 14:18:09,845 - aiogram.event - INFO - Update id=232985110 is handled. Duration 125 ms by bot id=8077618081
2026-01-19 14:18:11,797 - aiogram.event - INFO - Update id=232985111 is not handled. Duration 78 ms by bot id=8077618081
2026-01-19 14:18:11,798 - aiogram.event - ERROR - Cause exception while process update id=232985111 by bot id=8077618081
TelegramBadRequest: Telegram server says - Bad Request: can't parse entities: Can't find end of the entity starting at byte offset 1107
Traceback (most recent call last):
  File "C:\Users\User\PycharmProjects\eldosina\.venv\Lib\site-packages\aiogram\dispatcher\dispatcher.py", line 309, in _process_update
    response = await self.feed_update(bot, update, **kwargs)
               ^^^^^^^^^^^^^^^^^^^^^^^^^^^^^^^^^^^^^^^^^^^^^
  File "C:\Users\User\PycharmProjects\eldosina\.venv\Lib\site-packages\aiogram\dispatcher\dispatcher.py", line 158, in feed_update
    response = await self.update.wrap_outer_middleware(
               ^^^^^^^^^^^^^^^^^^^^^^^^^^^^^^^^^^^^^^^^
  File "C:\Users\User\PycharmProjects\eldosina\.venv\Lib\site-packages\aiogram\dispatcher\middlewares\error.py", line 25, in __call__
    return await handler(event, data)
           ^^^^^^^^^^^^^^^^^^^^^^^^^^
  File "C:\Users\User\PycharmProjects\eldosina\.venv\Lib\site-packages\aiogram\dispatcher\middlewares\user_context.py", line 56, in __call__
    return await handler(event, data)
           ^^^^^^^^^^^^^^^^^^^^^^^^^^
  File "C:\Users\User\PycharmProjects\eldosina\.venv\Lib\site-packages\aiogram\fsm\middleware.py", line 42, in __call__
    return await handler(event, data)
           ^^^^^^^^^^^^^^^^^^^^^^^^^^
  File "C:\Users\User\PycharmProjects\eldosina\.venv\Lib\site-packages\aiogram\dispatcher\event\telegram.py", line 121, in trigger
    return await wrapped_inner(event, kwargs)
           ^^^^^^^^^^^^^^^^^^^^^^^^^^^^^^^^^^
  File "C:\Users\User\PycharmProjects\eldosina\.venv\Lib\site-packages\aiogram\dispatcher\event\handler.py", line 43, in call
    return await wrapped()
           ^^^^^^^^^^^^^^^
  File "C:\Users\User\PycharmProjects\eldosina\.venv\Lib\site-packages\aiogram\dispatcher\dispatcher.py", line 276, in _listen_update
    return await self.propagate_event(update_type=update_type, event=event, **kwargs)
           ^^^^^^^^^^^^^^^^^^^^^^^^^^^^^^^^^^^^^^^^^^^^^^^^^^^^^^^^^^^^^^^^^^^^^^^^^^
  File "C:\Users\User\PycharmProjects\eldosina\.venv\Lib\site-packages\aiogram\dispatcher\router.py", line 142, in propagate_event
    return await observer.wrap_outer_middleware(_wrapped, event=event, data=kwargs)
           ^^^^^^^^^^^^^^^^^^^^^^^^^^^^^^^^^^^^^^^^^^^^^^^^^^^^^^^^^^^^^^^^^^^^^^^^
  File "C:\Users\User\PycharmProjects\eldosina\.venv\Lib\site-packages\aiogram\dispatcher\router.py", line 137, in _wrapped
    return await self._propagate_event(
           ^^^^^^^^^^^^^^^^^^^^^^^^^^^^
  File "C:\Users\User\PycharmProjects\eldosina\.venv\Lib\site-packages\aiogram\dispatcher\router.py", line 170, in _propagate_event
    response = await router.propagate_event(update_type=update_type, event=event, **kwargs)
               ^^^^^^^^^^^^^^^^^^^^^^^^^^^^^^^^^^^^^^^^^^^^^^^^^^^^^^^^^^^^^^^^^^^^^^^^^^^^
  File "C:\Users\User\PycharmProjects\eldosina\.venv\Lib\site-packages\aiogram\dispatcher\router.py", line 142, in propagate_event
    return await observer.wrap_outer_middleware(_wrapped, event=event, data=kwargs)
           ^^^^^^^^^^^^^^^^^^^^^^^^^^^^^^^^^^^^^^^^^^^^^^^^^^^^^^^^^^^^^^^^^^^^^^^^
  File "C:\Users\User\PycharmProjects\eldosina\.venv\Lib\site-packages\aiogram\dispatcher\router.py", line 137, in _wrapped
    return await self._propagate_event(
           ^^^^^^^^^^^^^^^^^^^^^^^^^^^^
  File "C:\Users\User\PycharmProjects\eldosina\.venv\Lib\site-packages\aiogram\dispatcher\router.py", line 162, in _propagate_event
    response = await observer.trigger(event, **kwargs)
               ^^^^^^^^^^^^^^^^^^^^^^^^^^^^^^^^^^^^^^^
  File "C:\Users\User\PycharmProjects\eldosina\.venv\Lib\site-packages\aiogram\dispatcher\event\telegram.py", line 121, in trigger
    return await wrapped_inner(event, kwargs)
           ^^^^^^^^^^^^^^^^^^^^^^^^^^^^^^^^^^
  File "C:\Users\User\PycharmProjects\eldosina\.venv\Lib\site-packages\aiogram\dispatcher\event\handler.py", line 43, in call
    return await wrapped()
           ^^^^^^^^^^^^^^^
  File "C:\Users\User\PycharmProjects\eldosina\handlers\start.py", line 183, in faq_handler
    await message.answer(faq_text, parse_mode="Markdown")
  File "C:\Users\User\PycharmProjects\eldosina\.venv\Lib\site-packages\aiogram\methods\base.py", line 84, in emit
    return await bot(self)
           ^^^^^^^^^^^^^^^
  File "C:\Users\User\PycharmProjects\eldosina\.venv\Lib\site-packages\aiogram\client\bot.py", line 488, in __call__
    return await self.session(self, method, timeout=request_timeout)
           ^^^^^^^^^^^^^^^^^^^^^^^^^^^^^^^^^^^^^^^^^^^^^^^^^^^^^^^^^
  File "C:\Users\User\PycharmProjects\eldosina\.venv\Lib\site-packages\aiogram\client\session\base.py", line 254, in __call__
    return cast(TelegramType, await middleware(bot, method))
                              ^^^^^^^^^^^^^^^^^^^^^^^^^^^^^
  File "C:\Users\User\PycharmProjects\eldosina\.venv\Lib\site-packages\aiogram\client\session\aiohttp.py", line 189, in make_request
    response = self.check_response(
               ^^^^^^^^^^^^^^^^^^^^
  File "C:\Users\User\PycharmProjects\eldosina\.venv\Lib\site-packages\aiogram\client\session\base.py", line 120, in check_response
    raise TelegramBadRequest(method=method, message=description)
aiogram.exceptions.TelegramBadRequest: Telegram server says - Bad Request: can't parse entities: Can't find end of the entity starting at byte offset 1107
2026-01-19 14:18:38,044 - aiogram.dispatcher - INFO - Polling stopped
2026-01-19 14:18:38,338 - __main__ - INFO - Бот остановлен
2026-01-19 14:20:02,725 - __main__ - INFO - Используется BOT_TOKEN: 8077618081:AAHvfkJ8n... (из .env файла)
2026-01-19 14:20:02,895 - __main__ - INFO - Бот запущен!
2026-01-19 14:20:02,895 - aiogram.dispatcher - INFO - Start polling
2026-01-19 14:20:03,212 - aiogram.event - INFO - Update id=232985112 is not handled. Duration 30 ms by bot id=8077618081
2026-01-19 14:20:03,411 - aiogram.event - INFO - Update id=232985118 is handled. Duration 219 ms by bot id=8077618081
2026-01-19 14:20:03,434 - aiogram.event - INFO - Update id=232985123 is handled. Duration 219 ms by bot id=8077618081
2026-01-19 14:20:03,443 - aiogram.event - INFO - Update id=232985119 is handled. Duration 250 ms by bot id=8077618081
2026-01-19 14:20:03,504 - aiogram.event - INFO - Update id=232985116 is handled. Duration 311 ms by bot id=8077618081
2026-01-19 14:20:03,509 - aiogram.event - INFO - Update id=232985122 is handled. Duration 311 ms by bot id=8077618081
2026-01-19 14:20:03,534 - aiogram.event - INFO - Update id=232985120 is handled. Duration 344 ms by bot id=8077618081
2026-01-19 14:20:03,555 - aiogram.event - INFO - Update id=232985127 is handled. Duration 344 ms by bot id=8077618081
2026-01-19 14:20:03,577 - aiogram.event - INFO - Update id=232985128 is handled. Duration 375 ms by bot id=8077618081
2026-01-19 14:20:03,649 - aiogram.event - INFO - Update id=232985126 is handled. Duration 438 ms by bot id=8077618081
2026-01-19 14:20:03,682 - aiogram.event - INFO - Update id=232985113 is handled. Duration 500 ms by bot id=8077618081
2026-01-19 14:20:03,711 - aiogram.event - INFO - Update id=232985117 is handled. Duration 515 ms by bot id=8077618081
2026-01-19 14:20:03,734 - aiogram.event - INFO - Update id=232985125 is handled. Duration 532 ms by bot id=8077618081
2026-01-19 14:20:03,755 - aiogram.event - INFO - Update id=232985129 is handled. Duration 546 ms by bot id=8077618081
2026-01-19 14:20:08,248 - aiogram.event - INFO - Update id=232985130 is handled. Duration 141 ms by bot id=8077618081
2026-01-19 14:20:12,195 - aiogram.event - INFO - Update id=232985131 is handled. Duration 155 ms by bot id=8077618081
2026-01-19 14:20:20,496 - aiogram.event - INFO - Update id=232985132 is handled. Duration 125 ms by bot id=8077618081
2026-01-19 14:20:22,488 - aiogram.event - INFO - Update id=232985114 is not handled. Duration 19297 ms by bot id=8077618081
2026-01-19 14:20:22,488 - aiogram.event - ERROR - Cause exception while process update id=232985114 by bot id=8077618081
TelegramNetworkError: HTTP Client says - ClientConnectorError: Cannot connect to host api.telegram.org:443 ssl:default [Превышен таймаут семафора]
Traceback (most recent call last):
  File "C:\Users\User\PycharmProjects\eldosina\.venv\Lib\site-packages\aiohttp\connector.py", line 1075, in _wrap_create_connection
    return await self._loop.create_connection(*args, **kwargs, sock=sock)
           ^^^^^^^^^^^^^^^^^^^^^^^^^^^^^^^^^^^^^^^^^^^^^^^^^^^^^^^^^^^^^^
  File "C:\Users\User\AppData\Local\Programs\Python\Python312\Lib\asyncio\base_events.py", line 1148, in create_connection
    transport, protocol = await self._create_connection_transport(
                          ^^^^^^^^^^^^^^^^^^^^^^^^^^^^^^^^^^^^^^^^
  File "C:\Users\User\AppData\Local\Programs\Python\Python312\Lib\asyncio\base_events.py", line 1181, in _create_connection_transport
    await waiter
  File "C:\Users\User\AppData\Local\Programs\Python\Python312\Lib\asyncio\proactor_events.py", line 286, in _loop_reading
    length = fut.result()
             ^^^^^^^^^^^^
  File "C:\Users\User\AppData\Local\Programs\Python\Python312\Lib\asyncio\windows_events.py", line 803, in _poll
    value = callback(transferred, key, ov)
            ^^^^^^^^^^^^^^^^^^^^^^^^^^^^^^
  File "C:\Users\User\AppData\Local\Programs\Python\Python312\Lib\asyncio\windows_events.py", line 462, in finish_socket_func
    return ov.getresult()
           ^^^^^^^^^^^^^^
OSError: [WinError 121] Превышен таймаут семафора

The above exception was the direct cause of the following exception:

Traceback (most recent call last):
  File "C:\Users\User\PycharmProjects\eldosina\.venv\Lib\site-packages\aiogram\client\session\aiohttp.py", line 181, in make_request
    async with session.post(
               ^^^^^^^^^^^^^
  File "C:\Users\User\PycharmProjects\eldosina\.venv\Lib\site-packages\aiohttp\client.py", line 1357, in __aenter__
    self._resp: _RetType = await self._coro
                           ^^^^^^^^^^^^^^^^
  File "C:\Users\User\PycharmProjects\eldosina\.venv\Lib\site-packages\aiohttp\client.py", line 661, in _request
    conn = await self._connector.connect(
           ^^^^^^^^^^^^^^^^^^^^^^^^^^^^^^
  File "C:\Users\User\PycharmProjects\eldosina\.venv\Lib\site-packages\aiohttp\connector.py", line 556, in connect
    proto = await self._create_connection(req, traces, timeout)
            ^^^^^^^^^^^^^^^^^^^^^^^^^^^^^^^^^^^^^^^^^^^^^^^^^^^
  File "C:\Users\User\PycharmProjects\eldosina\.venv\Lib\site-packages\aiohttp\connector.py", line 1009, in _create_connection
    _, proto = await self._create_direct_connection(req, traces, timeout)
               ^^^^^^^^^^^^^^^^^^^^^^^^^^^^^^^^^^^^^^^^^^^^^^^^^^^^^^^^^^
  File "C:\Users\User\PycharmProjects\eldosina\.venv\Lib\site-packages\aiohttp\connector.py", line 1343, in _create_direct_connection
    raise last_exc
  File "C:\Users\User\PycharmProjects\eldosina\.venv\Lib\site-packages\aiohttp\connector.py", line 1312, in _create_direct_connection
    transp, proto = await self._wrap_create_connection(
                    ^^^^^^^^^^^^^^^^^^^^^^^^^^^^^^^^^^^
  File "C:\Users\User\PycharmProjects\eldosina\.venv\Lib\site-packages\aiohttp\connector.py", line 1083, in _wrap_create_connection
    raise client_error(req.connection_key, exc) from exc
aiohttp.client_exceptions.ClientConnectorError: Cannot connect to host api.telegram.org:443 ssl:default [Превышен таймаут семафора]

During handling of the above exception, another exception occurred:

Traceback (most recent call last):
  File "C:\Users\User\PycharmProjects\eldosina\.venv\Lib\site-packages\aiogram\dispatcher\dispatcher.py", line 309, in _process_update
    response = await self.feed_update(bot, update, **kwargs)
               ^^^^^^^^^^^^^^^^^^^^^^^^^^^^^^^^^^^^^^^^^^^^^
  File "C:\Users\User\PycharmProjects\eldosina\.venv\Lib\site-packages\aiogram\dispatcher\dispatcher.py", line 158, in feed_update
    response = await self.update.wrap_outer_middleware(
               ^^^^^^^^^^^^^^^^^^^^^^^^^^^^^^^^^^^^^^^^
  File "C:\Users\User\PycharmProjects\eldosina\.venv\Lib\site-packages\aiogram\dispatcher\middlewares\error.py", line 25, in __call__
    return await handler(event, data)
           ^^^^^^^^^^^^^^^^^^^^^^^^^^
  File "C:\Users\User\PycharmProjects\eldosina\.venv\Lib\site-packages\aiogram\dispatcher\middlewares\user_context.py", line 56, in __call__
    return await handler(event, data)
           ^^^^^^^^^^^^^^^^^^^^^^^^^^
  File "C:\Users\User\PycharmProjects\eldosina\.venv\Lib\site-packages\aiogram\fsm\middleware.py", line 42, in __call__
    return await handler(event, data)
           ^^^^^^^^^^^^^^^^^^^^^^^^^^
  File "C:\Users\User\PycharmProjects\eldosina\.venv\Lib\site-packages\aiogram\dispatcher\event\telegram.py", line 121, in trigger
    return await wrapped_inner(event, kwargs)
           ^^^^^^^^^^^^^^^^^^^^^^^^^^^^^^^^^^
  File "C:\Users\User\PycharmProjects\eldosina\.venv\Lib\site-packages\aiogram\dispatcher\event\handler.py", line 43, in call
    return await wrapped()
           ^^^^^^^^^^^^^^^
  File "C:\Users\User\PycharmProjects\eldosina\.venv\Lib\site-packages\aiogram\dispatcher\dispatcher.py", line 276, in _listen_update
    return await self.propagate_event(update_type=update_type, event=event, **kwargs)
           ^^^^^^^^^^^^^^^^^^^^^^^^^^^^^^^^^^^^^^^^^^^^^^^^^^^^^^^^^^^^^^^^^^^^^^^^^^
  File "C:\Users\User\PycharmProjects\eldosina\.venv\Lib\site-packages\aiogram\dispatcher\router.py", line 142, in propagate_event
    return await observer.wrap_outer_middleware(_wrapped, event=event, data=kwargs)
           ^^^^^^^^^^^^^^^^^^^^^^^^^^^^^^^^^^^^^^^^^^^^^^^^^^^^^^^^^^^^^^^^^^^^^^^^
  File "C:\Users\User\PycharmProjects\eldosina\.venv\Lib\site-packages\aiogram\dispatcher\router.py", line 137, in _wrapped
    return await self._propagate_event(
           ^^^^^^^^^^^^^^^^^^^^^^^^^^^^
  File "C:\Users\User\PycharmProjects\eldosina\.venv\Lib\site-packages\aiogram\dispatcher\router.py", line 170, in _propagate_event
    response = await router.propagate_event(update_type=update_type, event=event, **kwargs)
               ^^^^^^^^^^^^^^^^^^^^^^^^^^^^^^^^^^^^^^^^^^^^^^^^^^^^^^^^^^^^^^^^^^^^^^^^^^^^
  File "C:\Users\User\PycharmProjects\eldosina\.venv\Lib\site-packages\aiogram\dispatcher\router.py", line 142, in propagate_event
    return await observer.wrap_outer_middleware(_wrapped, event=event, data=kwargs)
           ^^^^^^^^^^^^^^^^^^^^^^^^^^^^^^^^^^^^^^^^^^^^^^^^^^^^^^^^^^^^^^^^^^^^^^^^
  File "C:\Users\User\PycharmProjects\eldosina\.venv\Lib\site-packages\aiogram\dispatcher\router.py", line 137, in _wrapped
    return await self._propagate_event(
           ^^^^^^^^^^^^^^^^^^^^^^^^^^^^
  File "C:\Users\User\PycharmProjects\eldosina\.venv\Lib\site-packages\aiogram\dispatcher\router.py", line 162, in _propagate_event
    response = await observer.trigger(event, **kwargs)
               ^^^^^^^^^^^^^^^^^^^^^^^^^^^^^^^^^^^^^^^
  File "C:\Users\User\PycharmProjects\eldosina\.venv\Lib\site-packages\aiogram\dispatcher\event\telegram.py", line 121, in trigger
    return await wrapped_inner(event, kwargs)
           ^^^^^^^^^^^^^^^^^^^^^^^^^^^^^^^^^^
  File "C:\Users\User\PycharmProjects\eldosina\.venv\Lib\site-packages\aiogram\dispatcher\event\handler.py", line 43, in call
    return await wrapped()
           ^^^^^^^^^^^^^^^
  File "C:\Users\User\PycharmProjects\eldosina\handlers\start.py", line 85, in cmd_start
    await send_welcome_menu(message)
  File "C:\Users\User\PycharmProjects\eldosina\handlers\start.py", line 59, in send_welcome_menu
    await message.answer(
  File "C:\Users\User\PycharmProjects\eldosina\.venv\Lib\site-packages\aiogram\methods\base.py", line 84, in emit
    return await bot(self)
           ^^^^^^^^^^^^^^^
  File "C:\Users\User\PycharmProjects\eldosina\.venv\Lib\site-packages\aiogram\client\bot.py", line 488, in __call__
    return await self.session(self, method, timeout=request_timeout)
           ^^^^^^^^^^^^^^^^^^^^^^^^^^^^^^^^^^^^^^^^^^^^^^^^^^^^^^^^^
  File "C:\Users\User\PycharmProjects\eldosina\.venv\Lib\site-packages\aiogram\client\session\base.py", line 254, in __call__
    return cast(TelegramType, await middleware(bot, method))
                              ^^^^^^^^^^^^^^^^^^^^^^^^^^^^^
  File "C:\Users\User\PycharmProjects\eldosina\.venv\Lib\site-packages\aiogram\client\session\aiohttp.py", line 188, in make_request
    raise TelegramNetworkError(method=method, message=f"{type(e).__name__}: {e}")
aiogram.exceptions.TelegramNetworkError: HTTP Client says - ClientConnectorError: Cannot connect to host api.telegram.org:443 ssl:default [Превышен таймаут семафора]
2026-01-19 14:20:22,493 - aiogram.event - INFO - Update id=232985115 is not handled. Duration 19297 ms by bot id=8077618081
2026-01-19 14:20:22,493 - aiogram.event - ERROR - Cause exception while process update id=232985115 by bot id=8077618081
TelegramNetworkError: HTTP Client says - ClientConnectorError: Cannot connect to host api.telegram.org:443 ssl:default [Превышен таймаут семафора]
Traceback (most recent call last):
  File "C:\Users\User\PycharmProjects\eldosina\.venv\Lib\site-packages\aiohttp\connector.py", line 1075, in _wrap_create_connection
    return await self._loop.create_connection(*args, **kwargs, sock=sock)
           ^^^^^^^^^^^^^^^^^^^^^^^^^^^^^^^^^^^^^^^^^^^^^^^^^^^^^^^^^^^^^^
  File "C:\Users\User\AppData\Local\Programs\Python\Python312\Lib\asyncio\base_events.py", line 1148, in create_connection
    transport, protocol = await self._create_connection_transport(
                          ^^^^^^^^^^^^^^^^^^^^^^^^^^^^^^^^^^^^^^^^
  File "C:\Users\User\AppData\Local\Programs\Python\Python312\Lib\asyncio\base_events.py", line 1181, in _create_connection_transport
    await waiter
  File "C:\Users\User\AppData\Local\Programs\Python\Python312\Lib\asyncio\proactor_events.py", line 286, in _loop_reading
    length = fut.result()
             ^^^^^^^^^^^^
  File "C:\Users\User\AppData\Local\Programs\Python\Python312\Lib\asyncio\windows_events.py", line 803, in _poll
    value = callback(transferred, key, ov)
            ^^^^^^^^^^^^^^^^^^^^^^^^^^^^^^
  File "C:\Users\User\AppData\Local\Programs\Python\Python312\Lib\asyncio\windows_events.py", line 462, in finish_socket_func
    return ov.getresult()
           ^^^^^^^^^^^^^^
OSError: [WinError 121] Превышен таймаут семафора

The above exception was the direct cause of the following exception:

Traceback (most recent call last):
  File "C:\Users\User\PycharmProjects\eldosina\.venv\Lib\site-packages\aiogram\client\session\aiohttp.py", line 181, in make_request
    async with session.post(
               ^^^^^^^^^^^^^
  File "C:\Users\User\PycharmProjects\eldosina\.venv\Lib\site-packages\aiohttp\client.py", line 1357, in __aenter__
    self._resp: _RetType = await self._coro
                           ^^^^^^^^^^^^^^^^
  File "C:\Users\User\PycharmProjects\eldosina\.venv\Lib\site-packages\aiohttp\client.py", line 661, in _request
    conn = await self._connector.connect(
           ^^^^^^^^^^^^^^^^^^^^^^^^^^^^^^
  File "C:\Users\User\PycharmProjects\eldosina\.venv\Lib\site-packages\aiohttp\connector.py", line 556, in connect
    proto = await self._create_connection(req, traces, timeout)
            ^^^^^^^^^^^^^^^^^^^^^^^^^^^^^^^^^^^^^^^^^^^^^^^^^^^
  File "C:\Users\User\PycharmProjects\eldosina\.venv\Lib\site-packages\aiohttp\connector.py", line 1009, in _create_connection
    _, proto = await self._create_direct_connection(req, traces, timeout)
               ^^^^^^^^^^^^^^^^^^^^^^^^^^^^^^^^^^^^^^^^^^^^^^^^^^^^^^^^^^
  File "C:\Users\User\PycharmProjects\eldosina\.venv\Lib\site-packages\aiohttp\connector.py", line 1343, in _create_direct_connection
    raise last_exc
  File "C:\Users\User\PycharmProjects\eldosina\.venv\Lib\site-packages\aiohttp\connector.py", line 1312, in _create_direct_connection
    transp, proto = await self._wrap_create_connection(
                    ^^^^^^^^^^^^^^^^^^^^^^^^^^^^^^^^^^^
  File "C:\Users\User\PycharmProjects\eldosina\.venv\Lib\site-packages\aiohttp\connector.py", line 1083, in _wrap_create_connection
    raise client_error(req.connection_key, exc) from exc
aiohttp.client_exceptions.ClientConnectorError: Cannot connect to host api.telegram.org:443 ssl:default [Превышен таймаут семафора]

During handling of the above exception, another exception occurred:

Traceback (most recent call last):
  File "C:\Users\User\PycharmProjects\eldosina\.venv\Lib\site-packages\aiogram\dispatcher\dispatcher.py", line 309, in _process_update
    response = await self.feed_update(bot, update, **kwargs)
               ^^^^^^^^^^^^^^^^^^^^^^^^^^^^^^^^^^^^^^^^^^^^^
  File "C:\Users\User\PycharmProjects\eldosina\.venv\Lib\site-packages\aiogram\dispatcher\dispatcher.py", line 158, in feed_update
    response = await self.update.wrap_outer_middleware(
               ^^^^^^^^^^^^^^^^^^^^^^^^^^^^^^^^^^^^^^^^
  File "C:\Users\User\PycharmProjects\eldosina\.venv\Lib\site-packages\aiogram\dispatcher\middlewares\error.py", line 25, in __call__
    return await handler(event, data)
           ^^^^^^^^^^^^^^^^^^^^^^^^^^
  File "C:\Users\User\PycharmProjects\eldosina\.venv\Lib\site-packages\aiogram\dispatcher\middlewares\user_context.py", line 56, in __call__
    return await handler(event, data)
           ^^^^^^^^^^^^^^^^^^^^^^^^^^
  File "C:\Users\User\PycharmProjects\eldosina\.venv\Lib\site-packages\aiogram\fsm\middleware.py", line 42, in __call__
    return await handler(event, data)
           ^^^^^^^^^^^^^^^^^^^^^^^^^^
  File "C:\Users\User\PycharmProjects\eldosina\.venv\Lib\site-packages\aiogram\dispatcher\event\telegram.py", line 121, in trigger
    return await wrapped_inner(event, kwargs)
           ^^^^^^^^^^^^^^^^^^^^^^^^^^^^^^^^^^
  File "C:\Users\User\PycharmProjects\eldosina\.venv\Lib\site-packages\aiogram\dispatcher\event\handler.py", line 43, in call
    return await wrapped()
           ^^^^^^^^^^^^^^^
  File "C:\Users\User\PycharmProjects\eldosina\.venv\Lib\site-packages\aiogram\dispatcher\dispatcher.py", line 276, in _listen_update
    return await self.propagate_event(update_type=update_type, event=event, **kwargs)
           ^^^^^^^^^^^^^^^^^^^^^^^^^^^^^^^^^^^^^^^^^^^^^^^^^^^^^^^^^^^^^^^^^^^^^^^^^^
  File "C:\Users\User\PycharmProjects\eldosina\.venv\Lib\site-packages\aiogram\dispatcher\router.py", line 142, in propagate_event
    return await observer.wrap_outer_middleware(_wrapped, event=event, data=kwargs)
           ^^^^^^^^^^^^^^^^^^^^^^^^^^^^^^^^^^^^^^^^^^^^^^^^^^^^^^^^^^^^^^^^^^^^^^^^
  File "C:\Users\User\PycharmProjects\eldosina\.venv\Lib\site-packages\aiogram\dispatcher\router.py", line 137, in _wrapped
    return await self._propagate_event(
           ^^^^^^^^^^^^^^^^^^^^^^^^^^^^
  File "C:\Users\User\PycharmProjects\eldosina\.venv\Lib\site-packages\aiogram\dispatcher\router.py", line 170, in _propagate_event
    response = await router.propagate_event(update_type=update_type, event=event, **kwargs)
               ^^^^^^^^^^^^^^^^^^^^^^^^^^^^^^^^^^^^^^^^^^^^^^^^^^^^^^^^^^^^^^^^^^^^^^^^^^^^
  File "C:\Users\User\PycharmProjects\eldosina\.venv\Lib\site-packages\aiogram\dispatcher\router.py", line 142, in propagate_event
    return await observer.wrap_outer_middleware(_wrapped, event=event, data=kwargs)
           ^^^^^^^^^^^^^^^^^^^^^^^^^^^^^^^^^^^^^^^^^^^^^^^^^^^^^^^^^^^^^^^^^^^^^^^^
  File "C:\Users\User\PycharmProjects\eldosina\.venv\Lib\site-packages\aiogram\dispatcher\router.py", line 137, in _wrapped
    return await self._propagate_event(
           ^^^^^^^^^^^^^^^^^^^^^^^^^^^^
  File "C:\Users\User\PycharmProjects\eldosina\.venv\Lib\site-packages\aiogram\dispatcher\router.py", line 162, in _propagate_event
    response = await observer.trigger(event, **kwargs)
               ^^^^^^^^^^^^^^^^^^^^^^^^^^^^^^^^^^^^^^^
  File "C:\Users\User\PycharmProjects\eldosina\.venv\Lib\site-packages\aiogram\dispatcher\event\telegram.py", line 121, in trigger
    return await wrapped_inner(event, kwargs)
           ^^^^^^^^^^^^^^^^^^^^^^^^^^^^^^^^^^
  File "C:\Users\User\PycharmProjects\eldosina\.venv\Lib\site-packages\aiogram\dispatcher\event\handler.py", line 43, in call
    return await wrapped()
           ^^^^^^^^^^^^^^^
  File "C:\Users\User\PycharmProjects\eldosina\handlers\start.py", line 85, in cmd_start
    await send_welcome_menu(message)
  File "C:\Users\User\PycharmProjects\eldosina\handlers\start.py", line 59, in send_welcome_menu
    await message.answer(
  File "C:\Users\User\PycharmProjects\eldosina\.venv\Lib\site-packages\aiogram\methods\base.py", line 84, in emit
    return await bot(self)
           ^^^^^^^^^^^^^^^
  File "C:\Users\User\PycharmProjects\eldosina\.venv\Lib\site-packages\aiogram\client\bot.py", line 488, in __call__
    return await self.session(self, method, timeout=request_timeout)
           ^^^^^^^^^^^^^^^^^^^^^^^^^^^^^^^^^^^^^^^^^^^^^^^^^^^^^^^^^
  File "C:\Users\User\PycharmProjects\eldosina\.venv\Lib\site-packages\aiogram\client\session\base.py", line 254, in __call__
    return cast(TelegramType, await middleware(bot, method))
                              ^^^^^^^^^^^^^^^^^^^^^^^^^^^^^
  File "C:\Users\User\PycharmProjects\eldosina\.venv\Lib\site-packages\aiogram\client\session\aiohttp.py", line 188, in make_request
    raise TelegramNetworkError(method=method, message=f"{type(e).__name__}: {e}")
aiogram.exceptions.TelegramNetworkError: HTTP Client says - ClientConnectorError: Cannot connect to host api.telegram.org:443 ssl:default [Превышен таймаут семафора]
2026-01-19 14:20:22,495 - aiogram.event - INFO - Update id=232985121 is not handled. Duration 19297 ms by bot id=8077618081
2026-01-19 14:20:22,495 - aiogram.event - ERROR - Cause exception while process update id=232985121 by bot id=8077618081
TelegramNetworkError: HTTP Client says - ClientConnectorError: Cannot connect to host api.telegram.org:443 ssl:default [Превышен таймаут семафора]
Traceback (most recent call last):
  File "C:\Users\User\PycharmProjects\eldosina\.venv\Lib\site-packages\aiohttp\connector.py", line 1075, in _wrap_create_connection
    return await self._loop.create_connection(*args, **kwargs, sock=sock)
           ^^^^^^^^^^^^^^^^^^^^^^^^^^^^^^^^^^^^^^^^^^^^^^^^^^^^^^^^^^^^^^
  File "C:\Users\User\AppData\Local\Programs\Python\Python312\Lib\asyncio\base_events.py", line 1148, in create_connection
    transport, protocol = await self._create_connection_transport(
                          ^^^^^^^^^^^^^^^^^^^^^^^^^^^^^^^^^^^^^^^^
  File "C:\Users\User\AppData\Local\Programs\Python\Python312\Lib\asyncio\base_events.py", line 1181, in _create_connection_transport
    await waiter
  File "C:\Users\User\AppData\Local\Programs\Python\Python312\Lib\asyncio\proactor_events.py", line 286, in _loop_reading
    length = fut.result()
             ^^^^^^^^^^^^
  File "C:\Users\User\AppData\Local\Programs\Python\Python312\Lib\asyncio\windows_events.py", line 803, in _poll
    value = callback(transferred, key, ov)
            ^^^^^^^^^^^^^^^^^^^^^^^^^^^^^^
  File "C:\Users\User\AppData\Local\Programs\Python\Python312\Lib\asyncio\windows_events.py", line 462, in finish_socket_func
    return ov.getresult()
           ^^^^^^^^^^^^^^
OSError: [WinError 121] Превышен таймаут семафора

The above exception was the direct cause of the following exception:

Traceback (most recent call last):
  File "C:\Users\User\PycharmProjects\eldosina\.venv\Lib\site-packages\aiogram\client\session\aiohttp.py", line 181, in make_request
    async with session.post(
               ^^^^^^^^^^^^^
  File "C:\Users\User\PycharmProjects\eldosina\.venv\Lib\site-packages\aiohttp\client.py", line 1357, in __aenter__
    self._resp: _RetType = await self._coro
                           ^^^^^^^^^^^^^^^^
  File "C:\Users\User\PycharmProjects\eldosina\.venv\Lib\site-packages\aiohttp\client.py", line 661, in _request
    conn = await self._connector.connect(
           ^^^^^^^^^^^^^^^^^^^^^^^^^^^^^^
  File "C:\Users\User\PycharmProjects\eldosina\.venv\Lib\site-packages\aiohttp\connector.py", line 556, in connect
    proto = await self._create_connection(req, traces, timeout)
            ^^^^^^^^^^^^^^^^^^^^^^^^^^^^^^^^^^^^^^^^^^^^^^^^^^^
  File "C:\Users\User\PycharmProjects\eldosina\.venv\Lib\site-packages\aiohttp\connector.py", line 1009, in _create_connection
    _, proto = await self._create_direct_connection(req, traces, timeout)
               ^^^^^^^^^^^^^^^^^^^^^^^^^^^^^^^^^^^^^^^^^^^^^^^^^^^^^^^^^^
  File "C:\Users\User\PycharmProjects\eldosina\.venv\Lib\site-packages\aiohttp\connector.py", line 1343, in _create_direct_connection
    raise last_exc
  File "C:\Users\User\PycharmProjects\eldosina\.venv\Lib\site-packages\aiohttp\connector.py", line 1312, in _create_direct_connection
    transp, proto = await self._wrap_create_connection(
                    ^^^^^^^^^^^^^^^^^^^^^^^^^^^^^^^^^^^
  File "C:\Users\User\PycharmProjects\eldosina\.venv\Lib\site-packages\aiohttp\connector.py", line 1083, in _wrap_create_connection
    raise client_error(req.connection_key, exc) from exc
aiohttp.client_exceptions.ClientConnectorError: Cannot connect to host api.telegram.org:443 ssl:default [Превышен таймаут семафора]

During handling of the above exception, another exception occurred:

Traceback (most recent call last):
  File "C:\Users\User\PycharmProjects\eldosina\.venv\Lib\site-packages\aiogram\dispatcher\dispatcher.py", line 309, in _process_update
    response = await self.feed_update(bot, update, **kwargs)
               ^^^^^^^^^^^^^^^^^^^^^^^^^^^^^^^^^^^^^^^^^^^^^
  File "C:\Users\User\PycharmProjects\eldosina\.venv\Lib\site-packages\aiogram\dispatcher\dispatcher.py", line 158, in feed_update
    response = await self.update.wrap_outer_middleware(
               ^^^^^^^^^^^^^^^^^^^^^^^^^^^^^^^^^^^^^^^^
  File "C:\Users\User\PycharmProjects\eldosina\.venv\Lib\site-packages\aiogram\dispatcher\middlewares\error.py", line 25, in __call__
    return await handler(event, data)
           ^^^^^^^^^^^^^^^^^^^^^^^^^^
  File "C:\Users\User\PycharmProjects\eldosina\.venv\Lib\site-packages\aiogram\dispatcher\middlewares\user_context.py", line 56, in __call__
    return await handler(event, data)
           ^^^^^^^^^^^^^^^^^^^^^^^^^^
  File "C:\Users\User\PycharmProjects\eldosina\.venv\Lib\site-packages\aiogram\fsm\middleware.py", line 42, in __call__
    return await handler(event, data)
           ^^^^^^^^^^^^^^^^^^^^^^^^^^
  File "C:\Users\User\PycharmProjects\eldosina\.venv\Lib\site-packages\aiogram\dispatcher\event\telegram.py", line 121, in trigger
    return await wrapped_inner(event, kwargs)
           ^^^^^^^^^^^^^^^^^^^^^^^^^^^^^^^^^^
  File "C:\Users\User\PycharmProjects\eldosina\.venv\Lib\site-packages\aiogram\dispatcher\event\handler.py", line 43, in call
    return await wrapped()
           ^^^^^^^^^^^^^^^
  File "C:\Users\User\PycharmProjects\eldosina\.venv\Lib\site-packages\aiogram\dispatcher\dispatcher.py", line 276, in _listen_update
    return await self.propagate_event(update_type=update_type, event=event, **kwargs)
           ^^^^^^^^^^^^^^^^^^^^^^^^^^^^^^^^^^^^^^^^^^^^^^^^^^^^^^^^^^^^^^^^^^^^^^^^^^
  File "C:\Users\User\PycharmProjects\eldosina\.venv\Lib\site-packages\aiogram\dispatcher\router.py", line 142, in propagate_event
    return await observer.wrap_outer_middleware(_wrapped, event=event, data=kwargs)
           ^^^^^^^^^^^^^^^^^^^^^^^^^^^^^^^^^^^^^^^^^^^^^^^^^^^^^^^^^^^^^^^^^^^^^^^^
  File "C:\Users\User\PycharmProjects\eldosina\.venv\Lib\site-packages\aiogram\dispatcher\router.py", line 137, in _wrapped
    return await self._propagate_event(
           ^^^^^^^^^^^^^^^^^^^^^^^^^^^^
  File "C:\Users\User\PycharmProjects\eldosina\.venv\Lib\site-packages\aiogram\dispatcher\router.py", line 170, in _propagate_event
    response = await router.propagate_event(update_type=update_type, event=event, **kwargs)
               ^^^^^^^^^^^^^^^^^^^^^^^^^^^^^^^^^^^^^^^^^^^^^^^^^^^^^^^^^^^^^^^^^^^^^^^^^^^^
  File "C:\Users\User\PycharmProjects\eldosina\.venv\Lib\site-packages\aiogram\dispatcher\router.py", line 142, in propagate_event
    return await observer.wrap_outer_middleware(_wrapped, event=event, data=kwargs)
           ^^^^^^^^^^^^^^^^^^^^^^^^^^^^^^^^^^^^^^^^^^^^^^^^^^^^^^^^^^^^^^^^^^^^^^^^
  File "C:\Users\User\PycharmProjects\eldosina\.venv\Lib\site-packages\aiogram\dispatcher\router.py", line 137, in _wrapped
    return await self._propagate_event(
           ^^^^^^^^^^^^^^^^^^^^^^^^^^^^
  File "C:\Users\User\PycharmProjects\eldosina\.venv\Lib\site-packages\aiogram\dispatcher\router.py", line 162, in _propagate_event
    response = await observer.trigger(event, **kwargs)
               ^^^^^^^^^^^^^^^^^^^^^^^^^^^^^^^^^^^^^^^
  File "C:\Users\User\PycharmProjects\eldosina\.venv\Lib\site-packages\aiogram\dispatcher\event\telegram.py", line 121, in trigger
    return await wrapped_inner(event, kwargs)
           ^^^^^^^^^^^^^^^^^^^^^^^^^^^^^^^^^^
  File "C:\Users\User\PycharmProjects\eldosina\.venv\Lib\site-packages\aiogram\dispatcher\event\handler.py", line 43, in call
    return await wrapped()
           ^^^^^^^^^^^^^^^
  File "C:\Users\User\PycharmProjects\eldosina\handlers\start.py", line 85, in cmd_start
    await send_welcome_menu(message)
  File "C:\Users\User\PycharmProjects\eldosina\handlers\start.py", line 59, in send_welcome_menu
    await message.answer(
  File "C:\Users\User\PycharmProjects\eldosina\.venv\Lib\site-packages\aiogram\methods\base.py", line 84, in emit
    return await bot(self)
           ^^^^^^^^^^^^^^^
  File "C:\Users\User\PycharmProjects\eldosina\.venv\Lib\site-packages\aiogram\client\bot.py", line 488, in __call__
    return await self.session(self, method, timeout=request_timeout)
           ^^^^^^^^^^^^^^^^^^^^^^^^^^^^^^^^^^^^^^^^^^^^^^^^^^^^^^^^^
  File "C:\Users\User\PycharmProjects\eldosina\.venv\Lib\site-packages\aiogram\client\session\base.py", line 254, in __call__
    return cast(TelegramType, await middleware(bot, method))
                              ^^^^^^^^^^^^^^^^^^^^^^^^^^^^^
  File "C:\Users\User\PycharmProjects\eldosina\.venv\Lib\site-packages\aiogram\client\session\aiohttp.py", line 188, in make_request
    raise TelegramNetworkError(method=method, message=f"{type(e).__name__}: {e}")
aiogram.exceptions.TelegramNetworkError: HTTP Client says - ClientConnectorError: Cannot connect to host api.telegram.org:443 ssl:default [Превышен таймаут семафора]
2026-01-19 14:20:22,499 - aiogram.event - INFO - Update id=232985124 is not handled. Duration 19296 ms by bot id=8077618081
2026-01-19 14:20:22,499 - aiogram.event - ERROR - Cause exception while process update id=232985124 by bot id=8077618081
TelegramNetworkError: HTTP Client says - ClientConnectorError: Cannot connect to host api.telegram.org:443 ssl:default [Превышен таймаут семафора]
Traceback (most recent call last):
  File "C:\Users\User\PycharmProjects\eldosina\.venv\Lib\site-packages\aiohttp\connector.py", line 1075, in _wrap_create_connection
    return await self._loop.create_connection(*args, **kwargs, sock=sock)
           ^^^^^^^^^^^^^^^^^^^^^^^^^^^^^^^^^^^^^^^^^^^^^^^^^^^^^^^^^^^^^^
  File "C:\Users\User\AppData\Local\Programs\Python\Python312\Lib\asyncio\base_events.py", line 1148, in create_connection
    transport, protocol = await self._create_connection_transport(
                          ^^^^^^^^^^^^^^^^^^^^^^^^^^^^^^^^^^^^^^^^
  File "C:\Users\User\AppData\Local\Programs\Python\Python312\Lib\asyncio\base_events.py", line 1181, in _create_connection_transport
    await waiter
  File "C:\Users\User\AppData\Local\Programs\Python\Python312\Lib\asyncio\proactor_events.py", line 286, in _loop_reading
    length = fut.result()
             ^^^^^^^^^^^^
  File "C:\Users\User\AppData\Local\Programs\Python\Python312\Lib\asyncio\windows_events.py", line 803, in _poll
    value = callback(transferred, key, ov)
            ^^^^^^^^^^^^^^^^^^^^^^^^^^^^^^
  File "C:\Users\User\AppData\Local\Programs\Python\Python312\Lib\asyncio\windows_events.py", line 462, in finish_socket_func
    return ov.getresult()
           ^^^^^^^^^^^^^^
OSError: [WinError 121] Превышен таймаут семафора

The above exception was the direct cause of the following exception:

Traceback (most recent call last):
  File "C:\Users\User\PycharmProjects\eldosina\.venv\Lib\site-packages\aiogram\client\session\aiohttp.py", line 181, in make_request
    async with session.post(
               ^^^^^^^^^^^^^
  File "C:\Users\User\PycharmProjects\eldosina\.venv\Lib\site-packages\aiohttp\client.py", line 1357, in __aenter__
    self._resp: _RetType = await self._coro
                           ^^^^^^^^^^^^^^^^
  File "C:\Users\User\PycharmProjects\eldosina\.venv\Lib\site-packages\aiohttp\client.py", line 661, in _request
    conn = await self._connector.connect(
           ^^^^^^^^^^^^^^^^^^^^^^^^^^^^^^
  File "C:\Users\User\PycharmProjects\eldosina\.venv\Lib\site-packages\aiohttp\connector.py", line 556, in connect
    proto = await self._create_connection(req, traces, timeout)
            ^^^^^^^^^^^^^^^^^^^^^^^^^^^^^^^^^^^^^^^^^^^^^^^^^^^
  File "C:\Users\User\PycharmProjects\eldosina\.venv\Lib\site-packages\aiohttp\connector.py", line 1009, in _create_connection
    _, proto = await self._create_direct_connection(req, traces, timeout)
               ^^^^^^^^^^^^^^^^^^^^^^^^^^^^^^^^^^^^^^^^^^^^^^^^^^^^^^^^^^
  File "C:\Users\User\PycharmProjects\eldosina\.venv\Lib\site-packages\aiohttp\connector.py", line 1343, in _create_direct_connection
    raise last_exc
  File "C:\Users\User\PycharmProjects\eldosina\.venv\Lib\site-packages\aiohttp\connector.py", line 1312, in _create_direct_connection
    transp, proto = await self._wrap_create_connection(
                    ^^^^^^^^^^^^^^^^^^^^^^^^^^^^^^^^^^^
  File "C:\Users\User\PycharmProjects\eldosina\.venv\Lib\site-packages\aiohttp\connector.py", line 1083, in _wrap_create_connection
    raise client_error(req.connection_key, exc) from exc
aiohttp.client_exceptions.ClientConnectorError: Cannot connect to host api.telegram.org:443 ssl:default [Превышен таймаут семафора]

During handling of the above exception, another exception occurred:

Traceback (most recent call last):
  File "C:\Users\User\PycharmProjects\eldosina\.venv\Lib\site-packages\aiogram\dispatcher\dispatcher.py", line 309, in _process_update
    response = await self.feed_update(bot, update, **kwargs)
               ^^^^^^^^^^^^^^^^^^^^^^^^^^^^^^^^^^^^^^^^^^^^^
  File "C:\Users\User\PycharmProjects\eldosina\.venv\Lib\site-packages\aiogram\dispatcher\dispatcher.py", line 158, in feed_update
    response = await self.update.wrap_outer_middleware(
               ^^^^^^^^^^^^^^^^^^^^^^^^^^^^^^^^^^^^^^^^
  File "C:\Users\User\PycharmProjects\eldosina\.venv\Lib\site-packages\aiogram\dispatcher\middlewares\error.py", line 25, in __call__
    return await handler(event, data)
           ^^^^^^^^^^^^^^^^^^^^^^^^^^
  File "C:\Users\User\PycharmProjects\eldosina\.venv\Lib\site-packages\aiogram\dispatcher\middlewares\user_context.py", line 56, in __call__
    return await handler(event, data)
           ^^^^^^^^^^^^^^^^^^^^^^^^^^
  File "C:\Users\User\PycharmProjects\eldosina\.venv\Lib\site-packages\aiogram\fsm\middleware.py", line 42, in __call__
    return await handler(event, data)
           ^^^^^^^^^^^^^^^^^^^^^^^^^^
  File "C:\Users\User\PycharmProjects\eldosina\.venv\Lib\site-packages\aiogram\dispatcher\event\telegram.py", line 121, in trigger
    return await wrapped_inner(event, kwargs)
           ^^^^^^^^^^^^^^^^^^^^^^^^^^^^^^^^^^
  File "C:\Users\User\PycharmProjects\eldosina\.venv\Lib\site-packages\aiogram\dispatcher\event\handler.py", line 43, in call
    return await wrapped()
           ^^^^^^^^^^^^^^^
  File "C:\Users\User\PycharmProjects\eldosina\.venv\Lib\site-packages\aiogram\dispatcher\dispatcher.py", line 276, in _listen_update
    return await self.propagate_event(update_type=update_type, event=event, **kwargs)
           ^^^^^^^^^^^^^^^^^^^^^^^^^^^^^^^^^^^^^^^^^^^^^^^^^^^^^^^^^^^^^^^^^^^^^^^^^^
  File "C:\Users\User\PycharmProjects\eldosina\.venv\Lib\site-packages\aiogram\dispatcher\router.py", line 142, in propagate_event
    return await observer.wrap_outer_middleware(_wrapped, event=event, data=kwargs)
           ^^^^^^^^^^^^^^^^^^^^^^^^^^^^^^^^^^^^^^^^^^^^^^^^^^^^^^^^^^^^^^^^^^^^^^^^
  File "C:\Users\User\PycharmProjects\eldosina\.venv\Lib\site-packages\aiogram\dispatcher\router.py", line 137, in _wrapped
    return await self._propagate_event(
           ^^^^^^^^^^^^^^^^^^^^^^^^^^^^
  File "C:\Users\User\PycharmProjects\eldosina\.venv\Lib\site-packages\aiogram\dispatcher\router.py", line 170, in _propagate_event
    response = await router.propagate_event(update_type=update_type, event=event, **kwargs)
               ^^^^^^^^^^^^^^^^^^^^^^^^^^^^^^^^^^^^^^^^^^^^^^^^^^^^^^^^^^^^^^^^^^^^^^^^^^^^
  File "C:\Users\User\PycharmProjects\eldosina\.venv\Lib\site-packages\aiogram\dispatcher\router.py", line 142, in propagate_event
    return await observer.wrap_outer_middleware(_wrapped, event=event, data=kwargs)
           ^^^^^^^^^^^^^^^^^^^^^^^^^^^^^^^^^^^^^^^^^^^^^^^^^^^^^^^^^^^^^^^^^^^^^^^^
  File "C:\Users\User\PycharmProjects\eldosina\.venv\Lib\site-packages\aiogram\dispatcher\router.py", line 137, in _wrapped
    return await self._propagate_event(
           ^^^^^^^^^^^^^^^^^^^^^^^^^^^^
  File "C:\Users\User\PycharmProjects\eldosina\.venv\Lib\site-packages\aiogram\dispatcher\router.py", line 162, in _propagate_event
    response = await observer.trigger(event, **kwargs)
               ^^^^^^^^^^^^^^^^^^^^^^^^^^^^^^^^^^^^^^^
  File "C:\Users\User\PycharmProjects\eldosina\.venv\Lib\site-packages\aiogram\dispatcher\event\telegram.py", line 121, in trigger
    return await wrapped_inner(event, kwargs)
           ^^^^^^^^^^^^^^^^^^^^^^^^^^^^^^^^^^
  File "C:\Users\User\PycharmProjects\eldosina\.venv\Lib\site-packages\aiogram\dispatcher\event\handler.py", line 43, in call
    return await wrapped()
           ^^^^^^^^^^^^^^^
  File "C:\Users\User\PycharmProjects\eldosina\handlers\start.py", line 85, in cmd_start
    await send_welcome_menu(message)
  File "C:\Users\User\PycharmProjects\eldosina\handlers\start.py", line 59, in send_welcome_menu
    await message.answer(
  File "C:\Users\User\PycharmProjects\eldosina\.venv\Lib\site-packages\aiogram\methods\base.py", line 84, in emit
    return await bot(self)
           ^^^^^^^^^^^^^^^
  File "C:\Users\User\PycharmProjects\eldosina\.venv\Lib\site-packages\aiogram\client\bot.py", line 488, in __call__
    return await self.session(self, method, timeout=request_timeout)
           ^^^^^^^^^^^^^^^^^^^^^^^^^^^^^^^^^^^^^^^^^^^^^^^^^^^^^^^^^
  File "C:\Users\User\PycharmProjects\eldosina\.venv\Lib\site-packages\aiogram\client\session\base.py", line 254, in __call__
    return cast(TelegramType, await middleware(bot, method))
                              ^^^^^^^^^^^^^^^^^^^^^^^^^^^^^
  File "C:\Users\User\PycharmProjects\eldosina\.venv\Lib\site-packages\aiogram\client\session\aiohttp.py", line 188, in make_request
    raise TelegramNetworkError(method=method, message=f"{type(e).__name__}: {e}")
aiogram.exceptions.TelegramNetworkError: HTTP Client says - ClientConnectorError: Cannot connect to host api.telegram.org:443 ssl:default [Превышен таймаут семафора]
2026-01-19 14:20:22,861 - aiogram.event - INFO - Update id=232985133 is handled. Duration 485 ms by bot id=8077618081
2026-01-19 14:20:24,818 - aiogram.event - INFO - Update id=232985134 is handled. Duration 219 ms by bot id=8077618081
2026-01-19 14:20:26,189 - aiogram.event - INFO - Update id=232985135 is handled. Duration 94 ms by bot id=8077618081
2026-01-19 14:21:12,467 - aiogram.dispatcher - INFO - Polling stopped
2026-01-19 14:21:12,731 - __main__ - INFO - Бот остановлен
2026-01-19 14:21:20,270 - __main__ - INFO - Используется BOT_TOKEN: 8077618081:AAHvfkJ8n... (из .env файла)
2026-01-19 14:21:20,438 - __main__ - INFO - Бот запущен!
2026-01-19 14:21:20,439 - aiogram.dispatcher - INFO - Start polling
2026-01-19 14:21:39,752 - aiogram.dispatcher - INFO - Polling stopped
2026-01-19 14:21:57,491 - __main__ - INFO - Используется BOT_TOKEN: 8077618081:AAHvfkJ8n... (из .env файла)
2026-01-19 14:21:57,691 - __main__ - INFO - Бот запущен!
2026-01-19 14:21:57,691 - aiogram.dispatcher - INFO - Start polling
2026-01-19 14:21:58,174 - aiogram.event - INFO - Update id=232985139 is handled. Duration 219 ms by bot id=8077618081
2026-01-19 14:21:58,183 - aiogram.event - INFO - Update id=232985141 is handled. Duration 219 ms by bot id=8077618081
2026-01-19 14:21:58,210 - aiogram.event - INFO - Update id=232985136 is handled. Duration 250 ms by bot id=8077618081
2026-01-19 14:21:58,247 - aiogram.event - INFO - Update id=232985140 is handled. Duration 282 ms by bot id=8077618081
2026-01-19 14:21:58,268 - aiogram.event - INFO - Update id=232985138 is handled. Duration 313 ms by bot id=8077618081
2026-01-19 14:22:00,689 - aiogram.event - INFO - Update id=232985142 is handled. Duration 94 ms by bot id=8077618081
2026-01-19 14:22:16,072 - aiogram.event - INFO - Update id=232985143 is handled. Duration 202 ms by bot id=8077618081
2026-01-19 14:22:17,305 - aiogram.event - INFO - Update id=232985137 is not handled. Duration 19344 ms by bot id=8077618081
2026-01-19 14:22:17,306 - aiogram.event - ERROR - Cause exception while process update id=232985137 by bot id=8077618081
TelegramNetworkError: HTTP Client says - ClientConnectorError: Cannot connect to host api.telegram.org:443 ssl:default [Превышен таймаут семафора]
Traceback (most recent call last):
  File "C:\Users\User\PycharmProjects\eldosina\.venv\Lib\site-packages\aiohttp\connector.py", line 1075, in _wrap_create_connection
    return await self._loop.create_connection(*args, **kwargs, sock=sock)
           ^^^^^^^^^^^^^^^^^^^^^^^^^^^^^^^^^^^^^^^^^^^^^^^^^^^^^^^^^^^^^^
  File "C:\Users\User\AppData\Local\Programs\Python\Python312\Lib\asyncio\base_events.py", line 1148, in create_connection
    transport, protocol = await self._create_connection_transport(
                          ^^^^^^^^^^^^^^^^^^^^^^^^^^^^^^^^^^^^^^^^
  File "C:\Users\User\AppData\Local\Programs\Python\Python312\Lib\asyncio\base_events.py", line 1181, in _create_connection_transport
    await waiter
  File "C:\Users\User\AppData\Local\Programs\Python\Python312\Lib\asyncio\proactor_events.py", line 286, in _loop_reading
    length = fut.result()
             ^^^^^^^^^^^^
  File "C:\Users\User\AppData\Local\Programs\Python\Python312\Lib\asyncio\windows_events.py", line 803, in _poll
    value = callback(transferred, key, ov)
            ^^^^^^^^^^^^^^^^^^^^^^^^^^^^^^
  File "C:\Users\User\AppData\Local\Programs\Python\Python312\Lib\asyncio\windows_events.py", line 462, in finish_socket_func
    return ov.getresult()
           ^^^^^^^^^^^^^^
OSError: [WinError 121] Превышен таймаут семафора

The above exception was the direct cause of the following exception:

Traceback (most recent call last):
  File "C:\Users\User\PycharmProjects\eldosina\.venv\Lib\site-packages\aiogram\client\session\aiohttp.py", line 181, in make_request
    async with session.post(
               ^^^^^^^^^^^^^
  File "C:\Users\User\PycharmProjects\eldosina\.venv\Lib\site-packages\aiohttp\client.py", line 1357, in __aenter__
    self._resp: _RetType = await self._coro
                           ^^^^^^^^^^^^^^^^
  File "C:\Users\User\PycharmProjects\eldosina\.venv\Lib\site-packages\aiohttp\client.py", line 661, in _request
    conn = await self._connector.connect(
           ^^^^^^^^^^^^^^^^^^^^^^^^^^^^^^
  File "C:\Users\User\PycharmProjects\eldosina\.venv\Lib\site-packages\aiohttp\connector.py", line 556, in connect
    proto = await self._create_connection(req, traces, timeout)
            ^^^^^^^^^^^^^^^^^^^^^^^^^^^^^^^^^^^^^^^^^^^^^^^^^^^
  File "C:\Users\User\PycharmProjects\eldosina\.venv\Lib\site-packages\aiohttp\connector.py", line 1009, in _create_connection
    _, proto = await self._create_direct_connection(req, traces, timeout)
               ^^^^^^^^^^^^^^^^^^^^^^^^^^^^^^^^^^^^^^^^^^^^^^^^^^^^^^^^^^
  File "C:\Users\User\PycharmProjects\eldosina\.venv\Lib\site-packages\aiohttp\connector.py", line 1343, in _create_direct_connection
    raise last_exc
  File "C:\Users\User\PycharmProjects\eldosina\.venv\Lib\site-packages\aiohttp\connector.py", line 1312, in _create_direct_connection
    transp, proto = await self._wrap_create_connection(
                    ^^^^^^^^^^^^^^^^^^^^^^^^^^^^^^^^^^^
  File "C:\Users\User\PycharmProjects\eldosina\.venv\Lib\site-packages\aiohttp\connector.py", line 1083, in _wrap_create_connection
    raise client_error(req.connection_key, exc) from exc
aiohttp.client_exceptions.ClientConnectorError: Cannot connect to host api.telegram.org:443 ssl:default [Превышен таймаут семафора]

During handling of the above exception, another exception occurred:

Traceback (most recent call last):
  File "C:\Users\User\PycharmProjects\eldosina\.venv\Lib\site-packages\aiogram\dispatcher\dispatcher.py", line 309, in _process_update
    response = await self.feed_update(bot, update, **kwargs)
               ^^^^^^^^^^^^^^^^^^^^^^^^^^^^^^^^^^^^^^^^^^^^^
  File "C:\Users\User\PycharmProjects\eldosina\.venv\Lib\site-packages\aiogram\dispatcher\dispatcher.py", line 158, in feed_update
    response = await self.update.wrap_outer_middleware(
               ^^^^^^^^^^^^^^^^^^^^^^^^^^^^^^^^^^^^^^^^
  File "C:\Users\User\PycharmProjects\eldosina\.venv\Lib\site-packages\aiogram\dispatcher\middlewares\error.py", line 25, in __call__
    return await handler(event, data)
           ^^^^^^^^^^^^^^^^^^^^^^^^^^
  File "C:\Users\User\PycharmProjects\eldosina\.venv\Lib\site-packages\aiogram\dispatcher\middlewares\user_context.py", line 56, in __call__
    return await handler(event, data)
           ^^^^^^^^^^^^^^^^^^^^^^^^^^
  File "C:\Users\User\PycharmProjects\eldosina\.venv\Lib\site-packages\aiogram\fsm\middleware.py", line 42, in __call__
    return await handler(event, data)
           ^^^^^^^^^^^^^^^^^^^^^^^^^^
  File "C:\Users\User\PycharmProjects\eldosina\.venv\Lib\site-packages\aiogram\dispatcher\event\telegram.py", line 121, in trigger
    return await wrapped_inner(event, kwargs)
           ^^^^^^^^^^^^^^^^^^^^^^^^^^^^^^^^^^
  File "C:\Users\User\PycharmProjects\eldosina\.venv\Lib\site-packages\aiogram\dispatcher\event\handler.py", line 43, in call
    return await wrapped()
           ^^^^^^^^^^^^^^^
  File "C:\Users\User\PycharmProjects\eldosina\.venv\Lib\site-packages\aiogram\dispatcher\dispatcher.py", line 276, in _listen_update
    return await self.propagate_event(update_type=update_type, event=event, **kwargs)
           ^^^^^^^^^^^^^^^^^^^^^^^^^^^^^^^^^^^^^^^^^^^^^^^^^^^^^^^^^^^^^^^^^^^^^^^^^^
  File "C:\Users\User\PycharmProjects\eldosina\.venv\Lib\site-packages\aiogram\dispatcher\router.py", line 142, in propagate_event
    return await observer.wrap_outer_middleware(_wrapped, event=event, data=kwargs)
           ^^^^^^^^^^^^^^^^^^^^^^^^^^^^^^^^^^^^^^^^^^^^^^^^^^^^^^^^^^^^^^^^^^^^^^^^
  File "C:\Users\User\PycharmProjects\eldosina\.venv\Lib\site-packages\aiogram\dispatcher\router.py", line 137, in _wrapped
    return await self._propagate_event(
           ^^^^^^^^^^^^^^^^^^^^^^^^^^^^
  File "C:\Users\User\PycharmProjects\eldosina\.venv\Lib\site-packages\aiogram\dispatcher\router.py", line 170, in _propagate_event
    response = await router.propagate_event(update_type=update_type, event=event, **kwargs)
               ^^^^^^^^^^^^^^^^^^^^^^^^^^^^^^^^^^^^^^^^^^^^^^^^^^^^^^^^^^^^^^^^^^^^^^^^^^^^
  File "C:\Users\User\PycharmProjects\eldosina\.venv\Lib\site-packages\aiogram\dispatcher\router.py", line 142, in propagate_event
    return await observer.wrap_outer_middleware(_wrapped, event=event, data=kwargs)
           ^^^^^^^^^^^^^^^^^^^^^^^^^^^^^^^^^^^^^^^^^^^^^^^^^^^^^^^^^^^^^^^^^^^^^^^^
  File "C:\Users\User\PycharmProjects\eldosina\.venv\Lib\site-packages\aiogram\dispatcher\router.py", line 137, in _wrapped
    return await self._propagate_event(
           ^^^^^^^^^^^^^^^^^^^^^^^^^^^^
  File "C:\Users\User\PycharmProjects\eldosina\.venv\Lib\site-packages\aiogram\dispatcher\router.py", line 162, in _propagate_event
    response = await observer.trigger(event, **kwargs)
               ^^^^^^^^^^^^^^^^^^^^^^^^^^^^^^^^^^^^^^^
  File "C:\Users\User\PycharmProjects\eldosina\.venv\Lib\site-packages\aiogram\dispatcher\event\telegram.py", line 121, in trigger
    return await wrapped_inner(event, kwargs)
           ^^^^^^^^^^^^^^^^^^^^^^^^^^^^^^^^^^
  File "C:\Users\User\PycharmProjects\eldosina\.venv\Lib\site-packages\aiogram\dispatcher\event\handler.py", line 43, in call
    return await wrapped()
           ^^^^^^^^^^^^^^^
  File "C:\Users\User\PycharmProjects\eldosina\handlers\buy.py", line 47, in buy_accounts
    await message.answer(
  File "C:\Users\User\PycharmProjects\eldosina\.venv\Lib\site-packages\aiogram\methods\base.py", line 84, in emit
    return await bot(self)
           ^^^^^^^^^^^^^^^
  File "C:\Users\User\PycharmProjects\eldosina\.venv\Lib\site-packages\aiogram\client\bot.py", line 488, in __call__
    return await self.session(self, method, timeout=request_timeout)
           ^^^^^^^^^^^^^^^^^^^^^^^^^^^^^^^^^^^^^^^^^^^^^^^^^^^^^^^^^
  File "C:\Users\User\PycharmProjects\eldosina\.venv\Lib\site-packages\aiogram\client\session\base.py", line 254, in __call__
    return cast(TelegramType, await middleware(bot, method))
                              ^^^^^^^^^^^^^^^^^^^^^^^^^^^^^
  File "C:\Users\User\PycharmProjects\eldosina\.venv\Lib\site-packages\aiogram\client\session\aiohttp.py", line 188, in make_request
    raise TelegramNetworkError(method=method, message=f"{type(e).__name__}: {e}")
aiogram.exceptions.TelegramNetworkError: HTTP Client says - ClientConnectorError: Cannot connect to host api.telegram.org:443 ssl:default [Превышен таймаут семафора]
2026-01-19 14:22:19,711 - aiogram.event - INFO - Update id=232985144 is handled. Duration 140 ms by bot id=8077618081
2026-01-19 14:22:22,850 - aiogram.event - INFO - Update id=232985145 is handled. Duration 125 ms by bot id=8077618081
2026-01-19 14:22:54,187 - aiogram.event - INFO - Update id=232985147 is handled. Duration 219 ms by bot id=8077618081
2026-01-19 14:22:56,360 - aiogram.event - INFO - Update id=232985148 is handled. Duration 125 ms by bot id=8077618081
2026-01-19 14:22:58,536 - aiogram.event - INFO - Update id=232985149 is handled. Duration 438 ms by bot id=8077618081
2026-01-19 14:23:11,045 - aiogram.event - INFO - Update id=232985146 is not handled. Duration 19296 ms by bot id=8077618081
2026-01-19 14:23:11,046 - aiogram.event - ERROR - Cause exception while process update id=232985146 by bot id=8077618081
TelegramNetworkError: HTTP Client says - ClientConnectorError: Cannot connect to host api.telegram.org:443 ssl:default [Превышен таймаут семафора]
Traceback (most recent call last):
  File "C:\Users\User\PycharmProjects\eldosina\.venv\Lib\site-packages\aiohttp\connector.py", line 1075, in _wrap_create_connection
    return await self._loop.create_connection(*args, **kwargs, sock=sock)
           ^^^^^^^^^^^^^^^^^^^^^^^^^^^^^^^^^^^^^^^^^^^^^^^^^^^^^^^^^^^^^^
  File "C:\Users\User\AppData\Local\Programs\Python\Python312\Lib\asyncio\base_events.py", line 1148, in create_connection
    transport, protocol = await self._create_connection_transport(
                          ^^^^^^^^^^^^^^^^^^^^^^^^^^^^^^^^^^^^^^^^
  File "C:\Users\User\AppData\Local\Programs\Python\Python312\Lib\asyncio\base_events.py", line 1181, in _create_connection_transport
    await waiter
  File "C:\Users\User\AppData\Local\Programs\Python\Python312\Lib\asyncio\proactor_events.py", line 286, in _loop_reading
    length = fut.result()
             ^^^^^^^^^^^^
  File "C:\Users\User\AppData\Local\Programs\Python\Python312\Lib\asyncio\windows_events.py", line 803, in _poll
    value = callback(transferred, key, ov)
            ^^^^^^^^^^^^^^^^^^^^^^^^^^^^^^
  File "C:\Users\User\AppData\Local\Programs\Python\Python312\Lib\asyncio\windows_events.py", line 462, in finish_socket_func
    return ov.getresult()
           ^^^^^^^^^^^^^^
OSError: [WinError 121] Превышен таймаут семафора

The above exception was the direct cause of the following exception:

Traceback (most recent call last):
  File "C:\Users\User\PycharmProjects\eldosina\.venv\Lib\site-packages\aiogram\client\session\aiohttp.py", line 181, in make_request
    async with session.post(
               ^^^^^^^^^^^^^
  File "C:\Users\User\PycharmProjects\eldosina\.venv\Lib\site-packages\aiohttp\client.py", line 1357, in __aenter__
    self._resp: _RetType = await self._coro
                           ^^^^^^^^^^^^^^^^
  File "C:\Users\User\PycharmProjects\eldosina\.venv\Lib\site-packages\aiohttp\client.py", line 661, in _request
    conn = await self._connector.connect(
           ^^^^^^^^^^^^^^^^^^^^^^^^^^^^^^
  File "C:\Users\User\PycharmProjects\eldosina\.venv\Lib\site-packages\aiohttp\connector.py", line 556, in connect
    proto = await self._create_connection(req, traces, timeout)
            ^^^^^^^^^^^^^^^^^^^^^^^^^^^^^^^^^^^^^^^^^^^^^^^^^^^
  File "C:\Users\User\PycharmProjects\eldosina\.venv\Lib\site-packages\aiohttp\connector.py", line 1009, in _create_connection
    _, proto = await self._create_direct_connection(req, traces, timeout)
               ^^^^^^^^^^^^^^^^^^^^^^^^^^^^^^^^^^^^^^^^^^^^^^^^^^^^^^^^^^
  File "C:\Users\User\PycharmProjects\eldosina\.venv\Lib\site-packages\aiohttp\connector.py", line 1343, in _create_direct_connection
    raise last_exc
  File "C:\Users\User\PycharmProjects\eldosina\.venv\Lib\site-packages\aiohttp\connector.py", line 1312, in _create_direct_connection
    transp, proto = await self._wrap_create_connection(
                    ^^^^^^^^^^^^^^^^^^^^^^^^^^^^^^^^^^^
  File "C:\Users\User\PycharmProjects\eldosina\.venv\Lib\site-packages\aiohttp\connector.py", line 1083, in _wrap_create_connection
    raise client_error(req.connection_key, exc) from exc
aiohttp.client_exceptions.ClientConnectorError: Cannot connect to host api.telegram.org:443 ssl:default [Превышен таймаут семафора]

During handling of the above exception, another exception occurred:

Traceback (most recent call last):
  File "C:\Users\User\PycharmProjects\eldosina\.venv\Lib\site-packages\aiogram\dispatcher\dispatcher.py", line 309, in _process_update
    response = await self.feed_update(bot, update, **kwargs)
               ^^^^^^^^^^^^^^^^^^^^^^^^^^^^^^^^^^^^^^^^^^^^^
  File "C:\Users\User\PycharmProjects\eldosina\.venv\Lib\site-packages\aiogram\dispatcher\dispatcher.py", line 158, in feed_update
    response = await self.update.wrap_outer_middleware(
               ^^^^^^^^^^^^^^^^^^^^^^^^^^^^^^^^^^^^^^^^
  File "C:\Users\User\PycharmProjects\eldosina\.venv\Lib\site-packages\aiogram\dispatcher\middlewares\error.py", line 25, in __call__
    return await handler(event, data)
           ^^^^^^^^^^^^^^^^^^^^^^^^^^
  File "C:\Users\User\PycharmProjects\eldosina\.venv\Lib\site-packages\aiogram\dispatcher\middlewares\user_context.py", line 56, in __call__
    return await handler(event, data)
           ^^^^^^^^^^^^^^^^^^^^^^^^^^
  File "C:\Users\User\PycharmProjects\eldosina\.venv\Lib\site-packages\aiogram\fsm\middleware.py", line 42, in __call__
    return await handler(event, data)
           ^^^^^^^^^^^^^^^^^^^^^^^^^^
  File "C:\Users\User\PycharmProjects\eldosina\.venv\Lib\site-packages\aiogram\dispatcher\event\telegram.py", line 121, in trigger
    return await wrapped_inner(event, kwargs)
           ^^^^^^^^^^^^^^^^^^^^^^^^^^^^^^^^^^
  File "C:\Users\User\PycharmProjects\eldosina\.venv\Lib\site-packages\aiogram\dispatcher\event\handler.py", line 43, in call
    return await wrapped()
           ^^^^^^^^^^^^^^^
  File "C:\Users\User\PycharmProjects\eldosina\.venv\Lib\site-packages\aiogram\dispatcher\dispatcher.py", line 276, in _listen_update
    return await self.propagate_event(update_type=update_type, event=event, **kwargs)
           ^^^^^^^^^^^^^^^^^^^^^^^^^^^^^^^^^^^^^^^^^^^^^^^^^^^^^^^^^^^^^^^^^^^^^^^^^^
  File "C:\Users\User\PycharmProjects\eldosina\.venv\Lib\site-packages\aiogram\dispatcher\router.py", line 142, in propagate_event
    return await observer.wrap_outer_middleware(_wrapped, event=event, data=kwargs)
           ^^^^^^^^^^^^^^^^^^^^^^^^^^^^^^^^^^^^^^^^^^^^^^^^^^^^^^^^^^^^^^^^^^^^^^^^
  File "C:\Users\User\PycharmProjects\eldosina\.venv\Lib\site-packages\aiogram\dispatcher\router.py", line 137, in _wrapped
    return await self._propagate_event(
           ^^^^^^^^^^^^^^^^^^^^^^^^^^^^
  File "C:\Users\User\PycharmProjects\eldosina\.venv\Lib\site-packages\aiogram\dispatcher\router.py", line 170, in _propagate_event
    response = await router.propagate_event(update_type=update_type, event=event, **kwargs)
               ^^^^^^^^^^^^^^^^^^^^^^^^^^^^^^^^^^^^^^^^^^^^^^^^^^^^^^^^^^^^^^^^^^^^^^^^^^^^
  File "C:\Users\User\PycharmProjects\eldosina\.venv\Lib\site-packages\aiogram\dispatcher\router.py", line 142, in propagate_event
    return await observer.wrap_outer_middleware(_wrapped, event=event, data=kwargs)
           ^^^^^^^^^^^^^^^^^^^^^^^^^^^^^^^^^^^^^^^^^^^^^^^^^^^^^^^^^^^^^^^^^^^^^^^^
  File "C:\Users\User\PycharmProjects\eldosina\.venv\Lib\site-packages\aiogram\dispatcher\router.py", line 137, in _wrapped
    return await self._propagate_event(
           ^^^^^^^^^^^^^^^^^^^^^^^^^^^^
  File "C:\Users\User\PycharmProjects\eldosina\.venv\Lib\site-packages\aiogram\dispatcher\router.py", line 162, in _propagate_event
    response = await observer.trigger(event, **kwargs)
               ^^^^^^^^^^^^^^^^^^^^^^^^^^^^^^^^^^^^^^^
  File "C:\Users\User\PycharmProjects\eldosina\.venv\Lib\site-packages\aiogram\dispatcher\event\telegram.py", line 121, in trigger
    return await wrapped_inner(event, kwargs)
           ^^^^^^^^^^^^^^^^^^^^^^^^^^^^^^^^^^
  File "C:\Users\User\PycharmProjects\eldosina\.venv\Lib\site-packages\aiogram\dispatcher\event\handler.py", line 43, in call
    return await wrapped()
           ^^^^^^^^^^^^^^^
  File "C:\Users\User\PycharmProjects\eldosina\handlers\buy.py", line 47, in buy_accounts
    await message.answer(
  File "C:\Users\User\PycharmProjects\eldosina\.venv\Lib\site-packages\aiogram\methods\base.py", line 84, in emit
    return await bot(self)
           ^^^^^^^^^^^^^^^
  File "C:\Users\User\PycharmProjects\eldosina\.venv\Lib\site-packages\aiogram\client\bot.py", line 488, in __call__
    return await self.session(self, method, timeout=request_timeout)
           ^^^^^^^^^^^^^^^^^^^^^^^^^^^^^^^^^^^^^^^^^^^^^^^^^^^^^^^^^
  File "C:\Users\User\PycharmProjects\eldosina\.venv\Lib\site-packages\aiogram\client\session\base.py", line 254, in __call__
    return cast(TelegramType, await middleware(bot, method))
                              ^^^^^^^^^^^^^^^^^^^^^^^^^^^^^
  File "C:\Users\User\PycharmProjects\eldosina\.venv\Lib\site-packages\aiogram\client\session\aiohttp.py", line 188, in make_request
    raise TelegramNetworkError(method=method, message=f"{type(e).__name__}: {e}")
aiogram.exceptions.TelegramNetworkError: HTTP Client says - ClientConnectorError: Cannot connect to host api.telegram.org:443 ssl:default [Превышен таймаут семафора]
2026-01-19 14:26:58,336 - aiogram.event - INFO - Update id=232985150 is handled. Duration 203 ms by bot id=8077618081
2026-01-19 14:27:00,230 - aiogram.event - INFO - Update id=232985151 is handled. Duration 186 ms by bot id=8077618081
2026-01-19 14:29:09,830 - aiogram.dispatcher - INFO - Polling stopped
2026-01-19 14:29:10,102 - __main__ - INFO - Бот остановлен
2026-01-19 14:29:18,486 - __main__ - INFO - Используется BOT_TOKEN: 8077618081:AAHvfkJ8n... (из .env файла)
2026-01-19 14:29:18,658 - __main__ - INFO - Бот запущен!
2026-01-19 14:29:18,658 - aiogram.dispatcher - INFO - Start polling
2026-01-19 14:29:37,969 - aiogram.dispatcher - INFO - Polling stopped
2026-01-19 14:29:58,598 - __main__ - INFO - Используется BOT_TOKEN: 8077618081:AAHvfkJ8n... (из .env файла)
2026-01-19 14:29:58,771 - __main__ - INFO - Бот запущен!
2026-01-19 14:29:58,772 - aiogram.dispatcher - INFO - Start polling
2026-01-19 14:29:59,257 - aiogram.event - INFO - Update id=232985154 is handled. Duration 217 ms by bot id=8077618081
2026-01-19 14:29:59,274 - aiogram.event - INFO - Update id=232985155 is handled. Duration 234 ms by bot id=8077618081
2026-01-19 14:29:59,301 - aiogram.event - INFO - Update id=232985159 is handled. Duration 265 ms by bot id=8077618081
2026-01-19 14:29:59,327 - aiogram.event - INFO - Update id=232985160 is handled. Duration 296 ms by bot id=8077618081
2026-01-19 14:29:59,357 - aiogram.event - INFO - Update id=232985156 is handled. Duration 311 ms by bot id=8077618081
2026-01-19 14:30:02,701 - aiogram.event - INFO - Update id=232985161 is handled. Duration 140 ms by bot id=8077618081
2026-01-19 14:30:04,426 - aiogram.event - INFO - Update id=232985162 is handled. Duration 140 ms by bot id=8077618081
2026-01-19 14:30:06,741 - aiogram.event - INFO - Update id=232985163 is handled. Duration 157 ms by bot id=8077618081
2026-01-19 14:30:08,864 - aiogram.event - INFO - Update id=232985164 is handled. Duration 110 ms by bot id=8077618081
2026-01-19 14:30:09,920 - aiogram.event - INFO - Update id=232985165 is handled. Duration 78 ms by bot id=8077618081
2026-01-19 14:30:18,331 - aiogram.event - INFO - Update id=232985152 is not handled. Duration 19311 ms by bot id=8077618081
2026-01-19 14:30:18,332 - aiogram.event - ERROR - Cause exception while process update id=232985152 by bot id=8077618081
TelegramNetworkError: HTTP Client says - ClientConnectorError: Cannot connect to host api.telegram.org:443 ssl:default [Превышен таймаут семафора]
Traceback (most recent call last):
  File "C:\Users\User\PycharmProjects\eldosina\.venv\Lib\site-packages\aiohttp\connector.py", line 1075, in _wrap_create_connection
    return await self._loop.create_connection(*args, **kwargs, sock=sock)
           ^^^^^^^^^^^^^^^^^^^^^^^^^^^^^^^^^^^^^^^^^^^^^^^^^^^^^^^^^^^^^^
  File "C:\Users\User\AppData\Local\Programs\Python\Python312\Lib\asyncio\base_events.py", line 1148, in create_connection
    transport, protocol = await self._create_connection_transport(
                          ^^^^^^^^^^^^^^^^^^^^^^^^^^^^^^^^^^^^^^^^
  File "C:\Users\User\AppData\Local\Programs\Python\Python312\Lib\asyncio\base_events.py", line 1181, in _create_connection_transport
    await waiter
  File "C:\Users\User\AppData\Local\Programs\Python\Python312\Lib\asyncio\proactor_events.py", line 286, in _loop_reading
    length = fut.result()
             ^^^^^^^^^^^^
  File "C:\Users\User\AppData\Local\Programs\Python\Python312\Lib\asyncio\windows_events.py", line 803, in _poll
    value = callback(transferred, key, ov)
            ^^^^^^^^^^^^^^^^^^^^^^^^^^^^^^
  File "C:\Users\User\AppData\Local\Programs\Python\Python312\Lib\asyncio\windows_events.py", line 462, in finish_socket_func
    return ov.getresult()
           ^^^^^^^^^^^^^^
OSError: [WinError 121] Превышен таймаут семафора

The above exception was the direct cause of the following exception:

Traceback (most recent call last):
  File "C:\Users\User\PycharmProjects\eldosina\.venv\Lib\site-packages\aiogram\client\session\aiohttp.py", line 181, in make_request
    async with session.post(
               ^^^^^^^^^^^^^
  File "C:\Users\User\PycharmProjects\eldosina\.venv\Lib\site-packages\aiohttp\client.py", line 1357, in __aenter__
    self._resp: _RetType = await self._coro
                           ^^^^^^^^^^^^^^^^
  File "C:\Users\User\PycharmProjects\eldosina\.venv\Lib\site-packages\aiohttp\client.py", line 661, in _request
    conn = await self._connector.connect(
           ^^^^^^^^^^^^^^^^^^^^^^^^^^^^^^
  File "C:\Users\User\PycharmProjects\eldosina\.venv\Lib\site-packages\aiohttp\connector.py", line 556, in connect
    proto = await self._create_connection(req, traces, timeout)
            ^^^^^^^^^^^^^^^^^^^^^^^^^^^^^^^^^^^^^^^^^^^^^^^^^^^
  File "C:\Users\User\PycharmProjects\eldosina\.venv\Lib\site-packages\aiohttp\connector.py", line 1009, in _create_connection
    _, proto = await self._create_direct_connection(req, traces, timeout)
               ^^^^^^^^^^^^^^^^^^^^^^^^^^^^^^^^^^^^^^^^^^^^^^^^^^^^^^^^^^
  File "C:\Users\User\PycharmProjects\eldosina\.venv\Lib\site-packages\aiohttp\connector.py", line 1343, in _create_direct_connection
    raise last_exc
  File "C:\Users\User\PycharmProjects\eldosina\.venv\Lib\site-packages\aiohttp\connector.py", line 1312, in _create_direct_connection
    transp, proto = await self._wrap_create_connection(
                    ^^^^^^^^^^^^^^^^^^^^^^^^^^^^^^^^^^^
  File "C:\Users\User\PycharmProjects\eldosina\.venv\Lib\site-packages\aiohttp\connector.py", line 1083, in _wrap_create_connection
    raise client_error(req.connection_key, exc) from exc
aiohttp.client_exceptions.ClientConnectorError: Cannot connect to host api.telegram.org:443 ssl:default [Превышен таймаут семафора]

During handling of the above exception, another exception occurred:

Traceback (most recent call last):
  File "C:\Users\User\PycharmProjects\eldosina\.venv\Lib\site-packages\aiogram\dispatcher\dispatcher.py", line 309, in _process_update
    response = await self.feed_update(bot, update, **kwargs)
               ^^^^^^^^^^^^^^^^^^^^^^^^^^^^^^^^^^^^^^^^^^^^^
  File "C:\Users\User\PycharmProjects\eldosina\.venv\Lib\site-packages\aiogram\dispatcher\dispatcher.py", line 158, in feed_update
    response = await self.update.wrap_outer_middleware(
               ^^^^^^^^^^^^^^^^^^^^^^^^^^^^^^^^^^^^^^^^
  File "C:\Users\User\PycharmProjects\eldosina\.venv\Lib\site-packages\aiogram\dispatcher\middlewares\error.py", line 25, in __call__
    return await handler(event, data)
           ^^^^^^^^^^^^^^^^^^^^^^^^^^
  File "C:\Users\User\PycharmProjects\eldosina\.venv\Lib\site-packages\aiogram\dispatcher\middlewares\user_context.py", line 56, in __call__
    return await handler(event, data)
           ^^^^^^^^^^^^^^^^^^^^^^^^^^
  File "C:\Users\User\PycharmProjects\eldosina\.venv\Lib\site-packages\aiogram\fsm\middleware.py", line 42, in __call__
    return await handler(event, data)
           ^^^^^^^^^^^^^^^^^^^^^^^^^^
  File "C:\Users\User\PycharmProjects\eldosina\.venv\Lib\site-packages\aiogram\dispatcher\event\telegram.py", line 121, in trigger
    return await wrapped_inner(event, kwargs)
           ^^^^^^^^^^^^^^^^^^^^^^^^^^^^^^^^^^
  File "C:\Users\User\PycharmProjects\eldosina\.venv\Lib\site-packages\aiogram\dispatcher\event\handler.py", line 43, in call
    return await wrapped()
           ^^^^^^^^^^^^^^^
  File "C:\Users\User\PycharmProjects\eldosina\.venv\Lib\site-packages\aiogram\dispatcher\dispatcher.py", line 276, in _listen_update
    return await self.propagate_event(update_type=update_type, event=event, **kwargs)
           ^^^^^^^^^^^^^^^^^^^^^^^^^^^^^^^^^^^^^^^^^^^^^^^^^^^^^^^^^^^^^^^^^^^^^^^^^^
  File "C:\Users\User\PycharmProjects\eldosina\.venv\Lib\site-packages\aiogram\dispatcher\router.py", line 142, in propagate_event
    return await observer.wrap_outer_middleware(_wrapped, event=event, data=kwargs)
           ^^^^^^^^^^^^^^^^^^^^^^^^^^^^^^^^^^^^^^^^^^^^^^^^^^^^^^^^^^^^^^^^^^^^^^^^
  File "C:\Users\User\PycharmProjects\eldosina\.venv\Lib\site-packages\aiogram\dispatcher\router.py", line 137, in _wrapped
    return await self._propagate_event(
           ^^^^^^^^^^^^^^^^^^^^^^^^^^^^
  File "C:\Users\User\PycharmProjects\eldosina\.venv\Lib\site-packages\aiogram\dispatcher\router.py", line 170, in _propagate_event
    response = await router.propagate_event(update_type=update_type, event=event, **kwargs)
               ^^^^^^^^^^^^^^^^^^^^^^^^^^^^^^^^^^^^^^^^^^^^^^^^^^^^^^^^^^^^^^^^^^^^^^^^^^^^
  File "C:\Users\User\PycharmProjects\eldosina\.venv\Lib\site-packages\aiogram\dispatcher\router.py", line 142, in propagate_event
    return await observer.wrap_outer_middleware(_wrapped, event=event, data=kwargs)
           ^^^^^^^^^^^^^^^^^^^^^^^^^^^^^^^^^^^^^^^^^^^^^^^^^^^^^^^^^^^^^^^^^^^^^^^^
  File "C:\Users\User\PycharmProjects\eldosina\.venv\Lib\site-packages\aiogram\dispatcher\router.py", line 137, in _wrapped
    return await self._propagate_event(
           ^^^^^^^^^^^^^^^^^^^^^^^^^^^^
  File "C:\Users\User\PycharmProjects\eldosina\.venv\Lib\site-packages\aiogram\dispatcher\router.py", line 162, in _propagate_event
    response = await observer.trigger(event, **kwargs)
               ^^^^^^^^^^^^^^^^^^^^^^^^^^^^^^^^^^^^^^^
  File "C:\Users\User\PycharmProjects\eldosina\.venv\Lib\site-packages\aiogram\dispatcher\event\telegram.py", line 121, in trigger
    return await wrapped_inner(event, kwargs)
           ^^^^^^^^^^^^^^^^^^^^^^^^^^^^^^^^^^
  File "C:\Users\User\PycharmProjects\eldosina\.venv\Lib\site-packages\aiogram\dispatcher\event\handler.py", line 43, in call
    return await wrapped()
           ^^^^^^^^^^^^^^^
  File "C:\Users\User\PycharmProjects\eldosina\handlers\buy.py", line 47, in buy_accounts
    await message.answer(
  File "C:\Users\User\PycharmProjects\eldosina\.venv\Lib\site-packages\aiogram\methods\base.py", line 84, in emit
    return await bot(self)
           ^^^^^^^^^^^^^^^
  File "C:\Users\User\PycharmProjects\eldosina\.venv\Lib\site-packages\aiogram\client\bot.py", line 488, in __call__
    return await self.session(self, method, timeout=request_timeout)
           ^^^^^^^^^^^^^^^^^^^^^^^^^^^^^^^^^^^^^^^^^^^^^^^^^^^^^^^^^
  File "C:\Users\User\PycharmProjects\eldosina\.venv\Lib\site-packages\aiogram\client\session\base.py", line 254, in __call__
    return cast(TelegramType, await middleware(bot, method))
                              ^^^^^^^^^^^^^^^^^^^^^^^^^^^^^
  File "C:\Users\User\PycharmProjects\eldosina\.venv\Lib\site-packages\aiogram\client\session\aiohttp.py", line 188, in make_request
    raise TelegramNetworkError(method=method, message=f"{type(e).__name__}: {e}")
aiogram.exceptions.TelegramNetworkError: HTTP Client says - ClientConnectorError: Cannot connect to host api.telegram.org:443 ssl:default [Превышен таймаут семафора]
2026-01-19 14:30:18,340 - aiogram.event - INFO - Update id=232985157 is not handled. Duration 19296 ms by bot id=8077618081
2026-01-19 14:30:18,340 - aiogram.event - ERROR - Cause exception while process update id=232985157 by bot id=8077618081
TelegramNetworkError: HTTP Client says - ClientConnectorError: Cannot connect to host api.telegram.org:443 ssl:default [Превышен таймаут семафора]
Traceback (most recent call last):
  File "C:\Users\User\PycharmProjects\eldosina\.venv\Lib\site-packages\aiohttp\connector.py", line 1075, in _wrap_create_connection
    return await self._loop.create_connection(*args, **kwargs, sock=sock)
           ^^^^^^^^^^^^^^^^^^^^^^^^^^^^^^^^^^^^^^^^^^^^^^^^^^^^^^^^^^^^^^
  File "C:\Users\User\AppData\Local\Programs\Python\Python312\Lib\asyncio\base_events.py", line 1148, in create_connection
    transport, protocol = await self._create_connection_transport(
                          ^^^^^^^^^^^^^^^^^^^^^^^^^^^^^^^^^^^^^^^^
  File "C:\Users\User\AppData\Local\Programs\Python\Python312\Lib\asyncio\base_events.py", line 1181, in _create_connection_transport
    await waiter
  File "C:\Users\User\AppData\Local\Programs\Python\Python312\Lib\asyncio\proactor_events.py", line 286, in _loop_reading
    length = fut.result()
             ^^^^^^^^^^^^
  File "C:\Users\User\AppData\Local\Programs\Python\Python312\Lib\asyncio\windows_events.py", line 803, in _poll
    value = callback(transferred, key, ov)
            ^^^^^^^^^^^^^^^^^^^^^^^^^^^^^^
  File "C:\Users\User\AppData\Local\Programs\Python\Python312\Lib\asyncio\windows_events.py", line 462, in finish_socket_func
    return ov.getresult()
           ^^^^^^^^^^^^^^
OSError: [WinError 121] Превышен таймаут семафора

The above exception was the direct cause of the following exception:

Traceback (most recent call last):
  File "C:\Users\User\PycharmProjects\eldosina\.venv\Lib\site-packages\aiogram\client\session\aiohttp.py", line 181, in make_request
    async with session.post(
               ^^^^^^^^^^^^^
  File "C:\Users\User\PycharmProjects\eldosina\.venv\Lib\site-packages\aiohttp\client.py", line 1357, in __aenter__
    self._resp: _RetType = await self._coro
                           ^^^^^^^^^^^^^^^^
  File "C:\Users\User\PycharmProjects\eldosina\.venv\Lib\site-packages\aiohttp\client.py", line 661, in _request
    conn = await self._connector.connect(
           ^^^^^^^^^^^^^^^^^^^^^^^^^^^^^^
  File "C:\Users\User\PycharmProjects\eldosina\.venv\Lib\site-packages\aiohttp\connector.py", line 556, in connect
    proto = await self._create_connection(req, traces, timeout)
            ^^^^^^^^^^^^^^^^^^^^^^^^^^^^^^^^^^^^^^^^^^^^^^^^^^^
  File "C:\Users\User\PycharmProjects\eldosina\.venv\Lib\site-packages\aiohttp\connector.py", line 1009, in _create_connection
    _, proto = await self._create_direct_connection(req, traces, timeout)
               ^^^^^^^^^^^^^^^^^^^^^^^^^^^^^^^^^^^^^^^^^^^^^^^^^^^^^^^^^^
  File "C:\Users\User\PycharmProjects\eldosina\.venv\Lib\site-packages\aiohttp\connector.py", line 1343, in _create_direct_connection
    raise last_exc
  File "C:\Users\User\PycharmProjects\eldosina\.venv\Lib\site-packages\aiohttp\connector.py", line 1312, in _create_direct_connection
    transp, proto = await self._wrap_create_connection(
                    ^^^^^^^^^^^^^^^^^^^^^^^^^^^^^^^^^^^
  File "C:\Users\User\PycharmProjects\eldosina\.venv\Lib\site-packages\aiohttp\connector.py", line 1083, in _wrap_create_connection
    raise client_error(req.connection_key, exc) from exc
aiohttp.client_exceptions.ClientConnectorError: Cannot connect to host api.telegram.org:443 ssl:default [Превышен таймаут семафора]

During handling of the above exception, another exception occurred:

Traceback (most recent call last):
  File "C:\Users\User\PycharmProjects\eldosina\.venv\Lib\site-packages\aiogram\dispatcher\dispatcher.py", line 309, in _process_update
    response = await self.feed_update(bot, update, **kwargs)
               ^^^^^^^^^^^^^^^^^^^^^^^^^^^^^^^^^^^^^^^^^^^^^
  File "C:\Users\User\PycharmProjects\eldosina\.venv\Lib\site-packages\aiogram\dispatcher\dispatcher.py", line 158, in feed_update
    response = await self.update.wrap_outer_middleware(
               ^^^^^^^^^^^^^^^^^^^^^^^^^^^^^^^^^^^^^^^^
  File "C:\Users\User\PycharmProjects\eldosina\.venv\Lib\site-packages\aiogram\dispatcher\middlewares\error.py", line 25, in __call__
    return await handler(event, data)
           ^^^^^^^^^^^^^^^^^^^^^^^^^^
  File "C:\Users\User\PycharmProjects\eldosina\.venv\Lib\site-packages\aiogram\dispatcher\middlewares\user_context.py", line 56, in __call__
    return await handler(event, data)
           ^^^^^^^^^^^^^^^^^^^^^^^^^^
  File "C:\Users\User\PycharmProjects\eldosina\.venv\Lib\site-packages\aiogram\fsm\middleware.py", line 42, in __call__
    return await handler(event, data)
           ^^^^^^^^^^^^^^^^^^^^^^^^^^
  File "C:\Users\User\PycharmProjects\eldosina\.venv\Lib\site-packages\aiogram\dispatcher\event\telegram.py", line 121, in trigger
    return await wrapped_inner(event, kwargs)
           ^^^^^^^^^^^^^^^^^^^^^^^^^^^^^^^^^^
  File "C:\Users\User\PycharmProjects\eldosina\.venv\Lib\site-packages\aiogram\dispatcher\event\handler.py", line 43, in call
    return await wrapped()
           ^^^^^^^^^^^^^^^
  File "C:\Users\User\PycharmProjects\eldosina\.venv\Lib\site-packages\aiogram\dispatcher\dispatcher.py", line 276, in _listen_update
    return await self.propagate_event(update_type=update_type, event=event, **kwargs)
           ^^^^^^^^^^^^^^^^^^^^^^^^^^^^^^^^^^^^^^^^^^^^^^^^^^^^^^^^^^^^^^^^^^^^^^^^^^
  File "C:\Users\User\PycharmProjects\eldosina\.venv\Lib\site-packages\aiogram\dispatcher\router.py", line 142, in propagate_event
    return await observer.wrap_outer_middleware(_wrapped, event=event, data=kwargs)
           ^^^^^^^^^^^^^^^^^^^^^^^^^^^^^^^^^^^^^^^^^^^^^^^^^^^^^^^^^^^^^^^^^^^^^^^^
  File "C:\Users\User\PycharmProjects\eldosina\.venv\Lib\site-packages\aiogram\dispatcher\router.py", line 137, in _wrapped
    return await self._propagate_event(
           ^^^^^^^^^^^^^^^^^^^^^^^^^^^^
  File "C:\Users\User\PycharmProjects\eldosina\.venv\Lib\site-packages\aiogram\dispatcher\router.py", line 170, in _propagate_event
    response = await router.propagate_event(update_type=update_type, event=event, **kwargs)
               ^^^^^^^^^^^^^^^^^^^^^^^^^^^^^^^^^^^^^^^^^^^^^^^^^^^^^^^^^^^^^^^^^^^^^^^^^^^^
  File "C:\Users\User\PycharmProjects\eldosina\.venv\Lib\site-packages\aiogram\dispatcher\router.py", line 142, in propagate_event
    return await observer.wrap_outer_middleware(_wrapped, event=event, data=kwargs)
           ^^^^^^^^^^^^^^^^^^^^^^^^^^^^^^^^^^^^^^^^^^^^^^^^^^^^^^^^^^^^^^^^^^^^^^^^
  File "C:\Users\User\PycharmProjects\eldosina\.venv\Lib\site-packages\aiogram\dispatcher\router.py", line 137, in _wrapped
    return await self._propagate_event(
           ^^^^^^^^^^^^^^^^^^^^^^^^^^^^
  File "C:\Users\User\PycharmProjects\eldosina\.venv\Lib\site-packages\aiogram\dispatcher\router.py", line 162, in _propagate_event
    response = await observer.trigger(event, **kwargs)
               ^^^^^^^^^^^^^^^^^^^^^^^^^^^^^^^^^^^^^^^
  File "C:\Users\User\PycharmProjects\eldosina\.venv\Lib\site-packages\aiogram\dispatcher\event\telegram.py", line 121, in trigger
    return await wrapped_inner(event, kwargs)
           ^^^^^^^^^^^^^^^^^^^^^^^^^^^^^^^^^^
  File "C:\Users\User\PycharmProjects\eldosina\.venv\Lib\site-packages\aiogram\dispatcher\event\handler.py", line 43, in call
    return await wrapped()
           ^^^^^^^^^^^^^^^
  File "C:\Users\User\PycharmProjects\eldosina\handlers\start.py", line 85, in cmd_start
    await send_welcome_menu(message)
  File "C:\Users\User\PycharmProjects\eldosina\handlers\start.py", line 59, in send_welcome_menu
    await message.answer(
  File "C:\Users\User\PycharmProjects\eldosina\.venv\Lib\site-packages\aiogram\methods\base.py", line 84, in emit
    return await bot(self)
           ^^^^^^^^^^^^^^^
  File "C:\Users\User\PycharmProjects\eldosina\.venv\Lib\site-packages\aiogram\client\bot.py", line 488, in __call__
    return await self.session(self, method, timeout=request_timeout)
           ^^^^^^^^^^^^^^^^^^^^^^^^^^^^^^^^^^^^^^^^^^^^^^^^^^^^^^^^^
  File "C:\Users\User\PycharmProjects\eldosina\.venv\Lib\site-packages\aiogram\client\session\base.py", line 254, in __call__
    return cast(TelegramType, await middleware(bot, method))
                              ^^^^^^^^^^^^^^^^^^^^^^^^^^^^^
  File "C:\Users\User\PycharmProjects\eldosina\.venv\Lib\site-packages\aiogram\client\session\aiohttp.py", line 188, in make_request
    raise TelegramNetworkError(method=method, message=f"{type(e).__name__}: {e}")
aiogram.exceptions.TelegramNetworkError: HTTP Client says - ClientConnectorError: Cannot connect to host api.telegram.org:443 ssl:default [Превышен таймаут семафора]
2026-01-19 14:30:18,344 - aiogram.event - INFO - Update id=232985153 is not handled. Duration 19327 ms by bot id=8077618081
2026-01-19 14:30:18,344 - aiogram.event - ERROR - Cause exception while process update id=232985153 by bot id=8077618081
TelegramNetworkError: HTTP Client says - ClientConnectorError: Cannot connect to host api.telegram.org:443 ssl:default [Превышен таймаут семафора]
Traceback (most recent call last):
  File "C:\Users\User\PycharmProjects\eldosina\.venv\Lib\site-packages\aiohttp\connector.py", line 1075, in _wrap_create_connection
    return await self._loop.create_connection(*args, **kwargs, sock=sock)
           ^^^^^^^^^^^^^^^^^^^^^^^^^^^^^^^^^^^^^^^^^^^^^^^^^^^^^^^^^^^^^^
  File "C:\Users\User\AppData\Local\Programs\Python\Python312\Lib\asyncio\base_events.py", line 1148, in create_connection
    transport, protocol = await self._create_connection_transport(
                          ^^^^^^^^^^^^^^^^^^^^^^^^^^^^^^^^^^^^^^^^
  File "C:\Users\User\AppData\Local\Programs\Python\Python312\Lib\asyncio\base_events.py", line 1181, in _create_connection_transport
    await waiter
  File "C:\Users\User\AppData\Local\Programs\Python\Python312\Lib\asyncio\proactor_events.py", line 286, in _loop_reading
    length = fut.result()
             ^^^^^^^^^^^^
  File "C:\Users\User\AppData\Local\Programs\Python\Python312\Lib\asyncio\windows_events.py", line 803, in _poll
    value = callback(transferred, key, ov)
            ^^^^^^^^^^^^^^^^^^^^^^^^^^^^^^
  File "C:\Users\User\AppData\Local\Programs\Python\Python312\Lib\asyncio\windows_events.py", line 462, in finish_socket_func
    return ov.getresult()
           ^^^^^^^^^^^^^^
OSError: [WinError 121] Превышен таймаут семафора

The above exception was the direct cause of the following exception:

Traceback (most recent call last):
  File "C:\Users\User\PycharmProjects\eldosina\.venv\Lib\site-packages\aiogram\client\session\aiohttp.py", line 181, in make_request
    async with session.post(
               ^^^^^^^^^^^^^
  File "C:\Users\User\PycharmProjects\eldosina\.venv\Lib\site-packages\aiohttp\client.py", line 1357, in __aenter__
    self._resp: _RetType = await self._coro
                           ^^^^^^^^^^^^^^^^
  File "C:\Users\User\PycharmProjects\eldosina\.venv\Lib\site-packages\aiohttp\client.py", line 661, in _request
    conn = await self._connector.connect(
           ^^^^^^^^^^^^^^^^^^^^^^^^^^^^^^
  File "C:\Users\User\PycharmProjects\eldosina\.venv\Lib\site-packages\aiohttp\connector.py", line 556, in connect
    proto = await self._create_connection(req, traces, timeout)
            ^^^^^^^^^^^^^^^^^^^^^^^^^^^^^^^^^^^^^^^^^^^^^^^^^^^
  File "C:\Users\User\PycharmProjects\eldosina\.venv\Lib\site-packages\aiohttp\connector.py", line 1009, in _create_connection
    _, proto = await self._create_direct_connection(req, traces, timeout)
               ^^^^^^^^^^^^^^^^^^^^^^^^^^^^^^^^^^^^^^^^^^^^^^^^^^^^^^^^^^
  File "C:\Users\User\PycharmProjects\eldosina\.venv\Lib\site-packages\aiohttp\connector.py", line 1343, in _create_direct_connection
    raise last_exc
  File "C:\Users\User\PycharmProjects\eldosina\.venv\Lib\site-packages\aiohttp\connector.py", line 1312, in _create_direct_connection
    transp, proto = await self._wrap_create_connection(
                    ^^^^^^^^^^^^^^^^^^^^^^^^^^^^^^^^^^^
  File "C:\Users\User\PycharmProjects\eldosina\.venv\Lib\site-packages\aiohttp\connector.py", line 1083, in _wrap_create_connection
    raise client_error(req.connection_key, exc) from exc
aiohttp.client_exceptions.ClientConnectorError: Cannot connect to host api.telegram.org:443 ssl:default [Превышен таймаут семафора]

During handling of the above exception, another exception occurred:

Traceback (most recent call last):
  File "C:\Users\User\PycharmProjects\eldosina\.venv\Lib\site-packages\aiogram\dispatcher\dispatcher.py", line 309, in _process_update
    response = await self.feed_update(bot, update, **kwargs)
               ^^^^^^^^^^^^^^^^^^^^^^^^^^^^^^^^^^^^^^^^^^^^^
  File "C:\Users\User\PycharmProjects\eldosina\.venv\Lib\site-packages\aiogram\dispatcher\dispatcher.py", line 158, in feed_update
    response = await self.update.wrap_outer_middleware(
               ^^^^^^^^^^^^^^^^^^^^^^^^^^^^^^^^^^^^^^^^
  File "C:\Users\User\PycharmProjects\eldosina\.venv\Lib\site-packages\aiogram\dispatcher\middlewares\error.py", line 25, in __call__
    return await handler(event, data)
           ^^^^^^^^^^^^^^^^^^^^^^^^^^
  File "C:\Users\User\PycharmProjects\eldosina\.venv\Lib\site-packages\aiogram\dispatcher\middlewares\user_context.py", line 56, in __call__
    return await handler(event, data)
           ^^^^^^^^^^^^^^^^^^^^^^^^^^
  File "C:\Users\User\PycharmProjects\eldosina\.venv\Lib\site-packages\aiogram\fsm\middleware.py", line 42, in __call__
    return await handler(event, data)
           ^^^^^^^^^^^^^^^^^^^^^^^^^^
  File "C:\Users\User\PycharmProjects\eldosina\.venv\Lib\site-packages\aiogram\dispatcher\event\telegram.py", line 121, in trigger
    return await wrapped_inner(event, kwargs)
           ^^^^^^^^^^^^^^^^^^^^^^^^^^^^^^^^^^
  File "C:\Users\User\PycharmProjects\eldosina\.venv\Lib\site-packages\aiogram\dispatcher\event\handler.py", line 43, in call
    return await wrapped()
           ^^^^^^^^^^^^^^^
  File "C:\Users\User\PycharmProjects\eldosina\.venv\Lib\site-packages\aiogram\dispatcher\dispatcher.py", line 276, in _listen_update
    return await self.propagate_event(update_type=update_type, event=event, **kwargs)
           ^^^^^^^^^^^^^^^^^^^^^^^^^^^^^^^^^^^^^^^^^^^^^^^^^^^^^^^^^^^^^^^^^^^^^^^^^^
  File "C:\Users\User\PycharmProjects\eldosina\.venv\Lib\site-packages\aiogram\dispatcher\router.py", line 142, in propagate_event
    return await observer.wrap_outer_middleware(_wrapped, event=event, data=kwargs)
           ^^^^^^^^^^^^^^^^^^^^^^^^^^^^^^^^^^^^^^^^^^^^^^^^^^^^^^^^^^^^^^^^^^^^^^^^
  File "C:\Users\User\PycharmProjects\eldosina\.venv\Lib\site-packages\aiogram\dispatcher\router.py", line 137, in _wrapped
    return await self._propagate_event(
           ^^^^^^^^^^^^^^^^^^^^^^^^^^^^
  File "C:\Users\User\PycharmProjects\eldosina\.venv\Lib\site-packages\aiogram\dispatcher\router.py", line 170, in _propagate_event
    response = await router.propagate_event(update_type=update_type, event=event, **kwargs)
               ^^^^^^^^^^^^^^^^^^^^^^^^^^^^^^^^^^^^^^^^^^^^^^^^^^^^^^^^^^^^^^^^^^^^^^^^^^^^
  File "C:\Users\User\PycharmProjects\eldosina\.venv\Lib\site-packages\aiogram\dispatcher\router.py", line 142, in propagate_event
    return await observer.wrap_outer_middleware(_wrapped, event=event, data=kwargs)
           ^^^^^^^^^^^^^^^^^^^^^^^^^^^^^^^^^^^^^^^^^^^^^^^^^^^^^^^^^^^^^^^^^^^^^^^^
  File "C:\Users\User\PycharmProjects\eldosina\.venv\Lib\site-packages\aiogram\dispatcher\router.py", line 137, in _wrapped
    return await self._propagate_event(
           ^^^^^^^^^^^^^^^^^^^^^^^^^^^^
  File "C:\Users\User\PycharmProjects\eldosina\.venv\Lib\site-packages\aiogram\dispatcher\router.py", line 162, in _propagate_event
    response = await observer.trigger(event, **kwargs)
               ^^^^^^^^^^^^^^^^^^^^^^^^^^^^^^^^^^^^^^^
  File "C:\Users\User\PycharmProjects\eldosina\.venv\Lib\site-packages\aiogram\dispatcher\event\telegram.py", line 121, in trigger
    return await wrapped_inner(event, kwargs)
           ^^^^^^^^^^^^^^^^^^^^^^^^^^^^^^^^^^
  File "C:\Users\User\PycharmProjects\eldosina\.venv\Lib\site-packages\aiogram\dispatcher\event\handler.py", line 43, in call
    return await wrapped()
           ^^^^^^^^^^^^^^^
  File "C:\Users\User\PycharmProjects\eldosina\handlers\start.py", line 85, in cmd_start
    await send_welcome_menu(message)
  File "C:\Users\User\PycharmProjects\eldosina\handlers\start.py", line 59, in send_welcome_menu
    await message.answer(
  File "C:\Users\User\PycharmProjects\eldosina\.venv\Lib\site-packages\aiogram\methods\base.py", line 84, in emit
    return await bot(self)
           ^^^^^^^^^^^^^^^
  File "C:\Users\User\PycharmProjects\eldosina\.venv\Lib\site-packages\aiogram\client\bot.py", line 488, in __call__
    return await self.session(self, method, timeout=request_timeout)
           ^^^^^^^^^^^^^^^^^^^^^^^^^^^^^^^^^^^^^^^^^^^^^^^^^^^^^^^^^
  File "C:\Users\User\PycharmProjects\eldosina\.venv\Lib\site-packages\aiogram\client\session\base.py", line 254, in __call__
    return cast(TelegramType, await middleware(bot, method))
                              ^^^^^^^^^^^^^^^^^^^^^^^^^^^^^
  File "C:\Users\User\PycharmProjects\eldosina\.venv\Lib\site-packages\aiogram\client\session\aiohttp.py", line 188, in make_request
    raise TelegramNetworkError(method=method, message=f"{type(e).__name__}: {e}")
aiogram.exceptions.TelegramNetworkError: HTTP Client says - ClientConnectorError: Cannot connect to host api.telegram.org:443 ssl:default [Превышен таймаут семафора]
2026-01-19 14:30:18,359 - aiogram.event - INFO - Update id=232985158 is not handled. Duration 19328 ms by bot id=8077618081
2026-01-19 14:30:18,359 - aiogram.event - ERROR - Cause exception while process update id=232985158 by bot id=8077618081
TelegramNetworkError: HTTP Client says - ClientConnectorError: Cannot connect to host api.telegram.org:443 ssl:default [Превышен таймаут семафора]
Traceback (most recent call last):
  File "C:\Users\User\PycharmProjects\eldosina\.venv\Lib\site-packages\aiohttp\connector.py", line 1075, in _wrap_create_connection
    return await self._loop.create_connection(*args, **kwargs, sock=sock)
           ^^^^^^^^^^^^^^^^^^^^^^^^^^^^^^^^^^^^^^^^^^^^^^^^^^^^^^^^^^^^^^
  File "C:\Users\User\AppData\Local\Programs\Python\Python312\Lib\asyncio\base_events.py", line 1148, in create_connection
    transport, protocol = await self._create_connection_transport(
                          ^^^^^^^^^^^^^^^^^^^^^^^^^^^^^^^^^^^^^^^^
  File "C:\Users\User\AppData\Local\Programs\Python\Python312\Lib\asyncio\base_events.py", line 1181, in _create_connection_transport
    await waiter
  File "C:\Users\User\AppData\Local\Programs\Python\Python312\Lib\asyncio\proactor_events.py", line 286, in _loop_reading
    length = fut.result()
             ^^^^^^^^^^^^
  File "C:\Users\User\AppData\Local\Programs\Python\Python312\Lib\asyncio\windows_events.py", line 803, in _poll
    value = callback(transferred, key, ov)
            ^^^^^^^^^^^^^^^^^^^^^^^^^^^^^^
  File "C:\Users\User\AppData\Local\Programs\Python\Python312\Lib\asyncio\windows_events.py", line 462, in finish_socket_func
    return ov.getresult()
           ^^^^^^^^^^^^^^
OSError: [WinError 121] Превышен таймаут семафора

The above exception was the direct cause of the following exception:

Traceback (most recent call last):
  File "C:\Users\User\PycharmProjects\eldosina\.venv\Lib\site-packages\aiogram\client\session\aiohttp.py", line 181, in make_request
    async with session.post(
               ^^^^^^^^^^^^^
  File "C:\Users\User\PycharmProjects\eldosina\.venv\Lib\site-packages\aiohttp\client.py", line 1357, in __aenter__
    self._resp: _RetType = await self._coro
                           ^^^^^^^^^^^^^^^^
  File "C:\Users\User\PycharmProjects\eldosina\.venv\Lib\site-packages\aiohttp\client.py", line 661, in _request
    conn = await self._connector.connect(
           ^^^^^^^^^^^^^^^^^^^^^^^^^^^^^^
  File "C:\Users\User\PycharmProjects\eldosina\.venv\Lib\site-packages\aiohttp\connector.py", line 556, in connect
    proto = await self._create_connection(req, traces, timeout)
            ^^^^^^^^^^^^^^^^^^^^^^^^^^^^^^^^^^^^^^^^^^^^^^^^^^^
  File "C:\Users\User\PycharmProjects\eldosina\.venv\Lib\site-packages\aiohttp\connector.py", line 1009, in _create_connection
    _, proto = await self._create_direct_connection(req, traces, timeout)
               ^^^^^^^^^^^^^^^^^^^^^^^^^^^^^^^^^^^^^^^^^^^^^^^^^^^^^^^^^^
  File "C:\Users\User\PycharmProjects\eldosina\.venv\Lib\site-packages\aiohttp\connector.py", line 1343, in _create_direct_connection
    raise last_exc
  File "C:\Users\User\PycharmProjects\eldosina\.venv\Lib\site-packages\aiohttp\connector.py", line 1312, in _create_direct_connection
    transp, proto = await self._wrap_create_connection(
                    ^^^^^^^^^^^^^^^^^^^^^^^^^^^^^^^^^^^
  File "C:\Users\User\PycharmProjects\eldosina\.venv\Lib\site-packages\aiohttp\connector.py", line 1083, in _wrap_create_connection
    raise client_error(req.connection_key, exc) from exc
aiohttp.client_exceptions.ClientConnectorError: Cannot connect to host api.telegram.org:443 ssl:default [Превышен таймаут семафора]

During handling of the above exception, another exception occurred:

Traceback (most recent call last):
  File "C:\Users\User\PycharmProjects\eldosina\.venv\Lib\site-packages\aiogram\dispatcher\dispatcher.py", line 309, in _process_update
    response = await self.feed_update(bot, update, **kwargs)
               ^^^^^^^^^^^^^^^^^^^^^^^^^^^^^^^^^^^^^^^^^^^^^
  File "C:\Users\User\PycharmProjects\eldosina\.venv\Lib\site-packages\aiogram\dispatcher\dispatcher.py", line 158, in feed_update
    response = await self.update.wrap_outer_middleware(
               ^^^^^^^^^^^^^^^^^^^^^^^^^^^^^^^^^^^^^^^^
  File "C:\Users\User\PycharmProjects\eldosina\.venv\Lib\site-packages\aiogram\dispatcher\middlewares\error.py", line 25, in __call__
    return await handler(event, data)
           ^^^^^^^^^^^^^^^^^^^^^^^^^^
  File "C:\Users\User\PycharmProjects\eldosina\.venv\Lib\site-packages\aiogram\dispatcher\middlewares\user_context.py", line 56, in __call__
    return await handler(event, data)
           ^^^^^^^^^^^^^^^^^^^^^^^^^^
  File "C:\Users\User\PycharmProjects\eldosina\.venv\Lib\site-packages\aiogram\fsm\middleware.py", line 42, in __call__
    return await handler(event, data)
           ^^^^^^^^^^^^^^^^^^^^^^^^^^
  File "C:\Users\User\PycharmProjects\eldosina\.venv\Lib\site-packages\aiogram\dispatcher\event\telegram.py", line 121, in trigger
    return await wrapped_inner(event, kwargs)
           ^^^^^^^^^^^^^^^^^^^^^^^^^^^^^^^^^^
  File "C:\Users\User\PycharmProjects\eldosina\.venv\Lib\site-packages\aiogram\dispatcher\event\handler.py", line 43, in call
    return await wrapped()
           ^^^^^^^^^^^^^^^
  File "C:\Users\User\PycharmProjects\eldosina\.venv\Lib\site-packages\aiogram\dispatcher\dispatcher.py", line 276, in _listen_update
    return await self.propagate_event(update_type=update_type, event=event, **kwargs)
           ^^^^^^^^^^^^^^^^^^^^^^^^^^^^^^^^^^^^^^^^^^^^^^^^^^^^^^^^^^^^^^^^^^^^^^^^^^
  File "C:\Users\User\PycharmProjects\eldosina\.venv\Lib\site-packages\aiogram\dispatcher\router.py", line 142, in propagate_event
    return await observer.wrap_outer_middleware(_wrapped, event=event, data=kwargs)
           ^^^^^^^^^^^^^^^^^^^^^^^^^^^^^^^^^^^^^^^^^^^^^^^^^^^^^^^^^^^^^^^^^^^^^^^^
  File "C:\Users\User\PycharmProjects\eldosina\.venv\Lib\site-packages\aiogram\dispatcher\router.py", line 137, in _wrapped
    return await self._propagate_event(
           ^^^^^^^^^^^^^^^^^^^^^^^^^^^^
  File "C:\Users\User\PycharmProjects\eldosina\.venv\Lib\site-packages\aiogram\dispatcher\router.py", line 170, in _propagate_event
    response = await router.propagate_event(update_type=update_type, event=event, **kwargs)
               ^^^^^^^^^^^^^^^^^^^^^^^^^^^^^^^^^^^^^^^^^^^^^^^^^^^^^^^^^^^^^^^^^^^^^^^^^^^^
  File "C:\Users\User\PycharmProjects\eldosina\.venv\Lib\site-packages\aiogram\dispatcher\router.py", line 142, in propagate_event
    return await observer.wrap_outer_middleware(_wrapped, event=event, data=kwargs)
           ^^^^^^^^^^^^^^^^^^^^^^^^^^^^^^^^^^^^^^^^^^^^^^^^^^^^^^^^^^^^^^^^^^^^^^^^
  File "C:\Users\User\PycharmProjects\eldosina\.venv\Lib\site-packages\aiogram\dispatcher\router.py", line 137, in _wrapped
    return await self._propagate_event(
           ^^^^^^^^^^^^^^^^^^^^^^^^^^^^
  File "C:\Users\User\PycharmProjects\eldosina\.venv\Lib\site-packages\aiogram\dispatcher\router.py", line 162, in _propagate_event
    response = await observer.trigger(event, **kwargs)
               ^^^^^^^^^^^^^^^^^^^^^^^^^^^^^^^^^^^^^^^
  File "C:\Users\User\PycharmProjects\eldosina\.venv\Lib\site-packages\aiogram\dispatcher\event\telegram.py", line 121, in trigger
    return await wrapped_inner(event, kwargs)
           ^^^^^^^^^^^^^^^^^^^^^^^^^^^^^^^^^^
  File "C:\Users\User\PycharmProjects\eldosina\.venv\Lib\site-packages\aiogram\dispatcher\event\handler.py", line 43, in call
    return await wrapped()
           ^^^^^^^^^^^^^^^
  File "C:\Users\User\PycharmProjects\eldosina\handlers\start.py", line 85, in cmd_start
    await send_welcome_menu(message)
  File "C:\Users\User\PycharmProjects\eldosina\handlers\start.py", line 59, in send_welcome_menu
    await message.answer(
  File "C:\Users\User\PycharmProjects\eldosina\.venv\Lib\site-packages\aiogram\methods\base.py", line 84, in emit
    return await bot(self)
           ^^^^^^^^^^^^^^^
  File "C:\Users\User\PycharmProjects\eldosina\.venv\Lib\site-packages\aiogram\client\bot.py", line 488, in __call__
    return await self.session(self, method, timeout=request_timeout)
           ^^^^^^^^^^^^^^^^^^^^^^^^^^^^^^^^^^^^^^^^^^^^^^^^^^^^^^^^^
  File "C:\Users\User\PycharmProjects\eldosina\.venv\Lib\site-packages\aiogram\client\session\base.py", line 254, in __call__
    return cast(TelegramType, await middleware(bot, method))
                              ^^^^^^^^^^^^^^^^^^^^^^^^^^^^^
  File "C:\Users\User\PycharmProjects\eldosina\.venv\Lib\site-packages\aiogram\client\session\aiohttp.py", line 188, in make_request
    raise TelegramNetworkError(method=method, message=f"{type(e).__name__}: {e}")
aiogram.exceptions.TelegramNetworkError: HTTP Client says - ClientConnectorError: Cannot connect to host api.telegram.org:443 ssl:default [Превышен таймаут семафора]
2026-01-19 14:34:49,436 - aiogram.dispatcher - INFO - Polling stopped
2026-01-19 14:34:49,711 - __main__ - INFO - Бот остановлен
2026-01-19 14:34:57,518 - __main__ - INFO - Используется BOT_TOKEN: 8077618081:AAHvfkJ8n... (из .env файла)
2026-01-19 14:34:57,688 - __main__ - INFO - Бот запущен!
2026-01-19 14:34:57,689 - aiogram.dispatcher - INFO - Start polling
2026-01-19 14:35:06,316 - aiogram.event - INFO - Update id=232985167 is handled. Duration 202 ms by bot id=8077618081
2026-01-19 14:35:08,742 - aiogram.event - INFO - Update id=232985168 is handled. Duration 157 ms by bot id=8077618081
2026-01-19 14:35:10,956 - aiogram.event - INFO - Update id=232985169 is handled. Duration 125 ms by bot id=8077618081
2026-01-19 14:35:17,842 - aiogram.event - INFO - Update id=232985170 is handled. Duration 94 ms by bot id=8077618081
2026-01-19 14:35:19,757 - aiogram.event - INFO - Update id=232985171 is handled. Duration 77 ms by bot id=8077618081
2026-01-19 14:35:22,715 - aiogram.event - INFO - Update id=232985166 is not handled. Duration 19311 ms by bot id=8077618081
2026-01-19 14:35:22,716 - aiogram.event - ERROR - Cause exception while process update id=232985166 by bot id=8077618081
TelegramNetworkError: HTTP Client says - ClientConnectorError: Cannot connect to host api.telegram.org:443 ssl:default [Превышен таймаут семафора]
Traceback (most recent call last):
  File "C:\Users\User\PycharmProjects\eldosina\.venv\Lib\site-packages\aiohttp\connector.py", line 1075, in _wrap_create_connection
    return await self._loop.create_connection(*args, **kwargs, sock=sock)
           ^^^^^^^^^^^^^^^^^^^^^^^^^^^^^^^^^^^^^^^^^^^^^^^^^^^^^^^^^^^^^^
  File "C:\Users\User\AppData\Local\Programs\Python\Python312\Lib\asyncio\base_events.py", line 1148, in create_connection
    transport, protocol = await self._create_connection_transport(
                          ^^^^^^^^^^^^^^^^^^^^^^^^^^^^^^^^^^^^^^^^
  File "C:\Users\User\AppData\Local\Programs\Python\Python312\Lib\asyncio\base_events.py", line 1181, in _create_connection_transport
    await waiter
  File "C:\Users\User\AppData\Local\Programs\Python\Python312\Lib\asyncio\proactor_events.py", line 286, in _loop_reading
    length = fut.result()
             ^^^^^^^^^^^^
  File "C:\Users\User\AppData\Local\Programs\Python\Python312\Lib\asyncio\windows_events.py", line 803, in _poll
    value = callback(transferred, key, ov)
            ^^^^^^^^^^^^^^^^^^^^^^^^^^^^^^
  File "C:\Users\User\AppData\Local\Programs\Python\Python312\Lib\asyncio\windows_events.py", line 462, in finish_socket_func
    return ov.getresult()
           ^^^^^^^^^^^^^^
OSError: [WinError 121] Превышен таймаут семафора

The above exception was the direct cause of the following exception:

Traceback (most recent call last):
  File "C:\Users\User\PycharmProjects\eldosina\.venv\Lib\site-packages\aiogram\client\session\aiohttp.py", line 181, in make_request
    async with session.post(
               ^^^^^^^^^^^^^
  File "C:\Users\User\PycharmProjects\eldosina\.venv\Lib\site-packages\aiohttp\client.py", line 1357, in __aenter__
    self._resp: _RetType = await self._coro
                           ^^^^^^^^^^^^^^^^
  File "C:\Users\User\PycharmProjects\eldosina\.venv\Lib\site-packages\aiohttp\client.py", line 661, in _request
    conn = await self._connector.connect(
           ^^^^^^^^^^^^^^^^^^^^^^^^^^^^^^
  File "C:\Users\User\PycharmProjects\eldosina\.venv\Lib\site-packages\aiohttp\connector.py", line 556, in connect
    proto = await self._create_connection(req, traces, timeout)
            ^^^^^^^^^^^^^^^^^^^^^^^^^^^^^^^^^^^^^^^^^^^^^^^^^^^
  File "C:\Users\User\PycharmProjects\eldosina\.venv\Lib\site-packages\aiohttp\connector.py", line 1009, in _create_connection
    _, proto = await self._create_direct_connection(req, traces, timeout)
               ^^^^^^^^^^^^^^^^^^^^^^^^^^^^^^^^^^^^^^^^^^^^^^^^^^^^^^^^^^
  File "C:\Users\User\PycharmProjects\eldosina\.venv\Lib\site-packages\aiohttp\connector.py", line 1343, in _create_direct_connection
    raise last_exc
  File "C:\Users\User\PycharmProjects\eldosina\.venv\Lib\site-packages\aiohttp\connector.py", line 1312, in _create_direct_connection
    transp, proto = await self._wrap_create_connection(
                    ^^^^^^^^^^^^^^^^^^^^^^^^^^^^^^^^^^^
  File "C:\Users\User\PycharmProjects\eldosina\.venv\Lib\site-packages\aiohttp\connector.py", line 1083, in _wrap_create_connection
    raise client_error(req.connection_key, exc) from exc
aiohttp.client_exceptions.ClientConnectorError: Cannot connect to host api.telegram.org:443 ssl:default [Превышен таймаут семафора]

During handling of the above exception, another exception occurred:

Traceback (most recent call last):
  File "C:\Users\User\PycharmProjects\eldosina\.venv\Lib\site-packages\aiogram\dispatcher\dispatcher.py", line 309, in _process_update
    response = await self.feed_update(bot, update, **kwargs)
               ^^^^^^^^^^^^^^^^^^^^^^^^^^^^^^^^^^^^^^^^^^^^^
  File "C:\Users\User\PycharmProjects\eldosina\.venv\Lib\site-packages\aiogram\dispatcher\dispatcher.py", line 158, in feed_update
    response = await self.update.wrap_outer_middleware(
               ^^^^^^^^^^^^^^^^^^^^^^^^^^^^^^^^^^^^^^^^
  File "C:\Users\User\PycharmProjects\eldosina\.venv\Lib\site-packages\aiogram\dispatcher\middlewares\error.py", line 25, in __call__
    return await handler(event, data)
           ^^^^^^^^^^^^^^^^^^^^^^^^^^
  File "C:\Users\User\PycharmProjects\eldosina\.venv\Lib\site-packages\aiogram\dispatcher\middlewares\user_context.py", line 56, in __call__
    return await handler(event, data)
           ^^^^^^^^^^^^^^^^^^^^^^^^^^
  File "C:\Users\User\PycharmProjects\eldosina\.venv\Lib\site-packages\aiogram\fsm\middleware.py", line 42, in __call__
    return await handler(event, data)
           ^^^^^^^^^^^^^^^^^^^^^^^^^^
  File "C:\Users\User\PycharmProjects\eldosina\.venv\Lib\site-packages\aiogram\dispatcher\event\telegram.py", line 121, in trigger
    return await wrapped_inner(event, kwargs)
           ^^^^^^^^^^^^^^^^^^^^^^^^^^^^^^^^^^
  File "C:\Users\User\PycharmProjects\eldosina\.venv\Lib\site-packages\aiogram\dispatcher\event\handler.py", line 43, in call
    return await wrapped()
           ^^^^^^^^^^^^^^^
  File "C:\Users\User\PycharmProjects\eldosina\.venv\Lib\site-packages\aiogram\dispatcher\dispatcher.py", line 276, in _listen_update
    return await self.propagate_event(update_type=update_type, event=event, **kwargs)
           ^^^^^^^^^^^^^^^^^^^^^^^^^^^^^^^^^^^^^^^^^^^^^^^^^^^^^^^^^^^^^^^^^^^^^^^^^^
  File "C:\Users\User\PycharmProjects\eldosina\.venv\Lib\site-packages\aiogram\dispatcher\router.py", line 142, in propagate_event
    return await observer.wrap_outer_middleware(_wrapped, event=event, data=kwargs)
           ^^^^^^^^^^^^^^^^^^^^^^^^^^^^^^^^^^^^^^^^^^^^^^^^^^^^^^^^^^^^^^^^^^^^^^^^
  File "C:\Users\User\PycharmProjects\eldosina\.venv\Lib\site-packages\aiogram\dispatcher\router.py", line 137, in _wrapped
    return await self._propagate_event(
           ^^^^^^^^^^^^^^^^^^^^^^^^^^^^
  File "C:\Users\User\PycharmProjects\eldosina\.venv\Lib\site-packages\aiogram\dispatcher\router.py", line 170, in _propagate_event
    response = await router.propagate_event(update_type=update_type, event=event, **kwargs)
               ^^^^^^^^^^^^^^^^^^^^^^^^^^^^^^^^^^^^^^^^^^^^^^^^^^^^^^^^^^^^^^^^^^^^^^^^^^^^
  File "C:\Users\User\PycharmProjects\eldosina\.venv\Lib\site-packages\aiogram\dispatcher\router.py", line 142, in propagate_event
    return await observer.wrap_outer_middleware(_wrapped, event=event, data=kwargs)
           ^^^^^^^^^^^^^^^^^^^^^^^^^^^^^^^^^^^^^^^^^^^^^^^^^^^^^^^^^^^^^^^^^^^^^^^^
  File "C:\Users\User\PycharmProjects\eldosina\.venv\Lib\site-packages\aiogram\dispatcher\router.py", line 137, in _wrapped
    return await self._propagate_event(
           ^^^^^^^^^^^^^^^^^^^^^^^^^^^^
  File "C:\Users\User\PycharmProjects\eldosina\.venv\Lib\site-packages\aiogram\dispatcher\router.py", line 162, in _propagate_event
    response = await observer.trigger(event, **kwargs)
               ^^^^^^^^^^^^^^^^^^^^^^^^^^^^^^^^^^^^^^^
  File "C:\Users\User\PycharmProjects\eldosina\.venv\Lib\site-packages\aiogram\dispatcher\event\telegram.py", line 121, in trigger
    return await wrapped_inner(event, kwargs)
           ^^^^^^^^^^^^^^^^^^^^^^^^^^^^^^^^^^
  File "C:\Users\User\PycharmProjects\eldosina\.venv\Lib\site-packages\aiogram\dispatcher\event\handler.py", line 43, in call
    return await wrapped()
           ^^^^^^^^^^^^^^^
  File "C:\Users\User\PycharmProjects\eldosina\handlers\start.py", line 85, in cmd_start
    await send_welcome_menu(message)
  File "C:\Users\User\PycharmProjects\eldosina\handlers\start.py", line 59, in send_welcome_menu
    await message.answer(
  File "C:\Users\User\PycharmProjects\eldosina\.venv\Lib\site-packages\aiogram\methods\base.py", line 84, in emit
    return await bot(self)
           ^^^^^^^^^^^^^^^
  File "C:\Users\User\PycharmProjects\eldosina\.venv\Lib\site-packages\aiogram\client\bot.py", line 488, in __call__
    return await self.session(self, method, timeout=request_timeout)
           ^^^^^^^^^^^^^^^^^^^^^^^^^^^^^^^^^^^^^^^^^^^^^^^^^^^^^^^^^
  File "C:\Users\User\PycharmProjects\eldosina\.venv\Lib\site-packages\aiogram\client\session\base.py", line 254, in __call__
    return cast(TelegramType, await middleware(bot, method))
                              ^^^^^^^^^^^^^^^^^^^^^^^^^^^^^
  File "C:\Users\User\PycharmProjects\eldosina\.venv\Lib\site-packages\aiogram\client\session\aiohttp.py", line 188, in make_request
    raise TelegramNetworkError(method=method, message=f"{type(e).__name__}: {e}")
aiogram.exceptions.TelegramNetworkError: HTTP Client says - ClientConnectorError: Cannot connect to host api.telegram.org:443 ssl:default [Превышен таймаут семафора]
2026-01-19 14:35:23,775 - aiogram.event - INFO - Update id=232985172 is handled. Duration 78 ms by bot id=8077618081
2026-01-19 14:35:24,995 - aiogram.event - INFO - Update id=232985173 is handled. Duration 78 ms by bot id=8077618081
2026-01-19 14:35:28,556 - aiogram.event - INFO - Update id=232985174 is handled. Duration 94 ms by bot id=8077618081
2026-01-19 14:35:33,183 - aiogram.event - INFO - Update id=232985175 is handled. Duration 140 ms by bot id=8077618081
2026-01-19 14:35:36,696 - aiogram.event - INFO - Update id=232985176 is handled. Duration 171 ms by bot id=8077618081
2026-01-19 14:35:39,880 - aiogram.event - INFO - Update id=232985177 is handled. Duration 125 ms by bot id=8077618081
2026-01-19 14:35:41,644 - aiogram.event - INFO - Update id=232985178 is handled. Duration 109 ms by bot id=8077618081
2026-01-19 14:35:44,870 - aiogram.event - INFO - Update id=232985179 is handled. Duration 110 ms by bot id=8077618081
2026-01-19 14:35:46,538 - aiogram.event - INFO - Update id=232985180 is handled. Duration 78 ms by bot id=8077618081
2026-01-19 14:35:47,362 - aiogram.event - INFO - Update id=232985181 is handled. Duration 78 ms by bot id=8077618081
2026-01-19 14:36:35,753 - aiogram.dispatcher - INFO - Polling stopped
2026-01-19 14:36:36,015 - __main__ - INFO - Бот остановлен
2026-01-19 14:36:44,174 - __main__ - INFO - Используется BOT_TOKEN: 8077618081:AAHvfkJ8n... (из .env файла)
2026-01-19 14:36:44,356 - __main__ - INFO - Бот запущен!
2026-01-19 14:36:44,356 - aiogram.dispatcher - INFO - Start polling
2026-01-19 14:36:50,218 - aiogram.event - INFO - Update id=232985182 is handled. Duration 344 ms by bot id=8077618081
2026-01-19 14:36:52,440 - aiogram.event - INFO - Update id=232985183 is handled. Duration 94 ms by bot id=8077618081
2026-01-19 14:36:54,357 - aiogram.event - INFO - Update id=232985184 is handled. Duration 202 ms by bot id=8077618081
2026-01-19 14:36:55,260 - aiogram.event - INFO - Update id=232985185 is not handled. Duration 0 ms by bot id=8077618081
2026-01-19 14:36:56,230 - aiogram.event - INFO - Update id=232985186 is not handled. Duration 0 ms by bot id=8077618081
2026-01-19 14:36:56,879 - aiogram.event - INFO - Update id=232985187 is not handled. Duration 14 ms by bot id=8077618081
2026-01-19 14:36:57,695 - aiogram.event - INFO - Update id=232985188 is not handled. Duration 0 ms by bot id=8077618081
2026-01-19 14:36:59,503 - aiogram.event - INFO - Update id=232985189 is not handled. Duration 14 ms by bot id=8077618081
2026-01-19 14:37:00,807 - aiogram.event - INFO - Update id=232985190 is not handled. Duration 0 ms by bot id=8077618081
2026-01-19 14:37:00,955 - aiogram.event - INFO - Update id=232985191 is not handled. Duration 15 ms by bot id=8077618081
2026-01-19 14:37:08,329 - aiogram.event - INFO - Update id=232985192 is not handled. Duration 15 ms by bot id=8077618081
2026-01-19 14:37:28,004 - aiogram.dispatcher - INFO - Polling stopped
2026-01-19 14:37:28,275 - __main__ - INFO - Бот остановлен
2026-01-19 14:37:41,105 - __main__ - INFO - Используется BOT_TOKEN: 8077618081:AAHvfkJ8n... (из .env файла)
2026-01-19 14:37:41,283 - __main__ - INFO - Бот запущен!
2026-01-19 14:37:41,283 - aiogram.dispatcher - INFO - Start polling
2026-01-19 14:37:43,629 - aiogram.event - INFO - Update id=232985193 is not handled. Duration 0 ms by bot id=8077618081
2026-01-19 14:37:44,577 - aiogram.event - INFO - Update id=232985194 is not handled. Duration 15 ms by bot id=8077618081
2026-01-19 14:37:44,994 - aiogram.event - INFO - Update id=232985195 is not handled. Duration 0 ms by bot id=8077618081
2026-01-19 14:37:47,895 - aiogram.event - INFO - Update id=232985196 is not handled. Duration 0 ms by bot id=8077618081
2026-01-19 14:37:50,452 - aiogram.event - INFO - Update id=232985197 is handled. Duration 234 ms by bot id=8077618081
2026-01-19 14:37:51,819 - aiogram.event - INFO - Update id=232985198 is handled. Duration 77 ms by bot id=8077618081
2026-01-19 14:37:54,180 - aiogram.event - INFO - Update id=232985199 is not handled. Duration 0 ms by bot id=8077618081
2026-01-19 14:37:57,927 - aiogram.event - INFO - Update id=232985200 is handled. Duration 94 ms by bot id=8077618081
2026-01-19 14:38:02,121 - aiogram.event - INFO - Update id=232985201 is handled. Duration 78 ms by bot id=8077618081
2026-01-19 14:38:05,228 - aiogram.event - INFO - Update id=232985202 is handled. Duration 469 ms by bot id=8077618081
2026-01-19 14:38:12,625 - aiogram.event - INFO - Update id=232985203 is not handled. Duration 14 ms by bot id=8077618081
2026-01-19 14:38:14,118 - aiogram.event - INFO - Update id=232985204 is not handled. Duration 0 ms by bot id=8077618081
2026-01-19 14:40:01,568 - aiogram.dispatcher - INFO - Polling stopped
2026-01-19 14:40:01,840 - __main__ - INFO - Бот остановлен
2026-01-19 14:40:19,930 - __main__ - INFO - Используется BOT_TOKEN: 8077618081:AAHvfkJ8n... (из .env файла)
2026-01-19 14:40:20,100 - __main__ - INFO - Бот запущен!
2026-01-19 14:40:20,100 - aiogram.dispatcher - INFO - Start polling
2026-01-19 14:40:27,150 - aiogram.event - INFO - Update id=232985205 is handled. Duration 219 ms by bot id=8077618081
2026-01-19 14:40:30,179 - aiogram.event - INFO - Update id=232985206 is handled. Duration 94 ms by bot id=8077618081
2026-01-19 14:40:31,597 - aiogram.event - INFO - Update id=232985207 is handled. Duration 94 ms by bot id=8077618081
2026-01-19 14:40:32,621 - aiogram.event - INFO - Update id=232985208 is not handled. Duration 0 ms by bot id=8077618081
2026-01-19 14:40:33,682 - aiogram.event - INFO - Update id=232985209 is not handled. Duration 0 ms by bot id=8077618081
2026-01-19 14:40:34,335 - aiogram.event - INFO - Update id=232985210 is not handled. Duration 0 ms by bot id=8077618081
2026-01-19 14:40:34,528 - aiogram.event - INFO - Update id=232985211 is not handled. Duration 0 ms by bot id=8077618081
2026-01-19 14:40:36,996 - aiogram.event - INFO - Update id=232985212 is not handled. Duration 0 ms by bot id=8077618081
2026-01-19 15:05:39,243 - aiogram.dispatcher - ERROR - Failed to fetch updates - TelegramNetworkError: HTTP Client says - Request timeout error
2026-01-19 15:05:39,244 - aiogram.dispatcher - WARNING - Sleep for 1.000000 seconds and try again... (tryings = 0, bot id = 8077618081)
2026-01-19 15:05:40,256 - aiogram.dispatcher - ERROR - Failed to fetch updates - TelegramNetworkError: HTTP Client says - ClientConnectorError: Cannot connect to host api.telegram.org:443 ssl:default [Сетевая папка недоступна. За информацией о разрешении проблем в сети обратитесь к справочной системе Windows]
2026-01-19 15:05:40,257 - aiogram.dispatcher - WARNING - Sleep for 1.298266 seconds and try again... (tryings = 1, bot id = 8077618081)
2026-01-19 15:05:41,566 - aiogram.dispatcher - ERROR - Failed to fetch updates - TelegramNetworkError: HTTP Client says - ClientConnectorError: Cannot connect to host api.telegram.org:443 ssl:default [Сетевая папка недоступна. За информацией о разрешении проблем в сети обратитесь к справочной системе Windows]
2026-01-19 15:05:41,567 - aiogram.dispatcher - WARNING - Sleep for 1.852714 seconds and try again... (tryings = 2, bot id = 8077618081)
2026-01-19 15:05:43,436 - aiogram.dispatcher - ERROR - Failed to fetch updates - TelegramNetworkError: HTTP Client says - ClientConnectorError: Cannot connect to host api.telegram.org:443 ssl:default [Сетевая папка недоступна. За информацией о разрешении проблем в сети обратитесь к справочной системе Windows]
2026-01-19 15:05:43,436 - aiogram.dispatcher - WARNING - Sleep for 2.598424 seconds and try again... (tryings = 3, bot id = 8077618081)
2026-01-19 15:05:46,048 - aiogram.dispatcher - ERROR - Failed to fetch updates - TelegramNetworkError: HTTP Client says - ClientConnectorError: Cannot connect to host api.telegram.org:443 ssl:default [Сетевая папка недоступна. За информацией о разрешении проблем в сети обратитесь к справочной системе Windows]
2026-01-19 15:05:46,049 - aiogram.dispatcher - WARNING - Sleep for 3.392196 seconds and try again... (tryings = 4, bot id = 8077618081)
2026-01-19 15:05:49,444 - aiogram.dispatcher - ERROR - Failed to fetch updates - TelegramNetworkError: HTTP Client says - ClientConnectorError: Cannot connect to host api.telegram.org:443 ssl:default [Сетевая папка недоступна. За информацией о разрешении проблем в сети обратитесь к справочной системе Windows]
2026-01-19 15:05:49,444 - aiogram.dispatcher - WARNING - Sleep for 4.450542 seconds and try again... (tryings = 5, bot id = 8077618081)
2026-01-19 15:05:53,898 - aiogram.dispatcher - ERROR - Failed to fetch updates - TelegramNetworkError: HTTP Client says - ClientConnectorError: Cannot connect to host api.telegram.org:443 ssl:default [Сетевая папка недоступна. За информацией о разрешении проблем в сети обратитесь к справочной системе Windows]
2026-01-19 15:05:53,898 - aiogram.dispatcher - WARNING - Sleep for 5.050788 seconds and try again... (tryings = 6, bot id = 8077618081)
2026-01-19 15:05:58,961 - aiogram.dispatcher - ERROR - Failed to fetch updates - TelegramNetworkError: HTTP Client says - ClientConnectorError: Cannot connect to host api.telegram.org:443 ssl:default [Сетевая папка недоступна. За информацией о разрешении проблем в сети обратитесь к справочной системе Windows]
2026-01-19 15:05:58,962 - aiogram.dispatcher - WARNING - Sleep for 5.029725 seconds and try again... (tryings = 7, bot id = 8077618081)
2026-01-19 15:06:04,006 - aiogram.dispatcher - ERROR - Failed to fetch updates - TelegramNetworkError: HTTP Client says - ClientConnectorError: Cannot connect to host api.telegram.org:443 ssl:default [Сетевая папка недоступна. За информацией о разрешении проблем в сети обратитесь к справочной системе Windows]
2026-01-19 15:06:04,007 - aiogram.dispatcher - WARNING - Sleep for 4.862793 seconds and try again... (tryings = 8, bot id = 8077618081)
2026-01-19 15:06:08,879 - aiogram.dispatcher - ERROR - Failed to fetch updates - TelegramNetworkError: HTTP Client says - ClientConnectorError: Cannot connect to host api.telegram.org:443 ssl:default [Сетевая папка недоступна. За информацией о разрешении проблем в сети обратитесь к справочной системе Windows]
2026-01-19 15:06:08,880 - aiogram.dispatcher - WARNING - Sleep for 4.842209 seconds and try again... (tryings = 9, bot id = 8077618081)
2026-01-19 15:06:13,730 - aiogram.dispatcher - ERROR - Failed to fetch updates - TelegramNetworkError: HTTP Client says - ClientConnectorError: Cannot connect to host api.telegram.org:443 ssl:default [Сетевая папка недоступна. За информацией о разрешении проблем в сети обратитесь к справочной системе Windows]
2026-01-19 15:06:13,731 - aiogram.dispatcher - WARNING - Sleep for 5.011884 seconds and try again... (tryings = 10, bot id = 8077618081)
2026-01-19 15:06:18,757 - aiogram.dispatcher - ERROR - Failed to fetch updates - TelegramNetworkError: HTTP Client says - ClientConnectorError: Cannot connect to host api.telegram.org:443 ssl:default [Сетевая папка недоступна. За информацией о разрешении проблем в сети обратитесь к справочной системе Windows]
2026-01-19 15:06:18,757 - aiogram.dispatcher - WARNING - Sleep for 5.059719 seconds and try again... (tryings = 11, bot id = 8077618081)
2026-01-19 15:06:23,832 - aiogram.dispatcher - ERROR - Failed to fetch updates - TelegramNetworkError: HTTP Client says - ClientConnectorError: Cannot connect to host api.telegram.org:443 ssl:default [Сетевая папка недоступна. За информацией о разрешении проблем в сети обратитесь к справочной системе Windows]
2026-01-19 15:06:23,832 - aiogram.dispatcher - WARNING - Sleep for 5.048734 seconds and try again... (tryings = 12, bot id = 8077618081)
2026-01-19 15:06:28,893 - aiogram.dispatcher - ERROR - Failed to fetch updates - TelegramNetworkError: HTTP Client says - ClientConnectorError: Cannot connect to host api.telegram.org:443 ssl:default [Сетевая папка недоступна. За информацией о разрешении проблем в сети обратитесь к справочной системе Windows]
2026-01-19 15:06:28,893 - aiogram.dispatcher - WARNING - Sleep for 5.012875 seconds and try again... (tryings = 13, bot id = 8077618081)
2026-01-19 15:06:33,920 - aiogram.dispatcher - ERROR - Failed to fetch updates - TelegramNetworkError: HTTP Client says - ClientConnectorError: Cannot connect to host api.telegram.org:443 ssl:default [Сетевая папка недоступна. За информацией о разрешении проблем в сети обратитесь к справочной системе Windows]
2026-01-19 15:06:33,920 - aiogram.dispatcher - WARNING - Sleep for 5.036097 seconds and try again... (tryings = 14, bot id = 8077618081)
2026-01-19 15:06:38,966 - aiogram.dispatcher - ERROR - Failed to fetch updates - TelegramNetworkError: HTTP Client says - ClientConnectorError: Cannot connect to host api.telegram.org:443 ssl:default [Сетевая папка недоступна. За информацией о разрешении проблем в сети обратитесь к справочной системе Windows]
2026-01-19 15:06:38,967 - aiogram.dispatcher - WARNING - Sleep for 5.239558 seconds and try again... (tryings = 15, bot id = 8077618081)
2026-01-19 15:06:44,222 - aiogram.dispatcher - ERROR - Failed to fetch updates - TelegramNetworkError: HTTP Client says - ClientConnectorError: Cannot connect to host api.telegram.org:443 ssl:default [Сетевая папка недоступна. За информацией о разрешении проблем в сети обратитесь к справочной системе Windows]
2026-01-19 15:06:44,222 - aiogram.dispatcher - WARNING - Sleep for 4.931174 seconds and try again... (tryings = 16, bot id = 8077618081)
2026-01-19 15:06:49,160 - aiogram.dispatcher - ERROR - Failed to fetch updates - TelegramNetworkError: HTTP Client says - ClientConnectorError: Cannot connect to host api.telegram.org:443 ssl:default [Сетевая папка недоступна. За информацией о разрешении проблем в сети обратитесь к справочной системе Windows]
2026-01-19 15:06:49,160 - aiogram.dispatcher - WARNING - Sleep for 4.872617 seconds and try again... (tryings = 17, bot id = 8077618081)
2026-01-19 15:06:54,048 - aiogram.dispatcher - ERROR - Failed to fetch updates - TelegramNetworkError: HTTP Client says - ClientConnectorError: Cannot connect to host api.telegram.org:443 ssl:default [Сетевая папка недоступна. За информацией о разрешении проблем в сети обратитесь к справочной системе Windows]
2026-01-19 15:06:54,048 - aiogram.dispatcher - WARNING - Sleep for 4.884868 seconds and try again... (tryings = 18, bot id = 8077618081)
2026-01-19 15:06:58,939 - aiogram.dispatcher - ERROR - Failed to fetch updates - TelegramNetworkError: HTTP Client says - ClientConnectorError: Cannot connect to host api.telegram.org:443 ssl:default [Сетевая папка недоступна. За информацией о разрешении проблем в сети обратитесь к справочной системе Windows]
2026-01-19 15:06:58,939 - aiogram.dispatcher - WARNING - Sleep for 5.169949 seconds and try again... (tryings = 19, bot id = 8077618081)
2026-01-19 15:07:04,118 - aiogram.dispatcher - ERROR - Failed to fetch updates - TelegramNetworkError: HTTP Client says - ClientConnectorError: Cannot connect to host api.telegram.org:443 ssl:default [Сетевая папка недоступна. За информацией о разрешении проблем в сети обратитесь к справочной системе Windows]
2026-01-19 15:07:04,120 - aiogram.dispatcher - WARNING - Sleep for 4.908672 seconds and try again... (tryings = 20, bot id = 8077618081)
2026-01-19 15:07:09,048 - aiogram.dispatcher - ERROR - Failed to fetch updates - TelegramNetworkError: HTTP Client says - ClientConnectorError: Cannot connect to host api.telegram.org:443 ssl:default [Сетевая папка недоступна. За информацией о разрешении проблем в сети обратитесь к справочной системе Windows]
2026-01-19 15:07:09,049 - aiogram.dispatcher - WARNING - Sleep for 5.083003 seconds and try again... (tryings = 21, bot id = 8077618081)
2026-01-19 15:07:14,145 - aiogram.dispatcher - ERROR - Failed to fetch updates - TelegramNetworkError: HTTP Client says - ClientConnectorError: Cannot connect to host api.telegram.org:443 ssl:default [Сетевая папка недоступна. За информацией о разрешении проблем в сети обратитесь к справочной системе Windows]
2026-01-19 15:07:14,146 - aiogram.dispatcher - WARNING - Sleep for 5.110183 seconds and try again... (tryings = 22, bot id = 8077618081)
2026-01-19 15:07:19,273 - aiogram.dispatcher - ERROR - Failed to fetch updates - TelegramNetworkError: HTTP Client says - ClientConnectorError: Cannot connect to host api.telegram.org:443 ssl:default [Сетевая папка недоступна. За информацией о разрешении проблем в сети обратитесь к справочной системе Windows]
2026-01-19 15:07:19,274 - aiogram.dispatcher - WARNING - Sleep for 5.045606 seconds and try again... (tryings = 23, bot id = 8077618081)
2026-01-19 15:07:24,329 - aiogram.dispatcher - ERROR - Failed to fetch updates - TelegramNetworkError: HTTP Client says - ClientConnectorError: Cannot connect to host api.telegram.org:443 ssl:default [Сетевая папка недоступна. За информацией о разрешении проблем в сети обратитесь к справочной системе Windows]
2026-01-19 15:07:24,330 - aiogram.dispatcher - WARNING - Sleep for 4.966370 seconds and try again... (tryings = 24, bot id = 8077618081)
2026-01-19 15:07:29,312 - aiogram.dispatcher - ERROR - Failed to fetch updates - TelegramNetworkError: HTTP Client says - ClientConnectorError: Cannot connect to host api.telegram.org:443 ssl:default [Сетевая папка недоступна. За информацией о разрешении проблем в сети обратитесь к справочной системе Windows]
2026-01-19 15:07:29,314 - aiogram.dispatcher - WARNING - Sleep for 4.992145 seconds and try again... (tryings = 25, bot id = 8077618081)
2026-01-19 15:07:34,315 - aiogram.dispatcher - ERROR - Failed to fetch updates - TelegramNetworkError: HTTP Client says - ClientConnectorError: Cannot connect to host api.telegram.org:443 ssl:default [Сетевая папка недоступна. За информацией о разрешении проблем в сети обратитесь к справочной системе Windows]
2026-01-19 15:07:34,316 - aiogram.dispatcher - WARNING - Sleep for 4.858898 seconds and try again... (tryings = 26, bot id = 8077618081)
2026-01-19 15:07:39,183 - aiogram.dispatcher - ERROR - Failed to fetch updates - TelegramNetworkError: HTTP Client says - ClientConnectorError: Cannot connect to host api.telegram.org:443 ssl:default [Сетевая папка недоступна. За информацией о разрешении проблем в сети обратитесь к справочной системе Windows]
2026-01-19 15:07:39,184 - aiogram.dispatcher - WARNING - Sleep for 5.066094 seconds and try again... (tryings = 27, bot id = 8077618081)
2026-01-19 15:07:44,264 - aiogram.dispatcher - ERROR - Failed to fetch updates - TelegramNetworkError: HTTP Client says - ClientConnectorError: Cannot connect to host api.telegram.org:443 ssl:default [Сетевая папка недоступна. За информацией о разрешении проблем в сети обратитесь к справочной системе Windows]
2026-01-19 15:07:44,265 - aiogram.dispatcher - WARNING - Sleep for 5.148428 seconds and try again... (tryings = 28, bot id = 8077618081)
2026-01-19 15:07:49,427 - aiogram.dispatcher - ERROR - Failed to fetch updates - TelegramNetworkError: HTTP Client says - ClientConnectorError: Cannot connect to host api.telegram.org:443 ssl:default [Сетевая папка недоступна. За информацией о разрешении проблем в сети обратитесь к справочной системе Windows]
2026-01-19 15:07:49,429 - aiogram.dispatcher - WARNING - Sleep for 5.081750 seconds and try again... (tryings = 29, bot id = 8077618081)
2026-01-19 15:07:54,521 - aiogram.dispatcher - ERROR - Failed to fetch updates - TelegramNetworkError: HTTP Client says - ClientConnectorError: Cannot connect to host api.telegram.org:443 ssl:default [Сетевая папка недоступна. За информацией о разрешении проблем в сети обратитесь к справочной системе Windows]
2026-01-19 15:07:54,522 - aiogram.dispatcher - WARNING - Sleep for 5.000156 seconds and try again... (tryings = 30, bot id = 8077618081)
2026-01-19 15:07:59,537 - aiogram.dispatcher - ERROR - Failed to fetch updates - TelegramNetworkError: HTTP Client says - ClientConnectorError: Cannot connect to host api.telegram.org:443 ssl:default [Сетевая папка недоступна. За информацией о разрешении проблем в сети обратитесь к справочной системе Windows]
2026-01-19 15:07:59,538 - aiogram.dispatcher - WARNING - Sleep for 5.040126 seconds and try again... (tryings = 31, bot id = 8077618081)
2026-01-19 15:08:04,597 - aiogram.dispatcher - ERROR - Failed to fetch updates - TelegramNetworkError: HTTP Client says - ClientConnectorError: Cannot connect to host api.telegram.org:443 ssl:default [Сетевая папка недоступна. За информацией о разрешении проблем в сети обратитесь к справочной системе Windows]
2026-01-19 15:08:04,599 - aiogram.dispatcher - WARNING - Sleep for 4.919176 seconds and try again... (tryings = 32, bot id = 8077618081)
2026-01-19 15:08:09,529 - aiogram.dispatcher - ERROR - Failed to fetch updates - TelegramNetworkError: HTTP Client says - ClientConnectorError: Cannot connect to host api.telegram.org:443 ssl:default [Сетевая папка недоступна. За информацией о разрешении проблем в сети обратитесь к справочной системе Windows]
2026-01-19 15:08:09,530 - aiogram.dispatcher - WARNING - Sleep for 4.942315 seconds and try again... (tryings = 33, bot id = 8077618081)
2026-01-19 15:08:14,481 - aiogram.dispatcher - ERROR - Failed to fetch updates - TelegramNetworkError: HTTP Client says - ClientConnectorError: Cannot connect to host api.telegram.org:443 ssl:default [Сетевая папка недоступна. За информацией о разрешении проблем в сети обратитесь к справочной системе Windows]
2026-01-19 15:08:14,482 - aiogram.dispatcher - WARNING - Sleep for 4.940095 seconds and try again... (tryings = 34, bot id = 8077618081)
2026-01-19 15:08:19,440 - aiogram.dispatcher - ERROR - Failed to fetch updates - TelegramNetworkError: HTTP Client says - ClientConnectorError: Cannot connect to host api.telegram.org:443 ssl:default [Сетевая папка недоступна. За информацией о разрешении проблем в сети обратитесь к справочной системе Windows]
2026-01-19 15:08:19,441 - aiogram.dispatcher - WARNING - Sleep for 4.983380 seconds and try again... (tryings = 35, bot id = 8077618081)
2026-01-19 15:08:24,431 - aiogram.dispatcher - ERROR - Failed to fetch updates - TelegramNetworkError: HTTP Client says - ClientConnectorError: Cannot connect to host api.telegram.org:443 ssl:default [Сетевая папка недоступна. За информацией о разрешении проблем в сети обратитесь к справочной системе Windows]
2026-01-19 15:08:24,432 - aiogram.dispatcher - WARNING - Sleep for 5.030518 seconds and try again... (tryings = 36, bot id = 8077618081)
2026-01-19 15:08:29,470 - aiogram.dispatcher - ERROR - Failed to fetch updates - TelegramNetworkError: HTTP Client says - ClientConnectorError: Cannot connect to host api.telegram.org:443 ssl:default [Сетевая папка недоступна. За информацией о разрешении проблем в сети обратитесь к справочной системе Windows]
2026-01-19 15:08:29,471 - aiogram.dispatcher - WARNING - Sleep for 4.925289 seconds and try again... (tryings = 37, bot id = 8077618081)
2026-01-19 15:08:34,415 - aiogram.dispatcher - ERROR - Failed to fetch updates - TelegramNetworkError: HTTP Client says - ClientConnectorError: Cannot connect to host api.telegram.org:443 ssl:default [Сетевая папка недоступна. За информацией о разрешении проблем в сети обратитесь к справочной системе Windows]
2026-01-19 15:08:34,415 - aiogram.dispatcher - WARNING - Sleep for 5.195461 seconds and try again... (tryings = 38, bot id = 8077618081)
2026-01-19 15:08:39,620 - aiogram.dispatcher - ERROR - Failed to fetch updates - TelegramNetworkError: HTTP Client says - ClientConnectorError: Cannot connect to host api.telegram.org:443 ssl:default [Сетевая папка недоступна. За информацией о разрешении проблем в сети обратитесь к справочной системе Windows]
2026-01-19 15:08:39,622 - aiogram.dispatcher - WARNING - Sleep for 5.141976 seconds and try again... (tryings = 39, bot id = 8077618081)
2026-01-19 15:08:44,780 - aiogram.dispatcher - ERROR - Failed to fetch updates - TelegramNetworkError: HTTP Client says - ClientConnectorError: Cannot connect to host api.telegram.org:443 ssl:default [Сетевая папка недоступна. За информацией о разрешении проблем в сети обратитесь к справочной системе Windows]
2026-01-19 15:08:44,783 - aiogram.dispatcher - WARNING - Sleep for 4.917239 seconds and try again... (tryings = 40, bot id = 8077618081)
2026-01-19 15:08:49,707 - aiogram.dispatcher - ERROR - Failed to fetch updates - TelegramNetworkError: HTTP Client says - ClientConnectorError: Cannot connect to host api.telegram.org:443 ssl:default [Сетевая папка недоступна. За информацией о разрешении проблем в сети обратитесь к справочной системе Windows]
2026-01-19 15:08:49,708 - aiogram.dispatcher - WARNING - Sleep for 4.997574 seconds and try again... (tryings = 41, bot id = 8077618081)
2026-01-19 15:08:54,724 - aiogram.dispatcher - ERROR - Failed to fetch updates - TelegramNetworkError: HTTP Client says - ClientConnectorError: Cannot connect to host api.telegram.org:443 ssl:default [Сетевая папка недоступна. За информацией о разрешении проблем в сети обратитесь к справочной системе Windows]
2026-01-19 15:08:54,725 - aiogram.dispatcher - WARNING - Sleep for 4.931471 seconds and try again... (tryings = 42, bot id = 8077618081)
2026-01-19 15:08:59,678 - aiogram.dispatcher - ERROR - Failed to fetch updates - TelegramNetworkError: HTTP Client says - ClientConnectorError: Cannot connect to host api.telegram.org:443 ssl:default [Сетевая папка недоступна. За информацией о разрешении проблем в сети обратитесь к справочной системе Windows]
2026-01-19 15:08:59,679 - aiogram.dispatcher - WARNING - Sleep for 5.167381 seconds and try again... (tryings = 43, bot id = 8077618081)
2026-01-19 15:09:04,849 - aiogram.dispatcher - ERROR - Failed to fetch updates - TelegramNetworkError: HTTP Client says - ClientConnectorError: Cannot connect to host api.telegram.org:443 ssl:default [Сетевая папка недоступна. За информацией о разрешении проблем в сети обратитесь к справочной системе Windows]
2026-01-19 15:09:04,851 - aiogram.dispatcher - WARNING - Sleep for 5.062191 seconds and try again... (tryings = 44, bot id = 8077618081)
2026-01-19 15:09:09,920 - aiogram.dispatcher - ERROR - Failed to fetch updates - TelegramNetworkError: HTTP Client says - ClientConnectorError: Cannot connect to host api.telegram.org:443 ssl:default [Сетевая папка недоступна. За информацией о разрешении проблем в сети обратитесь к справочной системе Windows]
2026-01-19 15:09:09,922 - aiogram.dispatcher - WARNING - Sleep for 5.023311 seconds and try again... (tryings = 45, bot id = 8077618081)
2026-01-19 15:09:14,964 - aiogram.dispatcher - ERROR - Failed to fetch updates - TelegramNetworkError: HTTP Client says - ClientConnectorError: Cannot connect to host api.telegram.org:443 ssl:default [Сетевая папка недоступна. За информацией о разрешении проблем в сети обратитесь к справочной системе Windows]
2026-01-19 15:09:14,965 - aiogram.dispatcher - WARNING - Sleep for 4.983516 seconds and try again... (tryings = 46, bot id = 8077618081)
2026-01-19 15:09:19,960 - aiogram.dispatcher - ERROR - Failed to fetch updates - TelegramNetworkError: HTTP Client says - ClientConnectorError: Cannot connect to host api.telegram.org:443 ssl:default [Сетевая папка недоступна. За информацией о разрешении проблем в сети обратитесь к справочной системе Windows]
2026-01-19 15:09:19,961 - aiogram.dispatcher - WARNING - Sleep for 4.901153 seconds and try again... (tryings = 47, bot id = 8077618081)
2026-01-19 15:09:24,879 - aiogram.dispatcher - ERROR - Failed to fetch updates - TelegramNetworkError: HTTP Client says - ClientConnectorError: Cannot connect to host api.telegram.org:443 ssl:default [Сетевая папка недоступна. За информацией о разрешении проблем в сети обратитесь к справочной системе Windows]
2026-01-19 15:09:24,880 - aiogram.dispatcher - WARNING - Sleep for 4.878953 seconds and try again... (tryings = 48, bot id = 8077618081)
2026-01-19 15:09:29,776 - aiogram.dispatcher - ERROR - Failed to fetch updates - TelegramNetworkError: HTTP Client says - ClientConnectorError: Cannot connect to host api.telegram.org:443 ssl:default [Сетевая папка недоступна. За информацией о разрешении проблем в сети обратитесь к справочной системе Windows]
2026-01-19 15:09:29,777 - aiogram.dispatcher - WARNING - Sleep for 5.008163 seconds and try again... (tryings = 49, bot id = 8077618081)
2026-01-19 15:09:34,804 - aiogram.dispatcher - ERROR - Failed to fetch updates - TelegramNetworkError: HTTP Client says - ClientConnectorError: Cannot connect to host api.telegram.org:443 ssl:default [Сетевая папка недоступна. За информацией о разрешении проблем в сети обратитесь к справочной системе Windows]
2026-01-19 15:09:34,805 - aiogram.dispatcher - WARNING - Sleep for 5.019118 seconds and try again... (tryings = 50, bot id = 8077618081)
2026-01-19 15:09:39,842 - aiogram.dispatcher - ERROR - Failed to fetch updates - TelegramNetworkError: HTTP Client says - ClientConnectorError: Cannot connect to host api.telegram.org:443 ssl:default [Сетевая папка недоступна. За информацией о разрешении проблем в сети обратитесь к справочной системе Windows]
2026-01-19 15:09:39,843 - aiogram.dispatcher - WARNING - Sleep for 5.044579 seconds and try again... (tryings = 51, bot id = 8077618081)
2026-01-19 15:09:44,906 - aiogram.dispatcher - ERROR - Failed to fetch updates - TelegramNetworkError: HTTP Client says - ClientConnectorError: Cannot connect to host api.telegram.org:443 ssl:default [Сетевая папка недоступна. За информацией о разрешении проблем в сети обратитесь к справочной системе Windows]
2026-01-19 15:09:44,907 - aiogram.dispatcher - WARNING - Sleep for 4.924235 seconds and try again... (tryings = 52, bot id = 8077618081)
2026-01-19 15:09:49,847 - aiogram.dispatcher - ERROR - Failed to fetch updates - TelegramNetworkError: HTTP Client says - ClientConnectorError: Cannot connect to host api.telegram.org:443 ssl:default [Сетевая папка недоступна. За информацией о разрешении проблем в сети обратитесь к справочной системе Windows]
2026-01-19 15:09:49,848 - aiogram.dispatcher - WARNING - Sleep for 5.087638 seconds and try again... (tryings = 53, bot id = 8077618081)
2026-01-19 15:09:54,953 - aiogram.dispatcher - ERROR - Failed to fetch updates - TelegramNetworkError: HTTP Client says - ClientConnectorError: Cannot connect to host api.telegram.org:443 ssl:default [Сетевая папка недоступна. За информацией о разрешении проблем в сети обратитесь к справочной системе Windows]
2026-01-19 15:09:54,954 - aiogram.dispatcher - WARNING - Sleep for 5.039681 seconds and try again... (tryings = 54, bot id = 8077618081)
2026-01-19 15:10:00,011 - aiogram.dispatcher - ERROR - Failed to fetch updates - TelegramNetworkError: HTTP Client says - ClientConnectorError: Cannot connect to host api.telegram.org:443 ssl:default [Сетевая папка недоступна. За информацией о разрешении проблем в сети обратитесь к справочной системе Windows]
2026-01-19 15:10:00,011 - aiogram.dispatcher - WARNING - Sleep for 5.158971 seconds and try again... (tryings = 55, bot id = 8077618081)
2026-01-19 15:10:05,186 - aiogram.dispatcher - ERROR - Failed to fetch updates - TelegramNetworkError: HTTP Client says - ClientConnectorError: Cannot connect to host api.telegram.org:443 ssl:default [Сетевая папка недоступна. За информацией о разрешении проблем в сети обратитесь к справочной системе Windows]
2026-01-19 15:10:05,187 - aiogram.dispatcher - WARNING - Sleep for 5.029576 seconds and try again... (tryings = 56, bot id = 8077618081)
2026-01-19 15:10:10,225 - aiogram.dispatcher - ERROR - Failed to fetch updates - TelegramNetworkError: HTTP Client says - ClientConnectorError: Cannot connect to host api.telegram.org:443 ssl:default [Сетевая папка недоступна. За информацией о разрешении проблем в сети обратитесь к справочной системе Windows]
2026-01-19 15:10:10,225 - aiogram.dispatcher - WARNING - Sleep for 4.998339 seconds and try again... (tryings = 57, bot id = 8077618081)
2026-01-19 15:10:15,240 - aiogram.dispatcher - ERROR - Failed to fetch updates - TelegramNetworkError: HTTP Client says - ClientConnectorError: Cannot connect to host api.telegram.org:443 ssl:default [Сетевая папка недоступна. За информацией о разрешении проблем в сети обратитесь к справочной системе Windows]
2026-01-19 15:10:15,241 - aiogram.dispatcher - WARNING - Sleep for 5.026886 seconds and try again... (tryings = 58, bot id = 8077618081)
2026-01-19 15:10:20,279 - aiogram.dispatcher - ERROR - Failed to fetch updates - TelegramNetworkError: HTTP Client says - ClientConnectorError: Cannot connect to host api.telegram.org:443 ssl:default [Сетевая папка недоступна. За информацией о разрешении проблем в сети обратитесь к справочной системе Windows]
2026-01-19 15:10:20,281 - aiogram.dispatcher - WARNING - Sleep for 4.927132 seconds and try again... (tryings = 59, bot id = 8077618081)
2026-01-19 15:10:25,227 - aiogram.dispatcher - ERROR - Failed to fetch updates - TelegramNetworkError: HTTP Client says - ClientConnectorError: Cannot connect to host api.telegram.org:443 ssl:default [Сетевая папка недоступна. За информацией о разрешении проблем в сети обратитесь к справочной системе Windows]
2026-01-19 15:10:25,229 - aiogram.dispatcher - WARNING - Sleep for 4.924240 seconds and try again... (tryings = 60, bot id = 8077618081)
2026-01-19 15:10:30,168 - aiogram.dispatcher - ERROR - Failed to fetch updates - TelegramNetworkError: HTTP Client says - ClientConnectorError: Cannot connect to host api.telegram.org:443 ssl:default [Сетевая папка недоступна. За информацией о разрешении проблем в сети обратитесь к справочной системе Windows]
2026-01-19 15:10:30,170 - aiogram.dispatcher - WARNING - Sleep for 5.100095 seconds and try again... (tryings = 61, bot id = 8077618081)
2026-01-19 15:10:35,276 - aiogram.dispatcher - ERROR - Failed to fetch updates - TelegramNetworkError: HTTP Client says - ClientConnectorError: Cannot connect to host api.telegram.org:443 ssl:default [Сетевая папка недоступна. За информацией о разрешении проблем в сети обратитесь к справочной системе Windows]
2026-01-19 15:10:35,277 - aiogram.dispatcher - WARNING - Sleep for 5.141461 seconds and try again... (tryings = 62, bot id = 8077618081)
2026-01-19 15:10:40,433 - aiogram.dispatcher - ERROR - Failed to fetch updates - TelegramNetworkError: HTTP Client says - ClientConnectorError: Cannot connect to host api.telegram.org:443 ssl:default [Сетевая папка недоступна. За информацией о разрешении проблем в сети обратитесь к справочной системе Windows]
2026-01-19 15:10:40,434 - aiogram.dispatcher - WARNING - Sleep for 4.985240 seconds and try again... (tryings = 63, bot id = 8077618081)
2026-01-19 15:10:45,434 - aiogram.dispatcher - ERROR - Failed to fetch updates - TelegramNetworkError: HTTP Client says - ClientConnectorError: Cannot connect to host api.telegram.org:443 ssl:default [Сетевая папка недоступна. За информацией о разрешении проблем в сети обратитесь к справочной системе Windows]
2026-01-19 15:10:45,435 - aiogram.dispatcher - WARNING - Sleep for 4.962047 seconds and try again... (tryings = 64, bot id = 8077618081)
2026-01-19 15:10:50,413 - aiogram.dispatcher - ERROR - Failed to fetch updates - TelegramNetworkError: HTTP Client says - ClientConnectorError: Cannot connect to host api.telegram.org:443 ssl:default [Сетевая папка недоступна. За информацией о разрешении проблем в сети обратитесь к справочной системе Windows]
2026-01-19 15:10:50,414 - aiogram.dispatcher - WARNING - Sleep for 5.098228 seconds and try again... (tryings = 65, bot id = 8077618081)
2026-01-19 15:10:55,534 - aiogram.dispatcher - ERROR - Failed to fetch updates - TelegramNetworkError: HTTP Client says - ClientConnectorError: Cannot connect to host api.telegram.org:443 ssl:default [Сетевая папка недоступна. За информацией о разрешении проблем в сети обратитесь к справочной системе Windows]
2026-01-19 15:10:55,535 - aiogram.dispatcher - WARNING - Sleep for 4.973870 seconds and try again... (tryings = 66, bot id = 8077618081)
2026-01-19 15:11:00,519 - aiogram.dispatcher - ERROR - Failed to fetch updates - TelegramNetworkError: HTTP Client says - ClientConnectorError: Cannot connect to host api.telegram.org:443 ssl:default [Сетевая папка недоступна. За информацией о разрешении проблем в сети обратитесь к справочной системе Windows]
2026-01-19 15:11:00,520 - aiogram.dispatcher - WARNING - Sleep for 4.936943 seconds and try again... (tryings = 67, bot id = 8077618081)
2026-01-19 15:11:05,471 - aiogram.dispatcher - ERROR - Failed to fetch updates - TelegramNetworkError: HTTP Client says - ClientConnectorError: Cannot connect to host api.telegram.org:443 ssl:default [Сетевая папка недоступна. За информацией о разрешении проблем в сети обратитесь к справочной системе Windows]
2026-01-19 15:11:05,471 - aiogram.dispatcher - WARNING - Sleep for 4.903877 seconds and try again... (tryings = 68, bot id = 8077618081)
2026-01-19 15:11:10,388 - aiogram.dispatcher - ERROR - Failed to fetch updates - TelegramNetworkError: HTTP Client says - ClientConnectorError: Cannot connect to host api.telegram.org:443 ssl:default [Сетевая папка недоступна. За информацией о разрешении проблем в сети обратитесь к справочной системе Windows]
2026-01-19 15:11:10,389 - aiogram.dispatcher - WARNING - Sleep for 4.889963 seconds and try again... (tryings = 69, bot id = 8077618081)
2026-01-19 15:11:15,292 - aiogram.dispatcher - ERROR - Failed to fetch updates - TelegramNetworkError: HTTP Client says - ClientConnectorError: Cannot connect to host api.telegram.org:443 ssl:default [Сетевая папка недоступна. За информацией о разрешении проблем в сети обратитесь к справочной системе Windows]
2026-01-19 15:11:15,294 - aiogram.dispatcher - WARNING - Sleep for 5.039249 seconds and try again... (tryings = 70, bot id = 8077618081)
2026-01-19 15:11:20,344 - aiogram.dispatcher - ERROR - Failed to fetch updates - TelegramNetworkError: HTTP Client says - ClientConnectorError: Cannot connect to host api.telegram.org:443 ssl:default [Сетевая папка недоступна. За информацией о разрешении проблем в сети обратитесь к справочной системе Windows]
2026-01-19 15:11:20,345 - aiogram.dispatcher - WARNING - Sleep for 4.995037 seconds and try again... (tryings = 71, bot id = 8077618081)
2026-01-19 15:11:25,354 - aiogram.dispatcher - ERROR - Failed to fetch updates - TelegramNetworkError: HTTP Client says - ClientConnectorError: Cannot connect to host api.telegram.org:443 ssl:default [Сетевая папка недоступна. За информацией о разрешении проблем в сети обратитесь к справочной системе Windows]
2026-01-19 15:11:25,356 - aiogram.dispatcher - WARNING - Sleep for 4.980819 seconds and try again... (tryings = 72, bot id = 8077618081)
2026-01-19 15:11:30,348 - aiogram.dispatcher - ERROR - Failed to fetch updates - TelegramNetworkError: HTTP Client says - ClientConnectorError: Cannot connect to host api.telegram.org:443 ssl:default [Сетевая папка недоступна. За информацией о разрешении проблем в сети обратитесь к справочной системе Windows]
2026-01-19 15:11:30,349 - aiogram.dispatcher - WARNING - Sleep for 5.040615 seconds and try again... (tryings = 73, bot id = 8077618081)
2026-01-19 15:11:35,405 - aiogram.dispatcher - ERROR - Failed to fetch updates - TelegramNetworkError: HTTP Client says - ClientConnectorError: Cannot connect to host api.telegram.org:443 ssl:default [Сетевая папка недоступна. За информацией о разрешении проблем в сети обратитесь к справочной системе Windows]
2026-01-19 15:11:35,408 - aiogram.dispatcher - WARNING - Sleep for 5.042486 seconds and try again... (tryings = 74, bot id = 8077618081)
2026-01-19 15:11:40,469 - aiogram.dispatcher - ERROR - Failed to fetch updates - TelegramNetworkError: HTTP Client says - ClientConnectorError: Cannot connect to host api.telegram.org:443 ssl:default [Сетевая папка недоступна. За информацией о разрешении проблем в сети обратитесь к справочной системе Windows]
2026-01-19 15:11:40,471 - aiogram.dispatcher - WARNING - Sleep for 4.956469 seconds and try again... (tryings = 75, bot id = 8077618081)
2026-01-19 15:11:45,444 - aiogram.dispatcher - ERROR - Failed to fetch updates - TelegramNetworkError: HTTP Client says - ClientConnectorError: Cannot connect to host api.telegram.org:443 ssl:default [Сетевая папка недоступна. За информацией о разрешении проблем в сети обратитесь к справочной системе Windows]
2026-01-19 15:11:45,445 - aiogram.dispatcher - WARNING - Sleep for 4.962883 seconds and try again... (tryings = 76, bot id = 8077618081)
2026-01-19 15:11:50,420 - aiogram.dispatcher - ERROR - Failed to fetch updates - TelegramNetworkError: HTTP Client says - ClientConnectorError: Cannot connect to host api.telegram.org:443 ssl:default [Сетевая папка недоступна. За информацией о разрешении проблем в сети обратитесь к справочной системе Windows]
2026-01-19 15:11:50,422 - aiogram.dispatcher - WARNING - Sleep for 4.981135 seconds and try again... (tryings = 77, bot id = 8077618081)
2026-01-19 15:11:55,412 - aiogram.dispatcher - ERROR - Failed to fetch updates - TelegramNetworkError: HTTP Client says - ClientConnectorError: Cannot connect to host api.telegram.org:443 ssl:default [Сетевая папка недоступна. За информацией о разрешении проблем в сети обратитесь к справочной системе Windows]
2026-01-19 15:11:55,415 - aiogram.dispatcher - WARNING - Sleep for 4.836893 seconds and try again... (tryings = 78, bot id = 8077618081)
2026-01-19 15:12:00,270 - aiogram.dispatcher - ERROR - Failed to fetch updates - TelegramNetworkError: HTTP Client says - ClientConnectorError: Cannot connect to host api.telegram.org:443 ssl:default [Сетевая папка недоступна. За информацией о разрешении проблем в сети обратитесь к справочной системе Windows]
2026-01-19 15:12:00,271 - aiogram.dispatcher - WARNING - Sleep for 5.069491 seconds and try again... (tryings = 79, bot id = 8077618081)
2026-01-19 15:12:05,355 - aiogram.dispatcher - ERROR - Failed to fetch updates - TelegramNetworkError: HTTP Client says - ClientConnectorError: Cannot connect to host api.telegram.org:443 ssl:default [Сетевая папка недоступна. За информацией о разрешении проблем в сети обратитесь к справочной системе Windows]
2026-01-19 15:12:05,357 - aiogram.dispatcher - WARNING - Sleep for 5.045063 seconds and try again... (tryings = 80, bot id = 8077618081)
2026-01-19 15:12:10,412 - aiogram.dispatcher - ERROR - Failed to fetch updates - TelegramNetworkError: HTTP Client says - ClientConnectorError: Cannot connect to host api.telegram.org:443 ssl:default [Сетевая папка недоступна. За информацией о разрешении проблем в сети обратитесь к справочной системе Windows]
2026-01-19 15:12:10,414 - aiogram.dispatcher - WARNING - Sleep for 5.077479 seconds and try again... (tryings = 81, bot id = 8077618081)
2026-01-19 15:12:15,499 - aiogram.dispatcher - ERROR - Failed to fetch updates - TelegramNetworkError: HTTP Client says - ClientConnectorError: Cannot connect to host api.telegram.org:443 ssl:default [Сетевая папка недоступна. За информацией о разрешении проблем в сети обратитесь к справочной системе Windows]
2026-01-19 15:12:15,500 - aiogram.dispatcher - WARNING - Sleep for 5.017839 seconds and try again... (tryings = 82, bot id = 8077618081)
2026-01-19 15:12:20,523 - aiogram.dispatcher - ERROR - Failed to fetch updates - TelegramNetworkError: HTTP Client says - ClientConnectorError: Cannot connect to host api.telegram.org:443 ssl:default [Сетевая папка недоступна. За информацией о разрешении проблем в сети обратитесь к справочной системе Windows]
2026-01-19 15:12:20,524 - aiogram.dispatcher - WARNING - Sleep for 4.801646 seconds and try again... (tryings = 83, bot id = 8077618081)
2026-01-19 15:12:25,341 - aiogram.dispatcher - ERROR - Failed to fetch updates - TelegramNetworkError: HTTP Client says - ClientConnectorError: Cannot connect to host api.telegram.org:443 ssl:default [Сетевая папка недоступна. За информацией о разрешении проблем в сети обратитесь к справочной системе Windows]
2026-01-19 15:12:25,343 - aiogram.dispatcher - WARNING - Sleep for 4.951810 seconds and try again... (tryings = 84, bot id = 8077618081)
2026-01-19 15:12:30,308 - aiogram.dispatcher - ERROR - Failed to fetch updates - TelegramNetworkError: HTTP Client says - ClientConnectorError: Cannot connect to host api.telegram.org:443 ssl:default [Сетевая папка недоступна. За информацией о разрешении проблем в сети обратитесь к справочной системе Windows]
2026-01-19 15:12:30,309 - aiogram.dispatcher - WARNING - Sleep for 5.096073 seconds and try again... (tryings = 85, bot id = 8077618081)
2026-01-19 15:12:35,429 - aiogram.dispatcher - ERROR - Failed to fetch updates - TelegramNetworkError: HTTP Client says - ClientConnectorError: Cannot connect to host api.telegram.org:443 ssl:default [Сетевая папка недоступна. За информацией о разрешении проблем в сети обратитесь к справочной системе Windows]
2026-01-19 15:12:35,430 - aiogram.dispatcher - WARNING - Sleep for 5.139417 seconds and try again... (tryings = 86, bot id = 8077618081)
2026-01-19 15:12:40,580 - aiogram.dispatcher - ERROR - Failed to fetch updates - TelegramNetworkError: HTTP Client says - ClientConnectorError: Cannot connect to host api.telegram.org:443 ssl:default [Сетевая папка недоступна. За информацией о разрешении проблем в сети обратитесь к справочной системе Windows]
2026-01-19 15:12:40,581 - aiogram.dispatcher - WARNING - Sleep for 4.851076 seconds and try again... (tryings = 87, bot id = 8077618081)
2026-01-19 15:12:45,442 - aiogram.dispatcher - ERROR - Failed to fetch updates - TelegramNetworkError: HTTP Client says - ClientConnectorError: Cannot connect to host api.telegram.org:443 ssl:default [Сетевая папка недоступна. За информацией о разрешении проблем в сети обратитесь к справочной системе Windows]
2026-01-19 15:12:45,443 - aiogram.dispatcher - WARNING - Sleep for 5.093318 seconds and try again... (tryings = 88, bot id = 8077618081)
2026-01-19 15:12:50,549 - aiogram.dispatcher - ERROR - Failed to fetch updates - TelegramNetworkError: HTTP Client says - ClientConnectorError: Cannot connect to host api.telegram.org:443 ssl:default [Сетевая папка недоступна. За информацией о разрешении проблем в сети обратитесь к справочной системе Windows]
2026-01-19 15:12:50,550 - aiogram.dispatcher - WARNING - Sleep for 5.043203 seconds and try again... (tryings = 89, bot id = 8077618081)
2026-01-19 15:12:55,609 - aiogram.dispatcher - ERROR - Failed to fetch updates - TelegramNetworkError: HTTP Client says - ClientConnectorError: Cannot connect to host api.telegram.org:443 ssl:default [Сетевая папка недоступна. За информацией о разрешении проблем в сети обратитесь к справочной системе Windows]
2026-01-19 15:12:55,611 - aiogram.dispatcher - WARNING - Sleep for 4.999499 seconds and try again... (tryings = 90, bot id = 8077618081)
2026-01-19 15:13:00,629 - aiogram.dispatcher - ERROR - Failed to fetch updates - TelegramNetworkError: HTTP Client says - ClientConnectorError: Cannot connect to host api.telegram.org:443 ssl:default [Сетевая папка недоступна. За информацией о разрешении проблем в сети обратитесь к справочной системе Windows]
2026-01-19 15:13:00,631 - aiogram.dispatcher - WARNING - Sleep for 4.960865 seconds and try again... (tryings = 91, bot id = 8077618081)
2026-01-19 15:13:05,611 - aiogram.dispatcher - ERROR - Failed to fetch updates - TelegramNetworkError: HTTP Client says - ClientConnectorError: Cannot connect to host api.telegram.org:443 ssl:default [Сетевая папка недоступна. За информацией о разрешении проблем в сети обратитесь к справочной системе Windows]
2026-01-19 15:13:05,613 - aiogram.dispatcher - WARNING - Sleep for 5.085888 seconds and try again... (tryings = 92, bot id = 8077618081)
2026-01-19 15:13:10,712 - aiogram.dispatcher - ERROR - Failed to fetch updates - TelegramNetworkError: HTTP Client says - ClientConnectorError: Cannot connect to host api.telegram.org:443 ssl:default [Сетевая папка недоступна. За информацией о разрешении проблем в сети обратитесь к справочной системе Windows]
2026-01-19 15:13:10,714 - aiogram.dispatcher - WARNING - Sleep for 4.947206 seconds and try again... (tryings = 93, bot id = 8077618081)
2026-01-19 15:13:15,681 - aiogram.dispatcher - ERROR - Failed to fetch updates - TelegramNetworkError: HTTP Client says - ClientConnectorError: Cannot connect to host api.telegram.org:443 ssl:default [Сетевая папка недоступна. За информацией о разрешении проблем в сети обратитесь к справочной системе Windows]
2026-01-19 15:13:15,683 - aiogram.dispatcher - WARNING - Sleep for 4.932409 seconds and try again... (tryings = 94, bot id = 8077618081)
2026-01-19 15:13:20,629 - aiogram.dispatcher - ERROR - Failed to fetch updates - TelegramNetworkError: HTTP Client says - ClientConnectorError: Cannot connect to host api.telegram.org:443 ssl:default [Сетевая папка недоступна. За информацией о разрешении проблем в сети обратитесь к справочной системе Windows]
2026-01-19 15:13:20,630 - aiogram.dispatcher - WARNING - Sleep for 4.986774 seconds and try again... (tryings = 95, bot id = 8077618081)
2026-01-19 15:13:25,626 - aiogram.dispatcher - ERROR - Failed to fetch updates - TelegramNetworkError: HTTP Client says - ClientConnectorError: Cannot connect to host api.telegram.org:443 ssl:default [Сетевая папка недоступна. За информацией о разрешении проблем в сети обратитесь к справочной системе Windows]
2026-01-19 15:13:25,627 - aiogram.dispatcher - WARNING - Sleep for 5.122093 seconds and try again... (tryings = 96, bot id = 8077618081)
2026-01-19 15:13:30,765 - aiogram.dispatcher - ERROR - Failed to fetch updates - TelegramNetworkError: HTTP Client says - ClientConnectorError: Cannot connect to host api.telegram.org:443 ssl:default [Сетевая папка недоступна. За информацией о разрешении проблем в сети обратитесь к справочной системе Windows]
2026-01-19 15:13:30,766 - aiogram.dispatcher - WARNING - Sleep for 5.169877 seconds and try again... (tryings = 97, bot id = 8077618081)
2026-01-19 15:13:35,945 - aiogram.dispatcher - ERROR - Failed to fetch updates - TelegramNetworkError: HTTP Client says - ClientConnectorError: Cannot connect to host api.telegram.org:443 ssl:default [Сетевая папка недоступна. За информацией о разрешении проблем в сети обратитесь к справочной системе Windows]
2026-01-19 15:13:35,946 - aiogram.dispatcher - WARNING - Sleep for 5.200215 seconds and try again... (tryings = 98, bot id = 8077618081)
2026-01-19 15:13:41,151 - aiogram.dispatcher - ERROR - Failed to fetch updates - TelegramNetworkError: HTTP Client says - ClientConnectorError: Cannot connect to host api.telegram.org:443 ssl:default [Сетевая папка недоступна. За информацией о разрешении проблем в сети обратитесь к справочной системе Windows]
2026-01-19 15:13:41,152 - aiogram.dispatcher - WARNING - Sleep for 4.950502 seconds and try again... (tryings = 99, bot id = 8077618081)
2026-01-19 15:13:46,122 - aiogram.dispatcher - ERROR - Failed to fetch updates - TelegramNetworkError: HTTP Client says - ClientConnectorError: Cannot connect to host api.telegram.org:443 ssl:default [Сетевая папка недоступна. За информацией о разрешении проблем в сети обратитесь к справочной системе Windows]
2026-01-19 15:13:46,123 - aiogram.dispatcher - WARNING - Sleep for 5.039754 seconds and try again... (tryings = 100, bot id = 8077618081)
2026-01-19 15:13:51,182 - aiogram.dispatcher - ERROR - Failed to fetch updates - TelegramNetworkError: HTTP Client says - ClientConnectorError: Cannot connect to host api.telegram.org:443 ssl:default [Сетевая папка недоступна. За информацией о разрешении проблем в сети обратитесь к справочной системе Windows]
2026-01-19 15:13:51,184 - aiogram.dispatcher - WARNING - Sleep for 5.002467 seconds and try again... (tryings = 101, bot id = 8077618081)
2026-01-19 15:13:56,193 - aiogram.dispatcher - ERROR - Failed to fetch updates - TelegramNetworkError: HTTP Client says - ClientConnectorError: Cannot connect to host api.telegram.org:443 ssl:default [Сетевая папка недоступна. За информацией о разрешении проблем в сети обратитесь к справочной системе Windows]
2026-01-19 15:13:56,195 - aiogram.dispatcher - WARNING - Sleep for 4.928695 seconds and try again... (tryings = 102, bot id = 8077618081)
2026-01-19 15:14:01,139 - aiogram.dispatcher - ERROR - Failed to fetch updates - TelegramNetworkError: HTTP Client says - ClientConnectorError: Cannot connect to host api.telegram.org:443 ssl:default [Сетевая папка недоступна. За информацией о разрешении проблем в сети обратитесь к справочной системе Windows]
2026-01-19 15:14:01,140 - aiogram.dispatcher - WARNING - Sleep for 5.015374 seconds and try again... (tryings = 103, bot id = 8077618081)
2026-01-19 15:14:06,172 - aiogram.dispatcher - ERROR - Failed to fetch updates - TelegramNetworkError: HTTP Client says - ClientConnectorError: Cannot connect to host api.telegram.org:443 ssl:default [Сетевая папка недоступна. За информацией о разрешении проблем в сети обратитесь к справочной системе Windows]
2026-01-19 15:14:06,173 - aiogram.dispatcher - WARNING - Sleep for 5.024953 seconds and try again... (tryings = 104, bot id = 8077618081)
2026-01-19 15:14:11,206 - aiogram.dispatcher - ERROR - Failed to fetch updates - TelegramNetworkError: HTTP Client says - ClientConnectorError: Cannot connect to host api.telegram.org:443 ssl:default [Сетевая папка недоступна. За информацией о разрешении проблем в сети обратитесь к справочной системе Windows]
2026-01-19 15:14:11,207 - aiogram.dispatcher - WARNING - Sleep for 5.042356 seconds and try again... (tryings = 105, bot id = 8077618081)
2026-01-19 15:14:16,268 - aiogram.dispatcher - ERROR - Failed to fetch updates - TelegramNetworkError: HTTP Client says - ClientConnectorError: Cannot connect to host api.telegram.org:443 ssl:default [Сетевая папка недоступна. За информацией о разрешении проблем в сети обратитесь к справочной системе Windows]
2026-01-19 15:14:16,269 - aiogram.dispatcher - WARNING - Sleep for 5.018962 seconds and try again... (tryings = 106, bot id = 8077618081)
2026-01-19 15:14:21,301 - aiogram.dispatcher - ERROR - Failed to fetch updates - TelegramNetworkError: HTTP Client says - ClientConnectorError: Cannot connect to host api.telegram.org:443 ssl:default [Сетевая папка недоступна. За информацией о разрешении проблем в сети обратитесь к справочной системе Windows]
2026-01-19 15:14:21,303 - aiogram.dispatcher - WARNING - Sleep for 5.170505 seconds and try again... (tryings = 107, bot id = 8077618081)
2026-01-19 15:14:26,485 - aiogram.dispatcher - ERROR - Failed to fetch updates - TelegramNetworkError: HTTP Client says - ClientConnectorError: Cannot connect to host api.telegram.org:443 ssl:default [Сетевая папка недоступна. За информацией о разрешении проблем в сети обратитесь к справочной системе Windows]
2026-01-19 15:14:26,486 - aiogram.dispatcher - WARNING - Sleep for 5.040340 seconds and try again... (tryings = 108, bot id = 8077618081)
2026-01-19 15:14:31,536 - aiogram.dispatcher - ERROR - Failed to fetch updates - TelegramNetworkError: HTTP Client says - ClientConnectorError: Cannot connect to host api.telegram.org:443 ssl:default [Сетевая папка недоступна. За информацией о разрешении проблем в сети обратитесь к справочной системе Windows]
2026-01-19 15:14:31,537 - aiogram.dispatcher - WARNING - Sleep for 5.127581 seconds and try again... (tryings = 109, bot id = 8077618081)
2026-01-19 15:14:36,673 - aiogram.dispatcher - ERROR - Failed to fetch updates - TelegramNetworkError: HTTP Client says - ClientConnectorError: Cannot connect to host api.telegram.org:443 ssl:default [Сетевая папка недоступна. За информацией о разрешении проблем в сети обратитесь к справочной системе Windows]
2026-01-19 15:14:36,676 - aiogram.dispatcher - WARNING - Sleep for 4.991208 seconds and try again... (tryings = 110, bot id = 8077618081)
2026-01-19 15:14:41,688 - aiogram.dispatcher - ERROR - Failed to fetch updates - TelegramNetworkError: HTTP Client says - ClientConnectorError: Cannot connect to host api.telegram.org:443 ssl:default [Сетевая папка недоступна. За информацией о разрешении проблем в сети обратитесь к справочной системе Windows]
2026-01-19 15:14:41,689 - aiogram.dispatcher - WARNING - Sleep for 5.092677 seconds and try again... (tryings = 111, bot id = 8077618081)
2026-01-19 15:14:46,796 - aiogram.dispatcher - ERROR - Failed to fetch updates - TelegramNetworkError: HTTP Client says - ClientConnectorError: Cannot connect to host api.telegram.org:443 ssl:default [Сетевая папка недоступна. За информацией о разрешении проблем в сети обратитесь к справочной системе Windows]
2026-01-19 15:14:46,797 - aiogram.dispatcher - WARNING - Sleep for 4.988849 seconds and try again... (tryings = 112, bot id = 8077618081)
2026-01-19 15:14:51,796 - aiogram.dispatcher - ERROR - Failed to fetch updates - TelegramNetworkError: HTTP Client says - ClientConnectorError: Cannot connect to host api.telegram.org:443 ssl:default [Сетевая папка недоступна. За информацией о разрешении проблем в сети обратитесь к справочной системе Windows]
2026-01-19 15:14:51,796 - aiogram.dispatcher - WARNING - Sleep for 5.119547 seconds and try again... (tryings = 113, bot id = 8077618081)
2026-01-19 15:14:56,920 - aiogram.dispatcher - ERROR - Failed to fetch updates - TelegramNetworkError: HTTP Client says - ClientConnectorError: Cannot connect to host api.telegram.org:443 ssl:default [Сетевая папка недоступна. За информацией о разрешении проблем в сети обратитесь к справочной системе Windows]
2026-01-19 15:14:56,922 - aiogram.dispatcher - WARNING - Sleep for 5.082874 seconds and try again... (tryings = 114, bot id = 8077618081)
2026-01-19 15:15:02,023 - aiogram.dispatcher - ERROR - Failed to fetch updates - TelegramNetworkError: HTTP Client says - ClientConnectorError: Cannot connect to host api.telegram.org:443 ssl:default [Сетевая папка недоступна. За информацией о разрешении проблем в сети обратитесь к справочной системе Windows]
2026-01-19 15:15:02,025 - aiogram.dispatcher - WARNING - Sleep for 4.939965 seconds and try again... (tryings = 115, bot id = 8077618081)
2026-01-19 15:15:06,979 - aiogram.dispatcher - ERROR - Failed to fetch updates - TelegramNetworkError: HTTP Client says - ClientConnectorError: Cannot connect to host api.telegram.org:443 ssl:default [Сетевая папка недоступна. За информацией о разрешении проблем в сети обратитесь к справочной системе Windows]
2026-01-19 15:15:06,980 - aiogram.dispatcher - WARNING - Sleep for 4.856950 seconds and try again... (tryings = 116, bot id = 8077618081)
2026-01-19 15:15:11,854 - aiogram.dispatcher - ERROR - Failed to fetch updates - TelegramNetworkError: HTTP Client says - ClientConnectorError: Cannot connect to host api.telegram.org:443 ssl:default [Сетевая папка недоступна. За информацией о разрешении проблем в сети обратитесь к справочной системе Windows]
2026-01-19 15:15:11,856 - aiogram.dispatcher - WARNING - Sleep for 5.067795 seconds and try again... (tryings = 117, bot id = 8077618081)
2026-01-19 15:15:16,943 - aiogram.dispatcher - ERROR - Failed to fetch updates - TelegramNetworkError: HTTP Client says - ClientConnectorError: Cannot connect to host api.telegram.org:443 ssl:default [Сетевая папка недоступна. За информацией о разрешении проблем в сети обратитесь к справочной системе Windows]
2026-01-19 15:15:16,945 - aiogram.dispatcher - WARNING - Sleep for 4.988996 seconds and try again... (tryings = 118, bot id = 8077618081)
2026-01-19 15:15:21,940 - aiogram.dispatcher - ERROR - Failed to fetch updates - TelegramNetworkError: HTTP Client says - ClientConnectorError: Cannot connect to host api.telegram.org:443 ssl:default [Сетевая папка недоступна. За информацией о разрешении проблем в сети обратитесь к справочной системе Windows]
2026-01-19 15:15:21,942 - aiogram.dispatcher - WARNING - Sleep for 5.055870 seconds and try again... (tryings = 119, bot id = 8077618081)
2026-01-19 15:15:27,005 - aiogram.dispatcher - ERROR - Failed to fetch updates - TelegramNetworkError: HTTP Client says - ClientConnectorError: Cannot connect to host api.telegram.org:443 ssl:default [Сетевая папка недоступна. За информацией о разрешении проблем в сети обратитесь к справочной системе Windows]
2026-01-19 15:15:27,007 - aiogram.dispatcher - WARNING - Sleep for 4.871921 seconds and try again... (tryings = 120, bot id = 8077618081)
2026-01-19 15:15:31,899 - aiogram.dispatcher - ERROR - Failed to fetch updates - TelegramNetworkError: HTTP Client says - ClientConnectorError: Cannot connect to host api.telegram.org:443 ssl:default [Сетевая папка недоступна. За информацией о разрешении проблем в сети обратитесь к справочной системе Windows]
2026-01-19 15:15:31,901 - aiogram.dispatcher - WARNING - Sleep for 5.079298 seconds and try again... (tryings = 121, bot id = 8077618081)
2026-01-19 15:15:36,997 - aiogram.dispatcher - ERROR - Failed to fetch updates - TelegramNetworkError: HTTP Client says - ClientConnectorError: Cannot connect to host api.telegram.org:443 ssl:default [Сетевая папка недоступна. За информацией о разрешении проблем в сети обратитесь к справочной системе Windows]
2026-01-19 15:15:36,998 - aiogram.dispatcher - WARNING - Sleep for 5.021352 seconds and try again... (tryings = 122, bot id = 8077618081)
2026-01-19 15:15:42,024 - aiogram.dispatcher - ERROR - Failed to fetch updates - TelegramNetworkError: HTTP Client says - ClientConnectorError: Cannot connect to host api.telegram.org:443 ssl:default [Сетевая папка недоступна. За информацией о разрешении проблем в сети обратитесь к справочной системе Windows]
2026-01-19 15:15:42,025 - aiogram.dispatcher - WARNING - Sleep for 4.816665 seconds and try again... (tryings = 123, bot id = 8077618081)
2026-01-19 15:15:46,853 - aiogram.dispatcher - ERROR - Failed to fetch updates - TelegramNetworkError: HTTP Client says - ClientConnectorError: Cannot connect to host api.telegram.org:443 ssl:default [Сетевая папка недоступна. За информацией о разрешении проблем в сети обратитесь к справочной системе Windows]
2026-01-19 15:15:46,855 - aiogram.dispatcher - WARNING - Sleep for 5.052874 seconds and try again... (tryings = 124, bot id = 8077618081)
2026-01-19 15:15:51,920 - aiogram.dispatcher - ERROR - Failed to fetch updates - TelegramNetworkError: HTTP Client says - ClientConnectorError: Cannot connect to host api.telegram.org:443 ssl:default [Сетевая папка недоступна. За информацией о разрешении проблем в сети обратитесь к справочной системе Windows]
2026-01-19 15:15:51,921 - aiogram.dispatcher - WARNING - Sleep for 5.042295 seconds and try again... (tryings = 125, bot id = 8077618081)
2026-01-19 15:15:56,983 - aiogram.dispatcher - ERROR - Failed to fetch updates - TelegramNetworkError: HTTP Client says - ClientConnectorError: Cannot connect to host api.telegram.org:443 ssl:default [Сетевая папка недоступна. За информацией о разрешении проблем в сети обратитесь к справочной системе Windows]
2026-01-19 15:15:56,984 - aiogram.dispatcher - WARNING - Sleep for 5.069329 seconds and try again... (tryings = 126, bot id = 8077618081)
2026-01-19 15:16:02,066 - aiogram.dispatcher - ERROR - Failed to fetch updates - TelegramNetworkError: HTTP Client says - ClientConnectorError: Cannot connect to host api.telegram.org:443 ssl:default [Сетевая папка недоступна. За информацией о разрешении проблем в сети обратитесь к справочной системе Windows]
2026-01-19 15:16:02,068 - aiogram.dispatcher - WARNING - Sleep for 5.023241 seconds and try again... (tryings = 127, bot id = 8077618081)
2026-01-19 15:16:07,106 - aiogram.dispatcher - ERROR - Failed to fetch updates - TelegramNetworkError: HTTP Client says - ClientConnectorError: Cannot connect to host api.telegram.org:443 ssl:default [Сетевая папка недоступна. За информацией о разрешении проблем в сети обратитесь к справочной системе Windows]
2026-01-19 15:16:07,107 - aiogram.dispatcher - WARNING - Sleep for 4.975520 seconds and try again... (tryings = 128, bot id = 8077618081)
2026-01-19 15:16:12,106 - aiogram.dispatcher - ERROR - Failed to fetch updates - TelegramNetworkError: HTTP Client says - ClientConnectorError: Cannot connect to host api.telegram.org:443 ssl:default [Сетевая папка недоступна. За информацией о разрешении проблем в сети обратитесь к справочной системе Windows]
2026-01-19 15:16:12,107 - aiogram.dispatcher - WARNING - Sleep for 5.083969 seconds and try again... (tryings = 129, bot id = 8077618081)
2026-01-19 15:16:17,202 - aiogram.dispatcher - ERROR - Failed to fetch updates - TelegramNetworkError: HTTP Client says - ClientConnectorError: Cannot connect to host api.telegram.org:443 ssl:default [Сетевая папка недоступна. За информацией о разрешении проблем в сети обратитесь к справочной системе Windows]
2026-01-19 15:16:17,203 - aiogram.dispatcher - WARNING - Sleep for 4.974686 seconds and try again... (tryings = 130, bot id = 8077618081)
2026-01-19 15:16:22,199 - aiogram.dispatcher - ERROR - Failed to fetch updates - TelegramNetworkError: HTTP Client says - ClientConnectorError: Cannot connect to host api.telegram.org:443 ssl:default [Сетевая папка недоступна. За информацией о разрешении проблем в сети обратитесь к справочной системе Windows]
2026-01-19 15:16:22,200 - aiogram.dispatcher - WARNING - Sleep for 5.110420 seconds and try again... (tryings = 131, bot id = 8077618081)
2026-01-19 15:16:27,321 - aiogram.dispatcher - ERROR - Failed to fetch updates - TelegramNetworkError: HTTP Client says - ClientConnectorError: Cannot connect to host api.telegram.org:443 ssl:default [Сетевая папка недоступна. За информацией о разрешении проблем в сети обратитесь к справочной системе Windows]
2026-01-19 15:16:27,323 - aiogram.dispatcher - WARNING - Sleep for 4.870462 seconds and try again... (tryings = 132, bot id = 8077618081)
2026-01-19 15:16:32,207 - aiogram.dispatcher - ERROR - Failed to fetch updates - TelegramNetworkError: HTTP Client says - ClientConnectorError: Cannot connect to host api.telegram.org:443 ssl:default [Сетевая папка недоступна. За информацией о разрешении проблем в сети обратитесь к справочной системе Windows]
2026-01-19 15:16:32,209 - aiogram.dispatcher - WARNING - Sleep for 4.940245 seconds and try again... (tryings = 133, bot id = 8077618081)
2026-01-19 15:16:37,162 - aiogram.dispatcher - ERROR - Failed to fetch updates - TelegramNetworkError: HTTP Client says - ClientConnectorError: Cannot connect to host api.telegram.org:443 ssl:default [Сетевая папка недоступна. За информацией о разрешении проблем в сети обратитесь к справочной системе Windows]
2026-01-19 15:16:37,163 - aiogram.dispatcher - WARNING - Sleep for 5.005931 seconds and try again... (tryings = 134, bot id = 8077618081)
2026-01-19 15:16:42,181 - aiogram.dispatcher - ERROR - Failed to fetch updates - TelegramNetworkError: HTTP Client says - ClientConnectorError: Cannot connect to host api.telegram.org:443 ssl:default [Сетевая папка недоступна. За информацией о разрешении проблем в сети обратитесь к справочной системе Windows]
2026-01-19 15:16:42,182 - aiogram.dispatcher - WARNING - Sleep for 5.048227 seconds and try again... (tryings = 135, bot id = 8077618081)
2026-01-19 15:16:47,239 - aiogram.dispatcher - ERROR - Failed to fetch updates - TelegramNetworkError: HTTP Client says - ClientConnectorError: Cannot connect to host api.telegram.org:443 ssl:default [Сетевая папка недоступна. За информацией о разрешении проблем в сети обратитесь к справочной системе Windows]
2026-01-19 15:16:47,241 - aiogram.dispatcher - WARNING - Sleep for 5.071497 seconds and try again... (tryings = 136, bot id = 8077618081)
2026-01-19 15:16:52,327 - aiogram.dispatcher - ERROR - Failed to fetch updates - TelegramNetworkError: HTTP Client says - ClientConnectorError: Cannot connect to host api.telegram.org:443 ssl:default [Сетевая папка недоступна. За информацией о разрешении проблем в сети обратитесь к справочной системе Windows]
2026-01-19 15:16:52,328 - aiogram.dispatcher - WARNING - Sleep for 5.099486 seconds and try again... (tryings = 137, bot id = 8077618081)
2026-01-19 15:16:57,445 - aiogram.dispatcher - ERROR - Failed to fetch updates - TelegramNetworkError: HTTP Client says - ClientConnectorError: Cannot connect to host api.telegram.org:443 ssl:default [Сетевая папка недоступна. За информацией о разрешении проблем в сети обратитесь к справочной системе Windows]
2026-01-19 15:16:57,446 - aiogram.dispatcher - WARNING - Sleep for 5.058858 seconds and try again... (tryings = 138, bot id = 8077618081)
2026-01-19 15:17:02,522 - aiogram.dispatcher - ERROR - Failed to fetch updates - TelegramNetworkError: HTTP Client says - ClientConnectorError: Cannot connect to host api.telegram.org:443 ssl:default [Сетевая папка недоступна. За информацией о разрешении проблем в сети обратитесь к справочной системе Windows]
2026-01-19 15:17:02,523 - aiogram.dispatcher - WARNING - Sleep for 5.026822 seconds and try again... (tryings = 139, bot id = 8077618081)
2026-01-19 15:17:07,556 - aiogram.dispatcher - ERROR - Failed to fetch updates - TelegramNetworkError: HTTP Client says - ClientConnectorError: Cannot connect to host api.telegram.org:443 ssl:default [Сетевая папка недоступна. За информацией о разрешении проблем в сети обратитесь к справочной системе Windows]
2026-01-19 15:17:07,558 - aiogram.dispatcher - WARNING - Sleep for 4.791419 seconds and try again... (tryings = 140, bot id = 8077618081)
2026-01-19 15:17:12,360 - aiogram.dispatcher - ERROR - Failed to fetch updates - TelegramNetworkError: HTTP Client says - ClientConnectorError: Cannot connect to host api.telegram.org:443 ssl:default [Сетевая папка недоступна. За информацией о разрешении проблем в сети обратитесь к справочной системе Windows]
2026-01-19 15:17:12,361 - aiogram.dispatcher - WARNING - Sleep for 5.160090 seconds and try again... (tryings = 141, bot id = 8077618081)
2026-01-19 15:17:17,534 - aiogram.dispatcher - ERROR - Failed to fetch updates - TelegramNetworkError: HTTP Client says - ClientConnectorError: Cannot connect to host api.telegram.org:443 ssl:default [Сетевая папка недоступна. За информацией о разрешении проблем в сети обратитесь к справочной системе Windows]
2026-01-19 15:17:17,536 - aiogram.dispatcher - WARNING - Sleep for 4.918756 seconds and try again... (tryings = 142, bot id = 8077618081)
2026-01-19 15:17:22,467 - aiogram.dispatcher - ERROR - Failed to fetch updates - TelegramNetworkError: HTTP Client says - ClientConnectorError: Cannot connect to host api.telegram.org:443 ssl:default [Сетевая папка недоступна. За информацией о разрешении проблем в сети обратитесь к справочной системе Windows]
2026-01-19 15:17:22,468 - aiogram.dispatcher - WARNING - Sleep for 5.103043 seconds and try again... (tryings = 143, bot id = 8077618081)
2026-01-19 15:17:27,586 - aiogram.dispatcher - ERROR - Failed to fetch updates - TelegramNetworkError: HTTP Client says - ClientConnectorError: Cannot connect to host api.telegram.org:443 ssl:default [Сетевая папка недоступна. За информацией о разрешении проблем в сети обратитесь к справочной системе Windows]
2026-01-19 15:17:27,588 - aiogram.dispatcher - WARNING - Sleep for 5.051972 seconds and try again... (tryings = 144, bot id = 8077618081)
2026-01-19 15:17:32,652 - aiogram.dispatcher - ERROR - Failed to fetch updates - TelegramNetworkError: HTTP Client says - ClientConnectorError: Cannot connect to host api.telegram.org:443 ssl:default [Сетевая папка недоступна. За информацией о разрешении проблем в сети обратитесь к справочной системе Windows]
2026-01-19 15:17:32,654 - aiogram.dispatcher - WARNING - Sleep for 4.801449 seconds and try again... (tryings = 145, bot id = 8077618081)
2026-01-19 15:17:37,466 - aiogram.dispatcher - ERROR - Failed to fetch updates - TelegramNetworkError: HTTP Client says - ClientConnectorError: Cannot connect to host api.telegram.org:443 ssl:default [Сетевая папка недоступна. За информацией о разрешении проблем в сети обратитесь к справочной системе Windows]
2026-01-19 15:17:37,467 - aiogram.dispatcher - WARNING - Sleep for 5.138847 seconds and try again... (tryings = 146, bot id = 8077618081)
2026-01-19 15:17:42,615 - aiogram.dispatcher - ERROR - Failed to fetch updates - TelegramNetworkError: HTTP Client says - ClientConnectorError: Cannot connect to host api.telegram.org:443 ssl:default [Сетевая папка недоступна. За информацией о разрешении проблем в сети обратитесь к справочной системе Windows]
2026-01-19 15:17:42,616 - aiogram.dispatcher - WARNING - Sleep for 4.953150 seconds and try again... (tryings = 147, bot id = 8077618081)
2026-01-19 15:17:47,586 - aiogram.dispatcher - ERROR - Failed to fetch updates - TelegramNetworkError: HTTP Client says - ClientConnectorError: Cannot connect to host api.telegram.org:443 ssl:default [Сетевая папка недоступна. За информацией о разрешении проблем в сети обратитесь к справочной системе Windows]
2026-01-19 15:17:47,586 - aiogram.dispatcher - WARNING - Sleep for 4.922329 seconds and try again... (tryings = 148, bot id = 8077618081)
2026-01-19 15:17:52,519 - aiogram.dispatcher - ERROR - Failed to fetch updates - TelegramNetworkError: HTTP Client says - ClientConnectorError: Cannot connect to host api.telegram.org:443 ssl:default [Сетевая папка недоступна. За информацией о разрешении проблем в сети обратитесь к справочной системе Windows]
2026-01-19 15:17:52,521 - aiogram.dispatcher - WARNING - Sleep for 5.153680 seconds and try again... (tryings = 149, bot id = 8077618081)
2026-01-19 15:17:57,685 - aiogram.dispatcher - ERROR - Failed to fetch updates - TelegramNetworkError: HTTP Client says - ClientConnectorError: Cannot connect to host api.telegram.org:443 ssl:default [Сетевая папка недоступна. За информацией о разрешении проблем в сети обратитесь к справочной системе Windows]
2026-01-19 15:17:57,687 - aiogram.dispatcher - WARNING - Sleep for 5.015915 seconds and try again... (tryings = 150, bot id = 8077618081)
2026-01-19 15:18:02,709 - aiogram.dispatcher - ERROR - Failed to fetch updates - TelegramNetworkError: HTTP Client says - ClientConnectorError: Cannot connect to host api.telegram.org:443 ssl:default [Сетевая папка недоступна. За информацией о разрешении проблем в сети обратитесь к справочной системе Windows]
2026-01-19 15:18:02,711 - aiogram.dispatcher - WARNING - Sleep for 4.915062 seconds and try again... (tryings = 151, bot id = 8077618081)
2026-01-19 15:18:07,642 - aiogram.dispatcher - ERROR - Failed to fetch updates - TelegramNetworkError: HTTP Client says - ClientConnectorError: Cannot connect to host api.telegram.org:443 ssl:default [Сетевая папка недоступна. За информацией о разрешении проблем в сети обратитесь к справочной системе Windows]
2026-01-19 15:18:07,644 - aiogram.dispatcher - WARNING - Sleep for 5.052633 seconds and try again... (tryings = 152, bot id = 8077618081)
2026-01-19 15:18:12,704 - aiogram.dispatcher - ERROR - Failed to fetch updates - TelegramNetworkError: HTTP Client says - ClientConnectorError: Cannot connect to host api.telegram.org:443 ssl:default [Сетевая папка недоступна. За информацией о разрешении проблем в сети обратитесь к справочной системе Windows]
2026-01-19 15:18:12,705 - aiogram.dispatcher - WARNING - Sleep for 5.184122 seconds and try again... (tryings = 153, bot id = 8077618081)
2026-01-19 15:18:17,904 - aiogram.dispatcher - ERROR - Failed to fetch updates - TelegramNetworkError: HTTP Client says - ClientConnectorError: Cannot connect to host api.telegram.org:443 ssl:default [Сетевая папка недоступна. За информацией о разрешении проблем в сети обратитесь к справочной системе Windows]
2026-01-19 15:18:17,906 - aiogram.dispatcher - WARNING - Sleep for 5.085406 seconds and try again... (tryings = 154, bot id = 8077618081)
2026-01-19 15:18:22,998 - aiogram.dispatcher - ERROR - Failed to fetch updates - TelegramNetworkError: HTTP Client says - ClientConnectorError: Cannot connect to host api.telegram.org:443 ssl:default [Сетевая папка недоступна. За информацией о разрешении проблем в сети обратитесь к справочной системе Windows]
2026-01-19 15:18:23,000 - aiogram.dispatcher - WARNING - Sleep for 5.051184 seconds and try again... (tryings = 155, bot id = 8077618081)
2026-01-19 15:18:28,068 - aiogram.dispatcher - ERROR - Failed to fetch updates - TelegramNetworkError: HTTP Client says - ClientConnectorError: Cannot connect to host api.telegram.org:443 ssl:default [Сетевая папка недоступна. За информацией о разрешении проблем в сети обратитесь к справочной системе Windows]
2026-01-19 15:18:28,070 - aiogram.dispatcher - WARNING - Sleep for 5.098619 seconds and try again... (tryings = 156, bot id = 8077618081)
2026-01-19 15:18:33,188 - aiogram.dispatcher - ERROR - Failed to fetch updates - TelegramNetworkError: HTTP Client says - ClientConnectorError: Cannot connect to host api.telegram.org:443 ssl:default [Сетевая папка недоступна. За информацией о разрешении проблем в сети обратитесь к справочной системе Windows]
2026-01-19 15:18:33,189 - aiogram.dispatcher - WARNING - Sleep for 4.885733 seconds and try again... (tryings = 157, bot id = 8077618081)
2026-01-19 15:18:38,093 - aiogram.dispatcher - ERROR - Failed to fetch updates - TelegramNetworkError: HTTP Client says - ClientConnectorError: Cannot connect to host api.telegram.org:443 ssl:default [Сетевая папка недоступна. За информацией о разрешении проблем в сети обратитесь к справочной системе Windows]
2026-01-19 15:18:38,095 - aiogram.dispatcher - WARNING - Sleep for 4.924986 seconds and try again... (tryings = 158, bot id = 8077618081)
2026-01-19 15:18:43,029 - aiogram.dispatcher - ERROR - Failed to fetch updates - TelegramNetworkError: HTTP Client says - ClientConnectorError: Cannot connect to host api.telegram.org:443 ssl:default [Сетевая папка недоступна. За информацией о разрешении проблем в сети обратитесь к справочной системе Windows]
2026-01-19 15:18:43,031 - aiogram.dispatcher - WARNING - Sleep for 4.997939 seconds and try again... (tryings = 159, bot id = 8077618081)
2026-01-19 15:18:48,041 - aiogram.dispatcher - ERROR - Failed to fetch updates - TelegramNetworkError: HTTP Client says - ClientConnectorError: Cannot connect to host api.telegram.org:443 ssl:default [Сетевая папка недоступна. За информацией о разрешении проблем в сети обратитесь к справочной системе Windows]
2026-01-19 15:18:48,043 - aiogram.dispatcher - WARNING - Sleep for 5.131498 seconds and try again... (tryings = 160, bot id = 8077618081)
2026-01-19 15:18:53,185 - aiogram.dispatcher - ERROR - Failed to fetch updates - TelegramNetworkError: HTTP Client says - ClientConnectorError: Cannot connect to host api.telegram.org:443 ssl:default [Сетевая папка недоступна. За информацией о разрешении проблем в сети обратитесь к справочной системе Windows]
2026-01-19 15:18:53,186 - aiogram.dispatcher - WARNING - Sleep for 4.937043 seconds and try again... (tryings = 161, bot id = 8077618081)
2026-01-19 15:18:58,137 - aiogram.dispatcher - ERROR - Failed to fetch updates - TelegramNetworkError: HTTP Client says - ClientConnectorError: Cannot connect to host api.telegram.org:443 ssl:default [Сетевая папка недоступна. За информацией о разрешении проблем в сети обратитесь к справочной системе Windows]
2026-01-19 15:18:58,140 - aiogram.dispatcher - WARNING - Sleep for 5.209953 seconds and try again... (tryings = 162, bot id = 8077618081)
2026-01-19 15:19:03,367 - aiogram.dispatcher - ERROR - Failed to fetch updates - TelegramNetworkError: HTTP Client says - ClientConnectorError: Cannot connect to host api.telegram.org:443 ssl:default [Сетевая папка недоступна. За информацией о разрешении проблем в сети обратитесь к справочной системе Windows]
2026-01-19 15:19:03,368 - aiogram.dispatcher - WARNING - Sleep for 5.233347 seconds and try again... (tryings = 163, bot id = 8077618081)
2026-01-19 15:19:08,618 - aiogram.dispatcher - ERROR - Failed to fetch updates - TelegramNetworkError: HTTP Client says - ClientConnectorError: Cannot connect to host api.telegram.org:443 ssl:default [Сетевая папка недоступна. За информацией о разрешении проблем в сети обратитесь к справочной системе Windows]
2026-01-19 15:19:08,619 - aiogram.dispatcher - WARNING - Sleep for 5.036787 seconds and try again... (tryings = 164, bot id = 8077618081)
2026-01-19 15:19:13,667 - aiogram.dispatcher - ERROR - Failed to fetch updates - TelegramNetworkError: HTTP Client says - ClientConnectorError: Cannot connect to host api.telegram.org:443 ssl:default [Сетевая папка недоступна. За информацией о разрешении проблем в сети обратитесь к справочной системе Windows]
2026-01-19 15:19:13,669 - aiogram.dispatcher - WARNING - Sleep for 4.969077 seconds and try again... (tryings = 165, bot id = 8077618081)
2026-01-19 15:19:18,644 - aiogram.dispatcher - ERROR - Failed to fetch updates - TelegramNetworkError: HTTP Client says - ClientConnectorError: Cannot connect to host api.telegram.org:443 ssl:default [Сетевая папка недоступна. За информацией о разрешении проблем в сети обратитесь к справочной системе Windows]
2026-01-19 15:19:18,645 - aiogram.dispatcher - WARNING - Sleep for 4.995445 seconds and try again... (tryings = 166, bot id = 8077618081)
2026-01-19 15:19:23,656 - aiogram.dispatcher - ERROR - Failed to fetch updates - TelegramNetworkError: HTTP Client says - ClientConnectorError: Cannot connect to host api.telegram.org:443 ssl:default [Сетевая папка недоступна. За информацией о разрешении проблем в сети обратитесь к справочной системе Windows]
2026-01-19 15:19:23,657 - aiogram.dispatcher - WARNING - Sleep for 4.936409 seconds and try again... (tryings = 167, bot id = 8077618081)
2026-01-19 15:19:28,607 - aiogram.dispatcher - ERROR - Failed to fetch updates - TelegramNetworkError: HTTP Client says - ClientConnectorError: Cannot connect to host api.telegram.org:443 ssl:default [Сетевая папка недоступна. За информацией о разрешении проблем в сети обратитесь к справочной системе Windows]
2026-01-19 15:19:28,608 - aiogram.dispatcher - WARNING - Sleep for 5.142247 seconds and try again... (tryings = 168, bot id = 8077618081)
2026-01-19 15:19:33,760 - aiogram.dispatcher - ERROR - Failed to fetch updates - TelegramNetworkError: HTTP Client says - ClientConnectorError: Cannot connect to host api.telegram.org:443 ssl:default [Сетевая папка недоступна. За информацией о разрешении проблем в сети обратитесь к справочной системе Windows]
2026-01-19 15:19:33,761 - aiogram.dispatcher - WARNING - Sleep for 5.223082 seconds and try again... (tryings = 169, bot id = 8077618081)
2026-01-19 15:19:38,993 - aiogram.dispatcher - ERROR - Failed to fetch updates - TelegramNetworkError: HTTP Client says - ClientConnectorError: Cannot connect to host api.telegram.org:443 ssl:default [Сетевая папка недоступна. За информацией о разрешении проблем в сети обратитесь к справочной системе Windows]
2026-01-19 15:19:38,994 - aiogram.dispatcher - WARNING - Sleep for 5.187898 seconds and try again... (tryings = 170, bot id = 8077618081)
2026-01-19 15:19:44,201 - aiogram.dispatcher - ERROR - Failed to fetch updates - TelegramNetworkError: HTTP Client says - ClientConnectorError: Cannot connect to host api.telegram.org:443 ssl:default [Сетевая папка недоступна. За информацией о разрешении проблем в сети обратитесь к справочной системе Windows]
2026-01-19 15:19:44,202 - aiogram.dispatcher - WARNING - Sleep for 4.952790 seconds and try again... (tryings = 171, bot id = 8077618081)
2026-01-19 15:19:49,163 - aiogram.dispatcher - ERROR - Failed to fetch updates - TelegramNetworkError: HTTP Client says - ClientConnectorError: Cannot connect to host api.telegram.org:443 ssl:default [Сетевая папка недоступна. За информацией о разрешении проблем в сети обратитесь к справочной системе Windows]
2026-01-19 15:19:49,165 - aiogram.dispatcher - WARNING - Sleep for 5.002597 seconds and try again... (tryings = 172, bot id = 8077618081)
2026-01-19 15:19:54,178 - aiogram.dispatcher - ERROR - Failed to fetch updates - TelegramNetworkError: HTTP Client says - ClientConnectorError: Cannot connect to host api.telegram.org:443 ssl:default [Сетевая папка недоступна. За информацией о разрешении проблем в сети обратитесь к справочной системе Windows]
2026-01-19 15:19:54,180 - aiogram.dispatcher - WARNING - Sleep for 5.127023 seconds and try again... (tryings = 173, bot id = 8077618081)
2026-01-19 15:19:59,316 - aiogram.dispatcher - ERROR - Failed to fetch updates - TelegramNetworkError: HTTP Client says - ClientConnectorError: Cannot connect to host api.telegram.org:443 ssl:default [Сетевая папка недоступна. За информацией о разрешении проблем в сети обратитесь к справочной системе Windows]
2026-01-19 15:19:59,318 - aiogram.dispatcher - WARNING - Sleep for 4.994029 seconds and try again... (tryings = 174, bot id = 8077618081)
2026-01-19 15:20:04,331 - aiogram.dispatcher - ERROR - Failed to fetch updates - TelegramNetworkError: HTTP Client says - ClientConnectorError: Cannot connect to host api.telegram.org:443 ssl:default [Сетевая папка недоступна. За информацией о разрешении проблем в сети обратитесь к справочной системе Windows]
2026-01-19 15:20:04,332 - aiogram.dispatcher - WARNING - Sleep for 5.147537 seconds and try again... (tryings = 175, bot id = 8077618081)
2026-01-19 15:20:09,495 - aiogram.dispatcher - ERROR - Failed to fetch updates - TelegramNetworkError: HTTP Client says - ClientConnectorError: Cannot connect to host api.telegram.org:443 ssl:default [Сетевая папка недоступна. За информацией о разрешении проблем в сети обратитесь к справочной системе Windows]
2026-01-19 15:20:09,497 - aiogram.dispatcher - WARNING - Sleep for 4.864383 seconds and try again... (tryings = 176, bot id = 8077618081)
2026-01-19 15:20:14,379 - aiogram.dispatcher - ERROR - Failed to fetch updates - TelegramNetworkError: HTTP Client says - ClientConnectorError: Cannot connect to host api.telegram.org:443 ssl:default [Сетевая папка недоступна. За информацией о разрешении проблем в сети обратитесь к справочной системе Windows]
2026-01-19 15:20:14,380 - aiogram.dispatcher - WARNING - Sleep for 4.958566 seconds and try again... (tryings = 177, bot id = 8077618081)
2026-01-19 15:20:19,345 - aiogram.dispatcher - ERROR - Failed to fetch updates - TelegramNetworkError: HTTP Client says - ClientConnectorError: Cannot connect to host api.telegram.org:443 ssl:default [Сетевая папка недоступна. За информацией о разрешении проблем в сети обратитесь к справочной системе Windows]
2026-01-19 15:20:19,346 - aiogram.dispatcher - WARNING - Sleep for 4.993073 seconds and try again... (tryings = 178, bot id = 8077618081)
2026-01-19 15:20:24,355 - aiogram.dispatcher - ERROR - Failed to fetch updates - TelegramNetworkError: HTTP Client says - ClientConnectorError: Cannot connect to host api.telegram.org:443 ssl:default [Сетевая папка недоступна. За информацией о разрешении проблем в сети обратитесь к справочной системе Windows]
2026-01-19 15:20:24,357 - aiogram.dispatcher - WARNING - Sleep for 5.126809 seconds and try again... (tryings = 179, bot id = 8077618081)
2026-01-19 15:20:29,493 - aiogram.dispatcher - ERROR - Failed to fetch updates - TelegramNetworkError: HTTP Client says - ClientConnectorError: Cannot connect to host api.telegram.org:443 ssl:default [Сетевая папка недоступна. За информацией о разрешении проблем в сети обратитесь к справочной системе Windows]
2026-01-19 15:20:29,494 - aiogram.dispatcher - WARNING - Sleep for 4.953904 seconds and try again... (tryings = 180, bot id = 8077618081)
2026-01-19 15:20:34,459 - aiogram.dispatcher - ERROR - Failed to fetch updates - TelegramNetworkError: HTTP Client says - ClientConnectorError: Cannot connect to host api.telegram.org:443 ssl:default [Сетевая папка недоступна. За информацией о разрешении проблем в сети обратитесь к справочной системе Windows]
2026-01-19 15:20:34,461 - aiogram.dispatcher - WARNING - Sleep for 4.804542 seconds and try again... (tryings = 181, bot id = 8077618081)
2026-01-19 15:20:39,274 - aiogram.dispatcher - ERROR - Failed to fetch updates - TelegramNetworkError: HTTP Client says - ClientConnectorError: Cannot connect to host api.telegram.org:443 ssl:default [Сетевая папка недоступна. За информацией о разрешении проблем в сети обратитесь к справочной системе Windows]
2026-01-19 15:20:39,276 - aiogram.dispatcher - WARNING - Sleep for 5.089279 seconds and try again... (tryings = 182, bot id = 8077618081)
2026-01-19 15:20:44,381 - aiogram.dispatcher - ERROR - Failed to fetch updates - TelegramNetworkError: HTTP Client says - ClientConnectorError: Cannot connect to host api.telegram.org:443 ssl:default [Сетевая папка недоступна. За информацией о разрешении проблем в сети обратитесь к справочной системе Windows]
2026-01-19 15:20:44,382 - aiogram.dispatcher - WARNING - Sleep for 5.125686 seconds and try again... (tryings = 183, bot id = 8077618081)
2026-01-19 15:20:49,516 - aiogram.dispatcher - ERROR - Failed to fetch updates - TelegramNetworkError: HTTP Client says - ClientConnectorError: Cannot connect to host api.telegram.org:443 ssl:default [Сетевая папка недоступна. За информацией о разрешении проблем в сети обратитесь к справочной системе Windows]
2026-01-19 15:20:49,517 - aiogram.dispatcher - WARNING - Sleep for 4.919886 seconds and try again... (tryings = 184, bot id = 8077618081)
2026-01-19 15:20:54,447 - aiogram.dispatcher - ERROR - Failed to fetch updates - TelegramNetworkError: HTTP Client says - ClientConnectorError: Cannot connect to host api.telegram.org:443 ssl:default [Сетевая папка недоступна. За информацией о разрешении проблем в сети обратитесь к справочной системе Windows]
2026-01-19 15:20:54,447 - aiogram.dispatcher - WARNING - Sleep for 5.013894 seconds and try again... (tryings = 185, bot id = 8077618081)
2026-01-19 15:20:59,471 - aiogram.dispatcher - ERROR - Failed to fetch updates - TelegramNetworkError: HTTP Client says - ClientConnectorError: Cannot connect to host api.telegram.org:443 ssl:default [Сетевая папка недоступна. За информацией о разрешении проблем в сети обратитесь к справочной системе Windows]
2026-01-19 15:20:59,472 - aiogram.dispatcher - WARNING - Sleep for 4.964181 seconds and try again... (tryings = 186, bot id = 8077618081)
2026-01-19 15:46:02,035 - aiogram.dispatcher - ERROR - Failed to fetch updates - TelegramNetworkError: HTTP Client says - ClientConnectorError: Cannot connect to host api.telegram.org:443 ssl:default [getaddrinfo failed]
2026-01-19 15:46:02,036 - aiogram.dispatcher - WARNING - Sleep for 5.137626 seconds and try again... (tryings = 187, bot id = 8077618081)
2026-01-19 15:46:07,189 - aiogram.dispatcher - ERROR - Failed to fetch updates - TelegramNetworkError: HTTP Client says - ClientConnectorError: Cannot connect to host api.telegram.org:443 ssl:default [getaddrinfo failed]
2026-01-19 15:46:07,190 - aiogram.dispatcher - WARNING - Sleep for 5.006657 seconds and try again... (tryings = 188, bot id = 8077618081)
2026-01-19 15:46:12,212 - aiogram.dispatcher - ERROR - Failed to fetch updates - TelegramNetworkError: HTTP Client says - ClientConnectorError: Cannot connect to host api.telegram.org:443 ssl:default [getaddrinfo failed]
2026-01-19 15:46:12,213 - aiogram.dispatcher - WARNING - Sleep for 5.016748 seconds and try again... (tryings = 189, bot id = 8077618081)
2026-01-19 15:46:15,266 - aiogram.dispatcher - INFO - Polling stopped
2026-01-19 15:46:15,591 - __main__ - INFO - Бот остановлен
2026-01-19 15:52:45,237 - __main__ - INFO - Используется BOT_TOKEN: 8077618081:AAHvfkJ8n... (из .env файла)
2026-01-19 15:52:45,410 - __main__ - INFO - Бот запущен!
2026-01-19 15:52:45,411 - aiogram.dispatcher - INFO - Start polling
2026-01-19 15:53:07,164 - aiogram.dispatcher - INFO - Polling stopped
2026-01-19 15:53:19,128 - __main__ - INFO - Используется BOT_TOKEN: 8077618081:AAHvfkJ8n... (из .env файла)
2026-01-19 15:53:19,303 - __main__ - INFO - Бот запущен!
2026-01-19 15:53:19,303 - aiogram.dispatcher - INFO - Start polling
2026-01-19 15:53:19,809 - aiogram.event - INFO - Update id=232985213 is handled. Duration 219 ms by bot id=8077618081
2026-01-19 15:53:19,833 - aiogram.event - INFO - Update id=232985217 is handled. Duration 234 ms by bot id=8077618081
2026-01-19 15:53:24,205 - aiogram.event - INFO - Update id=232985218 is handled. Duration 109 ms by bot id=8077618081
2026-01-19 15:53:25,460 - aiogram.event - INFO - Update id=232985219 is handled. Duration 109 ms by bot id=8077618081
2026-01-19 15:53:27,240 - aiogram.event - INFO - Update id=232985220 is not handled. Duration 0 ms by bot id=8077618081
2026-01-19 15:53:38,893 - aiogram.event - INFO - Update id=232985216 is not handled. Duration 19297 ms by bot id=8077618081
2026-01-19 15:53:38,893 - aiogram.event - ERROR - Cause exception while process update id=232985216 by bot id=8077618081
TelegramNetworkError: HTTP Client says - ClientConnectorError: Cannot connect to host api.telegram.org:443 ssl:default [Превышен таймаут семафора]
Traceback (most recent call last):
  File "C:\Users\User\PycharmProjects\eldosina\.venv\Lib\site-packages\aiohttp\connector.py", line 1075, in _wrap_create_connection
    return await self._loop.create_connection(*args, **kwargs, sock=sock)
           ^^^^^^^^^^^^^^^^^^^^^^^^^^^^^^^^^^^^^^^^^^^^^^^^^^^^^^^^^^^^^^
  File "C:\Users\User\AppData\Local\Programs\Python\Python312\Lib\asyncio\base_events.py", line 1148, in create_connection
    transport, protocol = await self._create_connection_transport(
                          ^^^^^^^^^^^^^^^^^^^^^^^^^^^^^^^^^^^^^^^^
  File "C:\Users\User\AppData\Local\Programs\Python\Python312\Lib\asyncio\base_events.py", line 1181, in _create_connection_transport
    await waiter
  File "C:\Users\User\AppData\Local\Programs\Python\Python312\Lib\asyncio\proactor_events.py", line 286, in _loop_reading
    length = fut.result()
             ^^^^^^^^^^^^
  File "C:\Users\User\AppData\Local\Programs\Python\Python312\Lib\asyncio\windows_events.py", line 803, in _poll
    value = callback(transferred, key, ov)
            ^^^^^^^^^^^^^^^^^^^^^^^^^^^^^^
  File "C:\Users\User\AppData\Local\Programs\Python\Python312\Lib\asyncio\windows_events.py", line 462, in finish_socket_func
    return ov.getresult()
           ^^^^^^^^^^^^^^
OSError: [WinError 121] Превышен таймаут семафора

The above exception was the direct cause of the following exception:

Traceback (most recent call last):
  File "C:\Users\User\PycharmProjects\eldosina\.venv\Lib\site-packages\aiogram\client\session\aiohttp.py", line 181, in make_request
    async with session.post(
               ^^^^^^^^^^^^^
  File "C:\Users\User\PycharmProjects\eldosina\.venv\Lib\site-packages\aiohttp\client.py", line 1357, in __aenter__
    self._resp: _RetType = await self._coro
                           ^^^^^^^^^^^^^^^^
  File "C:\Users\User\PycharmProjects\eldosina\.venv\Lib\site-packages\aiohttp\client.py", line 661, in _request
    conn = await self._connector.connect(
           ^^^^^^^^^^^^^^^^^^^^^^^^^^^^^^
  File "C:\Users\User\PycharmProjects\eldosina\.venv\Lib\site-packages\aiohttp\connector.py", line 556, in connect
    proto = await self._create_connection(req, traces, timeout)
            ^^^^^^^^^^^^^^^^^^^^^^^^^^^^^^^^^^^^^^^^^^^^^^^^^^^
  File "C:\Users\User\PycharmProjects\eldosina\.venv\Lib\site-packages\aiohttp\connector.py", line 1009, in _create_connection
    _, proto = await self._create_direct_connection(req, traces, timeout)
               ^^^^^^^^^^^^^^^^^^^^^^^^^^^^^^^^^^^^^^^^^^^^^^^^^^^^^^^^^^
  File "C:\Users\User\PycharmProjects\eldosina\.venv\Lib\site-packages\aiohttp\connector.py", line 1343, in _create_direct_connection
    raise last_exc
  File "C:\Users\User\PycharmProjects\eldosina\.venv\Lib\site-packages\aiohttp\connector.py", line 1312, in _create_direct_connection
    transp, proto = await self._wrap_create_connection(
                    ^^^^^^^^^^^^^^^^^^^^^^^^^^^^^^^^^^^
  File "C:\Users\User\PycharmProjects\eldosina\.venv\Lib\site-packages\aiohttp\connector.py", line 1083, in _wrap_create_connection
    raise client_error(req.connection_key, exc) from exc
aiohttp.client_exceptions.ClientConnectorError: Cannot connect to host api.telegram.org:443 ssl:default [Превышен таймаут семафора]

During handling of the above exception, another exception occurred:

Traceback (most recent call last):
  File "C:\Users\User\PycharmProjects\eldosina\.venv\Lib\site-packages\aiogram\dispatcher\dispatcher.py", line 309, in _process_update
    response = await self.feed_update(bot, update, **kwargs)
               ^^^^^^^^^^^^^^^^^^^^^^^^^^^^^^^^^^^^^^^^^^^^^
  File "C:\Users\User\PycharmProjects\eldosina\.venv\Lib\site-packages\aiogram\dispatcher\dispatcher.py", line 158, in feed_update
    response = await self.update.wrap_outer_middleware(
               ^^^^^^^^^^^^^^^^^^^^^^^^^^^^^^^^^^^^^^^^
  File "C:\Users\User\PycharmProjects\eldosina\.venv\Lib\site-packages\aiogram\dispatcher\middlewares\error.py", line 25, in __call__
    return await handler(event, data)
           ^^^^^^^^^^^^^^^^^^^^^^^^^^
  File "C:\Users\User\PycharmProjects\eldosina\.venv\Lib\site-packages\aiogram\dispatcher\middlewares\user_context.py", line 56, in __call__
    return await handler(event, data)
           ^^^^^^^^^^^^^^^^^^^^^^^^^^
  File "C:\Users\User\PycharmProjects\eldosina\.venv\Lib\site-packages\aiogram\fsm\middleware.py", line 42, in __call__
    return await handler(event, data)
           ^^^^^^^^^^^^^^^^^^^^^^^^^^
  File "C:\Users\User\PycharmProjects\eldosina\.venv\Lib\site-packages\aiogram\dispatcher\event\telegram.py", line 121, in trigger
    return await wrapped_inner(event, kwargs)
           ^^^^^^^^^^^^^^^^^^^^^^^^^^^^^^^^^^
  File "C:\Users\User\PycharmProjects\eldosina\.venv\Lib\site-packages\aiogram\dispatcher\event\handler.py", line 43, in call
    return await wrapped()
           ^^^^^^^^^^^^^^^
  File "C:\Users\User\PycharmProjects\eldosina\.venv\Lib\site-packages\aiogram\dispatcher\dispatcher.py", line 276, in _listen_update
    return await self.propagate_event(update_type=update_type, event=event, **kwargs)
           ^^^^^^^^^^^^^^^^^^^^^^^^^^^^^^^^^^^^^^^^^^^^^^^^^^^^^^^^^^^^^^^^^^^^^^^^^^
  File "C:\Users\User\PycharmProjects\eldosina\.venv\Lib\site-packages\aiogram\dispatcher\router.py", line 142, in propagate_event
    return await observer.wrap_outer_middleware(_wrapped, event=event, data=kwargs)
           ^^^^^^^^^^^^^^^^^^^^^^^^^^^^^^^^^^^^^^^^^^^^^^^^^^^^^^^^^^^^^^^^^^^^^^^^
  File "C:\Users\User\PycharmProjects\eldosina\.venv\Lib\site-packages\aiogram\dispatcher\router.py", line 137, in _wrapped
    return await self._propagate_event(
           ^^^^^^^^^^^^^^^^^^^^^^^^^^^^
  File "C:\Users\User\PycharmProjects\eldosina\.venv\Lib\site-packages\aiogram\dispatcher\router.py", line 170, in _propagate_event
    response = await router.propagate_event(update_type=update_type, event=event, **kwargs)
               ^^^^^^^^^^^^^^^^^^^^^^^^^^^^^^^^^^^^^^^^^^^^^^^^^^^^^^^^^^^^^^^^^^^^^^^^^^^^
  File "C:\Users\User\PycharmProjects\eldosina\.venv\Lib\site-packages\aiogram\dispatcher\router.py", line 142, in propagate_event
    return await observer.wrap_outer_middleware(_wrapped, event=event, data=kwargs)
           ^^^^^^^^^^^^^^^^^^^^^^^^^^^^^^^^^^^^^^^^^^^^^^^^^^^^^^^^^^^^^^^^^^^^^^^^
  File "C:\Users\User\PycharmProjects\eldosina\.venv\Lib\site-packages\aiogram\dispatcher\router.py", line 137, in _wrapped
    return await self._propagate_event(
           ^^^^^^^^^^^^^^^^^^^^^^^^^^^^
  File "C:\Users\User\PycharmProjects\eldosina\.venv\Lib\site-packages\aiogram\dispatcher\router.py", line 162, in _propagate_event
    response = await observer.trigger(event, **kwargs)
               ^^^^^^^^^^^^^^^^^^^^^^^^^^^^^^^^^^^^^^^
  File "C:\Users\User\PycharmProjects\eldosina\.venv\Lib\site-packages\aiogram\dispatcher\event\telegram.py", line 121, in trigger
    return await wrapped_inner(event, kwargs)
           ^^^^^^^^^^^^^^^^^^^^^^^^^^^^^^^^^^
  File "C:\Users\User\PycharmProjects\eldosina\.venv\Lib\site-packages\aiogram\dispatcher\event\handler.py", line 43, in call
    return await wrapped()
           ^^^^^^^^^^^^^^^
  File "C:\Users\User\PycharmProjects\eldosina\handlers\start.py", line 85, in cmd_start
    await send_welcome_menu(message)
  File "C:\Users\User\PycharmProjects\eldosina\handlers\start.py", line 59, in send_welcome_menu
    await message.answer(
  File "C:\Users\User\PycharmProjects\eldosina\.venv\Lib\site-packages\aiogram\methods\base.py", line 84, in emit
    return await bot(self)
           ^^^^^^^^^^^^^^^
  File "C:\Users\User\PycharmProjects\eldosina\.venv\Lib\site-packages\aiogram\client\bot.py", line 488, in __call__
    return await self.session(self, method, timeout=request_timeout)
           ^^^^^^^^^^^^^^^^^^^^^^^^^^^^^^^^^^^^^^^^^^^^^^^^^^^^^^^^^
  File "C:\Users\User\PycharmProjects\eldosina\.venv\Lib\site-packages\aiogram\client\session\base.py", line 254, in __call__
    return cast(TelegramType, await middleware(bot, method))
                              ^^^^^^^^^^^^^^^^^^^^^^^^^^^^^
  File "C:\Users\User\PycharmProjects\eldosina\.venv\Lib\site-packages\aiogram\client\session\aiohttp.py", line 188, in make_request
    raise TelegramNetworkError(method=method, message=f"{type(e).__name__}: {e}")
aiogram.exceptions.TelegramNetworkError: HTTP Client says - ClientConnectorError: Cannot connect to host api.telegram.org:443 ssl:default [Превышен таймаут семафора]
2026-01-19 15:53:38,905 - aiogram.event - INFO - Update id=232985215 is not handled. Duration 19313 ms by bot id=8077618081
2026-01-19 15:53:38,905 - aiogram.event - ERROR - Cause exception while process update id=232985215 by bot id=8077618081
TelegramNetworkError: HTTP Client says - ClientConnectorError: Cannot connect to host api.telegram.org:443 ssl:default [Превышен таймаут семафора]
Traceback (most recent call last):
  File "C:\Users\User\PycharmProjects\eldosina\.venv\Lib\site-packages\aiohttp\connector.py", line 1075, in _wrap_create_connection
    return await self._loop.create_connection(*args, **kwargs, sock=sock)
           ^^^^^^^^^^^^^^^^^^^^^^^^^^^^^^^^^^^^^^^^^^^^^^^^^^^^^^^^^^^^^^
  File "C:\Users\User\AppData\Local\Programs\Python\Python312\Lib\asyncio\base_events.py", line 1148, in create_connection
    transport, protocol = await self._create_connection_transport(
                          ^^^^^^^^^^^^^^^^^^^^^^^^^^^^^^^^^^^^^^^^
  File "C:\Users\User\AppData\Local\Programs\Python\Python312\Lib\asyncio\base_events.py", line 1181, in _create_connection_transport
    await waiter
  File "C:\Users\User\AppData\Local\Programs\Python\Python312\Lib\asyncio\proactor_events.py", line 286, in _loop_reading
    length = fut.result()
             ^^^^^^^^^^^^
  File "C:\Users\User\AppData\Local\Programs\Python\Python312\Lib\asyncio\windows_events.py", line 803, in _poll
    value = callback(transferred, key, ov)
            ^^^^^^^^^^^^^^^^^^^^^^^^^^^^^^
  File "C:\Users\User\AppData\Local\Programs\Python\Python312\Lib\asyncio\windows_events.py", line 462, in finish_socket_func
    return ov.getresult()
           ^^^^^^^^^^^^^^
OSError: [WinError 121] Превышен таймаут семафора

The above exception was the direct cause of the following exception:

Traceback (most recent call last):
  File "C:\Users\User\PycharmProjects\eldosina\.venv\Lib\site-packages\aiogram\client\session\aiohttp.py", line 181, in make_request
    async with session.post(
               ^^^^^^^^^^^^^
  File "C:\Users\User\PycharmProjects\eldosina\.venv\Lib\site-packages\aiohttp\client.py", line 1357, in __aenter__
    self._resp: _RetType = await self._coro
                           ^^^^^^^^^^^^^^^^
  File "C:\Users\User\PycharmProjects\eldosina\.venv\Lib\site-packages\aiohttp\client.py", line 661, in _request
    conn = await self._connector.connect(
           ^^^^^^^^^^^^^^^^^^^^^^^^^^^^^^
  File "C:\Users\User\PycharmProjects\eldosina\.venv\Lib\site-packages\aiohttp\connector.py", line 556, in connect
    proto = await self._create_connection(req, traces, timeout)
            ^^^^^^^^^^^^^^^^^^^^^^^^^^^^^^^^^^^^^^^^^^^^^^^^^^^
  File "C:\Users\User\PycharmProjects\eldosina\.venv\Lib\site-packages\aiohttp\connector.py", line 1009, in _create_connection
    _, proto = await self._create_direct_connection(req, traces, timeout)
               ^^^^^^^^^^^^^^^^^^^^^^^^^^^^^^^^^^^^^^^^^^^^^^^^^^^^^^^^^^
  File "C:\Users\User\PycharmProjects\eldosina\.venv\Lib\site-packages\aiohttp\connector.py", line 1343, in _create_direct_connection
    raise last_exc
  File "C:\Users\User\PycharmProjects\eldosina\.venv\Lib\site-packages\aiohttp\connector.py", line 1312, in _create_direct_connection
    transp, proto = await self._wrap_create_connection(
                    ^^^^^^^^^^^^^^^^^^^^^^^^^^^^^^^^^^^
  File "C:\Users\User\PycharmProjects\eldosina\.venv\Lib\site-packages\aiohttp\connector.py", line 1083, in _wrap_create_connection
    raise client_error(req.connection_key, exc) from exc
aiohttp.client_exceptions.ClientConnectorError: Cannot connect to host api.telegram.org:443 ssl:default [Превышен таймаут семафора]

During handling of the above exception, another exception occurred:

Traceback (most recent call last):
  File "C:\Users\User\PycharmProjects\eldosina\.venv\Lib\site-packages\aiogram\dispatcher\dispatcher.py", line 309, in _process_update
    response = await self.feed_update(bot, update, **kwargs)
               ^^^^^^^^^^^^^^^^^^^^^^^^^^^^^^^^^^^^^^^^^^^^^
  File "C:\Users\User\PycharmProjects\eldosina\.venv\Lib\site-packages\aiogram\dispatcher\dispatcher.py", line 158, in feed_update
    response = await self.update.wrap_outer_middleware(
               ^^^^^^^^^^^^^^^^^^^^^^^^^^^^^^^^^^^^^^^^
  File "C:\Users\User\PycharmProjects\eldosina\.venv\Lib\site-packages\aiogram\dispatcher\middlewares\error.py", line 25, in __call__
    return await handler(event, data)
           ^^^^^^^^^^^^^^^^^^^^^^^^^^
  File "C:\Users\User\PycharmProjects\eldosina\.venv\Lib\site-packages\aiogram\dispatcher\middlewares\user_context.py", line 56, in __call__
    return await handler(event, data)
           ^^^^^^^^^^^^^^^^^^^^^^^^^^
  File "C:\Users\User\PycharmProjects\eldosina\.venv\Lib\site-packages\aiogram\fsm\middleware.py", line 42, in __call__
    return await handler(event, data)
           ^^^^^^^^^^^^^^^^^^^^^^^^^^
  File "C:\Users\User\PycharmProjects\eldosina\.venv\Lib\site-packages\aiogram\dispatcher\event\telegram.py", line 121, in trigger
    return await wrapped_inner(event, kwargs)
           ^^^^^^^^^^^^^^^^^^^^^^^^^^^^^^^^^^
  File "C:\Users\User\PycharmProjects\eldosina\.venv\Lib\site-packages\aiogram\dispatcher\event\handler.py", line 43, in call
    return await wrapped()
           ^^^^^^^^^^^^^^^
  File "C:\Users\User\PycharmProjects\eldosina\.venv\Lib\site-packages\aiogram\dispatcher\dispatcher.py", line 276, in _listen_update
    return await self.propagate_event(update_type=update_type, event=event, **kwargs)
           ^^^^^^^^^^^^^^^^^^^^^^^^^^^^^^^^^^^^^^^^^^^^^^^^^^^^^^^^^^^^^^^^^^^^^^^^^^
  File "C:\Users\User\PycharmProjects\eldosina\.venv\Lib\site-packages\aiogram\dispatcher\router.py", line 142, in propagate_event
    return await observer.wrap_outer_middleware(_wrapped, event=event, data=kwargs)
           ^^^^^^^^^^^^^^^^^^^^^^^^^^^^^^^^^^^^^^^^^^^^^^^^^^^^^^^^^^^^^^^^^^^^^^^^
  File "C:\Users\User\PycharmProjects\eldosina\.venv\Lib\site-packages\aiogram\dispatcher\router.py", line 137, in _wrapped
    return await self._propagate_event(
           ^^^^^^^^^^^^^^^^^^^^^^^^^^^^
  File "C:\Users\User\PycharmProjects\eldosina\.venv\Lib\site-packages\aiogram\dispatcher\router.py", line 170, in _propagate_event
    response = await router.propagate_event(update_type=update_type, event=event, **kwargs)
               ^^^^^^^^^^^^^^^^^^^^^^^^^^^^^^^^^^^^^^^^^^^^^^^^^^^^^^^^^^^^^^^^^^^^^^^^^^^^
  File "C:\Users\User\PycharmProjects\eldosina\.venv\Lib\site-packages\aiogram\dispatcher\router.py", line 142, in propagate_event
    return await observer.wrap_outer_middleware(_wrapped, event=event, data=kwargs)
           ^^^^^^^^^^^^^^^^^^^^^^^^^^^^^^^^^^^^^^^^^^^^^^^^^^^^^^^^^^^^^^^^^^^^^^^^
  File "C:\Users\User\PycharmProjects\eldosina\.venv\Lib\site-packages\aiogram\dispatcher\router.py", line 137, in _wrapped
    return await self._propagate_event(
           ^^^^^^^^^^^^^^^^^^^^^^^^^^^^
  File "C:\Users\User\PycharmProjects\eldosina\.venv\Lib\site-packages\aiogram\dispatcher\router.py", line 162, in _propagate_event
    response = await observer.trigger(event, **kwargs)
               ^^^^^^^^^^^^^^^^^^^^^^^^^^^^^^^^^^^^^^^
  File "C:\Users\User\PycharmProjects\eldosina\.venv\Lib\site-packages\aiogram\dispatcher\event\telegram.py", line 121, in trigger
    return await wrapped_inner(event, kwargs)
           ^^^^^^^^^^^^^^^^^^^^^^^^^^^^^^^^^^
  File "C:\Users\User\PycharmProjects\eldosina\.venv\Lib\site-packages\aiogram\dispatcher\event\handler.py", line 43, in call
    return await wrapped()
           ^^^^^^^^^^^^^^^
  File "C:\Users\User\PycharmProjects\eldosina\handlers\start.py", line 85, in cmd_start
    await send_welcome_menu(message)
  File "C:\Users\User\PycharmProjects\eldosina\handlers\start.py", line 59, in send_welcome_menu
    await message.answer(
  File "C:\Users\User\PycharmProjects\eldosina\.venv\Lib\site-packages\aiogram\methods\base.py", line 84, in emit
    return await bot(self)
           ^^^^^^^^^^^^^^^
  File "C:\Users\User\PycharmProjects\eldosina\.venv\Lib\site-packages\aiogram\client\bot.py", line 488, in __call__
    return await self.session(self, method, timeout=request_timeout)
           ^^^^^^^^^^^^^^^^^^^^^^^^^^^^^^^^^^^^^^^^^^^^^^^^^^^^^^^^^
  File "C:\Users\User\PycharmProjects\eldosina\.venv\Lib\site-packages\aiogram\client\session\base.py", line 254, in __call__
    return cast(TelegramType, await middleware(bot, method))
                              ^^^^^^^^^^^^^^^^^^^^^^^^^^^^^
  File "C:\Users\User\PycharmProjects\eldosina\.venv\Lib\site-packages\aiogram\client\session\aiohttp.py", line 188, in make_request
    raise TelegramNetworkError(method=method, message=f"{type(e).__name__}: {e}")
aiogram.exceptions.TelegramNetworkError: HTTP Client says - ClientConnectorError: Cannot connect to host api.telegram.org:443 ssl:default [Превышен таймаут семафора]
2026-01-19 15:53:38,909 - aiogram.event - INFO - Update id=232985214 is not handled. Duration 19328 ms by bot id=8077618081
2026-01-19 15:53:38,909 - aiogram.event - ERROR - Cause exception while process update id=232985214 by bot id=8077618081
TelegramNetworkError: HTTP Client says - ClientConnectorError: Cannot connect to host api.telegram.org:443 ssl:default [Превышен таймаут семафора]
Traceback (most recent call last):
  File "C:\Users\User\PycharmProjects\eldosina\.venv\Lib\site-packages\aiohttp\connector.py", line 1075, in _wrap_create_connection
    return await self._loop.create_connection(*args, **kwargs, sock=sock)
           ^^^^^^^^^^^^^^^^^^^^^^^^^^^^^^^^^^^^^^^^^^^^^^^^^^^^^^^^^^^^^^
  File "C:\Users\User\AppData\Local\Programs\Python\Python312\Lib\asyncio\base_events.py", line 1148, in create_connection
    transport, protocol = await self._create_connection_transport(
                          ^^^^^^^^^^^^^^^^^^^^^^^^^^^^^^^^^^^^^^^^
  File "C:\Users\User\AppData\Local\Programs\Python\Python312\Lib\asyncio\base_events.py", line 1181, in _create_connection_transport
    await waiter
  File "C:\Users\User\AppData\Local\Programs\Python\Python312\Lib\asyncio\proactor_events.py", line 286, in _loop_reading
    length = fut.result()
             ^^^^^^^^^^^^
  File "C:\Users\User\AppData\Local\Programs\Python\Python312\Lib\asyncio\windows_events.py", line 803, in _poll
    value = callback(transferred, key, ov)
            ^^^^^^^^^^^^^^^^^^^^^^^^^^^^^^
  File "C:\Users\User\AppData\Local\Programs\Python\Python312\Lib\asyncio\windows_events.py", line 462, in finish_socket_func
    return ov.getresult()
           ^^^^^^^^^^^^^^
OSError: [WinError 121] Превышен таймаут семафора

The above exception was the direct cause of the following exception:

Traceback (most recent call last):
  File "C:\Users\User\PycharmProjects\eldosina\.venv\Lib\site-packages\aiogram\client\session\aiohttp.py", line 181, in make_request
    async with session.post(
               ^^^^^^^^^^^^^
  File "C:\Users\User\PycharmProjects\eldosina\.venv\Lib\site-packages\aiohttp\client.py", line 1357, in __aenter__
    self._resp: _RetType = await self._coro
                           ^^^^^^^^^^^^^^^^
  File "C:\Users\User\PycharmProjects\eldosina\.venv\Lib\site-packages\aiohttp\client.py", line 661, in _request
    conn = await self._connector.connect(
           ^^^^^^^^^^^^^^^^^^^^^^^^^^^^^^
  File "C:\Users\User\PycharmProjects\eldosina\.venv\Lib\site-packages\aiohttp\connector.py", line 556, in connect
    proto = await self._create_connection(req, traces, timeout)
            ^^^^^^^^^^^^^^^^^^^^^^^^^^^^^^^^^^^^^^^^^^^^^^^^^^^
  File "C:\Users\User\PycharmProjects\eldosina\.venv\Lib\site-packages\aiohttp\connector.py", line 1009, in _create_connection
    _, proto = await self._create_direct_connection(req, traces, timeout)
               ^^^^^^^^^^^^^^^^^^^^^^^^^^^^^^^^^^^^^^^^^^^^^^^^^^^^^^^^^^
  File "C:\Users\User\PycharmProjects\eldosina\.venv\Lib\site-packages\aiohttp\connector.py", line 1343, in _create_direct_connection
    raise last_exc
  File "C:\Users\User\PycharmProjects\eldosina\.venv\Lib\site-packages\aiohttp\connector.py", line 1312, in _create_direct_connection
    transp, proto = await self._wrap_create_connection(
                    ^^^^^^^^^^^^^^^^^^^^^^^^^^^^^^^^^^^
  File "C:\Users\User\PycharmProjects\eldosina\.venv\Lib\site-packages\aiohttp\connector.py", line 1083, in _wrap_create_connection
    raise client_error(req.connection_key, exc) from exc
aiohttp.client_exceptions.ClientConnectorError: Cannot connect to host api.telegram.org:443 ssl:default [Превышен таймаут семафора]

During handling of the above exception, another exception occurred:

Traceback (most recent call last):
  File "C:\Users\User\PycharmProjects\eldosina\.venv\Lib\site-packages\aiogram\dispatcher\dispatcher.py", line 309, in _process_update
    response = await self.feed_update(bot, update, **kwargs)
               ^^^^^^^^^^^^^^^^^^^^^^^^^^^^^^^^^^^^^^^^^^^^^
  File "C:\Users\User\PycharmProjects\eldosina\.venv\Lib\site-packages\aiogram\dispatcher\dispatcher.py", line 158, in feed_update
    response = await self.update.wrap_outer_middleware(
               ^^^^^^^^^^^^^^^^^^^^^^^^^^^^^^^^^^^^^^^^
  File "C:\Users\User\PycharmProjects\eldosina\.venv\Lib\site-packages\aiogram\dispatcher\middlewares\error.py", line 25, in __call__
    return await handler(event, data)
           ^^^^^^^^^^^^^^^^^^^^^^^^^^
  File "C:\Users\User\PycharmProjects\eldosina\.venv\Lib\site-packages\aiogram\dispatcher\middlewares\user_context.py", line 56, in __call__
    return await handler(event, data)
           ^^^^^^^^^^^^^^^^^^^^^^^^^^
  File "C:\Users\User\PycharmProjects\eldosina\.venv\Lib\site-packages\aiogram\fsm\middleware.py", line 42, in __call__
    return await handler(event, data)
           ^^^^^^^^^^^^^^^^^^^^^^^^^^
  File "C:\Users\User\PycharmProjects\eldosina\.venv\Lib\site-packages\aiogram\dispatcher\event\telegram.py", line 121, in trigger
    return await wrapped_inner(event, kwargs)
           ^^^^^^^^^^^^^^^^^^^^^^^^^^^^^^^^^^
  File "C:\Users\User\PycharmProjects\eldosina\.venv\Lib\site-packages\aiogram\dispatcher\event\handler.py", line 43, in call
    return await wrapped()
           ^^^^^^^^^^^^^^^
  File "C:\Users\User\PycharmProjects\eldosina\.venv\Lib\site-packages\aiogram\dispatcher\dispatcher.py", line 276, in _listen_update
    return await self.propagate_event(update_type=update_type, event=event, **kwargs)
           ^^^^^^^^^^^^^^^^^^^^^^^^^^^^^^^^^^^^^^^^^^^^^^^^^^^^^^^^^^^^^^^^^^^^^^^^^^
  File "C:\Users\User\PycharmProjects\eldosina\.venv\Lib\site-packages\aiogram\dispatcher\router.py", line 142, in propagate_event
    return await observer.wrap_outer_middleware(_wrapped, event=event, data=kwargs)
           ^^^^^^^^^^^^^^^^^^^^^^^^^^^^^^^^^^^^^^^^^^^^^^^^^^^^^^^^^^^^^^^^^^^^^^^^
  File "C:\Users\User\PycharmProjects\eldosina\.venv\Lib\site-packages\aiogram\dispatcher\router.py", line 137, in _wrapped
    return await self._propagate_event(
           ^^^^^^^^^^^^^^^^^^^^^^^^^^^^
  File "C:\Users\User\PycharmProjects\eldosina\.venv\Lib\site-packages\aiogram\dispatcher\router.py", line 170, in _propagate_event
    response = await router.propagate_event(update_type=update_type, event=event, **kwargs)
               ^^^^^^^^^^^^^^^^^^^^^^^^^^^^^^^^^^^^^^^^^^^^^^^^^^^^^^^^^^^^^^^^^^^^^^^^^^^^
  File "C:\Users\User\PycharmProjects\eldosina\.venv\Lib\site-packages\aiogram\dispatcher\router.py", line 142, in propagate_event
    return await observer.wrap_outer_middleware(_wrapped, event=event, data=kwargs)
           ^^^^^^^^^^^^^^^^^^^^^^^^^^^^^^^^^^^^^^^^^^^^^^^^^^^^^^^^^^^^^^^^^^^^^^^^
  File "C:\Users\User\PycharmProjects\eldosina\.venv\Lib\site-packages\aiogram\dispatcher\router.py", line 137, in _wrapped
    return await self._propagate_event(
           ^^^^^^^^^^^^^^^^^^^^^^^^^^^^
  File "C:\Users\User\PycharmProjects\eldosina\.venv\Lib\site-packages\aiogram\dispatcher\router.py", line 162, in _propagate_event
    response = await observer.trigger(event, **kwargs)
               ^^^^^^^^^^^^^^^^^^^^^^^^^^^^^^^^^^^^^^^
  File "C:\Users\User\PycharmProjects\eldosina\.venv\Lib\site-packages\aiogram\dispatcher\event\telegram.py", line 121, in trigger
    return await wrapped_inner(event, kwargs)
           ^^^^^^^^^^^^^^^^^^^^^^^^^^^^^^^^^^
  File "C:\Users\User\PycharmProjects\eldosina\.venv\Lib\site-packages\aiogram\dispatcher\event\handler.py", line 43, in call
    return await wrapped()
           ^^^^^^^^^^^^^^^
  File "C:\Users\User\PycharmProjects\eldosina\handlers\start.py", line 85, in cmd_start
    await send_welcome_menu(message)
  File "C:\Users\User\PycharmProjects\eldosina\handlers\start.py", line 59, in send_welcome_menu
    await message.answer(
  File "C:\Users\User\PycharmProjects\eldosina\.venv\Lib\site-packages\aiogram\methods\base.py", line 84, in emit
    return await bot(self)
           ^^^^^^^^^^^^^^^
  File "C:\Users\User\PycharmProjects\eldosina\.venv\Lib\site-packages\aiogram\client\bot.py", line 488, in __call__
    return await self.session(self, method, timeout=request_timeout)
           ^^^^^^^^^^^^^^^^^^^^^^^^^^^^^^^^^^^^^^^^^^^^^^^^^^^^^^^^^
  File "C:\Users\User\PycharmProjects\eldosina\.venv\Lib\site-packages\aiogram\client\session\base.py", line 254, in __call__
    return cast(TelegramType, await middleware(bot, method))
                              ^^^^^^^^^^^^^^^^^^^^^^^^^^^^^
  File "C:\Users\User\PycharmProjects\eldosina\.venv\Lib\site-packages\aiogram\client\session\aiohttp.py", line 188, in make_request
    raise TelegramNetworkError(method=method, message=f"{type(e).__name__}: {e}")
aiogram.exceptions.TelegramNetworkError: HTTP Client says - ClientConnectorError: Cannot connect to host api.telegram.org:443 ssl:default [Превышен таймаут семафора]
2026-01-19 15:54:57,450 - aiogram.dispatcher - INFO - Polling stopped
2026-01-19 15:54:57,707 - __main__ - INFO - Бот остановлен
2026-01-19 15:55:12,906 - __main__ - INFO - Используется BOT_TOKEN: 8077618081:AAHvfkJ8n... (из .env файла)
2026-01-19 15:55:13,074 - __main__ - INFO - Бот запущен!
2026-01-19 15:55:13,074 - aiogram.dispatcher - INFO - Start polling
2026-01-19 15:55:27,902 - aiogram.dispatcher - INFO - Polling stopped
2026-01-19 15:55:28,164 - __main__ - INFO - Бот остановлен
2026-01-19 15:55:34,036 - __main__ - INFO - Используется BOT_TOKEN: 8077618081:AAHvfkJ8n... (из .env файла)
2026-01-19 15:55:34,209 - __main__ - INFO - Бот запущен!
2026-01-19 15:55:34,209 - aiogram.dispatcher - INFO - Start polling
2026-01-19 15:55:34,805 - aiogram.event - INFO - Update id=232985223 is handled. Duration 297 ms by bot id=8077618081
2026-01-19 15:55:34,833 - aiogram.event - INFO - Update id=232985222 is handled. Duration 342 ms by bot id=8077618081
2026-01-19 15:55:34,853 - aiogram.event - INFO - Update id=232985221 is handled. Duration 358 ms by bot id=8077618081
2026-01-19 15:55:37,116 - aiogram.event - INFO - Update id=232985224 is handled. Duration 110 ms by bot id=8077618081
2026-01-19 15:55:41,968 - aiogram.event - INFO - Update id=232985225 is handled. Duration 375 ms by bot id=8077618081
2026-01-19 15:55:43,659 - aiogram.event - INFO - Update id=232985226 is handled. Duration 296 ms by bot id=8077618081
2026-01-19 15:55:45,147 - aiogram.event - INFO - Update id=232985227 is not handled. Duration 0 ms by bot id=8077618081
2026-01-19 15:55:46,336 - aiogram.event - INFO - Update id=232985228 is not handled. Duration 15 ms by bot id=8077618081
2026-01-19 15:56:02,051 - aiogram.dispatcher - INFO - Polling stopped
2026-01-19 15:56:02,318 - __main__ - INFO - Бот остановлен
2026-01-19 15:57:59,201 - __main__ - INFO - Используется BOT_TOKEN: 8077618081:AAHvfkJ8n... (из .env файла)
2026-01-19 15:57:59,367 - __main__ - INFO - Бот запущен!
2026-01-19 15:57:59,367 - aiogram.dispatcher - INFO - Start polling
2026-01-19 15:58:05,968 - aiogram.dispatcher - INFO - Polling stopped
2026-01-19 15:58:06,232 - __main__ - INFO - Бот остановлен
2026-01-19 15:58:12,640 - __main__ - INFO - Используется BOT_TOKEN: 8077618081:AAHvfkJ8n... (из .env файла)
2026-01-19 15:58:12,809 - __main__ - INFO - Бот запущен!
2026-01-19 15:58:12,810 - aiogram.dispatcher - INFO - Start polling
2026-01-19 15:58:13,323 - aiogram.event - INFO - Update id=232985229 is handled. Duration 234 ms by bot id=8077618081
2026-01-19 15:58:15,906 - aiogram.event - INFO - Update id=232985230 is handled. Duration 94 ms by bot id=8077618081
2026-01-19 15:58:18,078 - aiogram.event - INFO - Update id=232985231 is handled. Duration 186 ms by bot id=8077618081
2026-01-19 15:58:19,532 - aiogram.event - INFO - Update id=232985232 is handled. Duration 469 ms by bot id=8077618081
2026-01-19 15:58:21,244 - aiogram.event - INFO - Update id=232985233 is handled. Duration 157 ms by bot id=8077618081
2026-01-19 15:58:23,917 - aiogram.event - INFO - Update id=232985234 is handled. Duration 188 ms by bot id=8077618081
2026-01-19 15:58:26,047 - aiogram.event - INFO - Update id=232985235 is handled. Duration 109 ms by bot id=8077618081
2026-01-19 15:58:28,674 - aiogram.event - INFO - Update id=232985236 is handled. Duration 109 ms by bot id=8077618081
2026-01-19 15:58:32,995 - aiogram.event - INFO - Update id=232985237 is handled. Duration 328 ms by bot id=8077618081
2026-01-19 15:58:34,429 - aiogram.event - INFO - Update id=232985238 is handled. Duration 94 ms by bot id=8077618081
2026-01-19 15:58:37,151 - aiogram.event - INFO - Update id=232985239 is handled. Duration 94 ms by bot id=8077618081
2026-01-19 15:58:41,232 - aiogram.event - INFO - Update id=232985240 is handled. Duration 405 ms by bot id=8077618081
2026-01-19 15:58:42,487 - aiogram.event - INFO - Update id=232985241 is handled. Duration 78 ms by bot id=8077618081
2026-01-19 15:58:43,615 - aiogram.event - INFO - Update id=232985242 is handled. Duration 94 ms by bot id=8077618081
2026-01-19 15:58:47,393 - aiogram.event - INFO - Update id=232985243 is handled. Duration 155 ms by bot id=8077618081
2026-01-19 15:59:04,931 - aiogram.event - INFO - Update id=232985244 is handled. Duration 265 ms by bot id=8077618081
2026-01-19 15:59:06,581 - aiogram.event - INFO - Update id=232985245 is handled. Duration 234 ms by bot id=8077618081
2026-01-19 15:59:08,249 - aiogram.event - INFO - Update id=232985246 is handled. Duration 171 ms by bot id=8077618081
2026-01-19 15:59:08,907 - aiogram.event - INFO - Update id=232985247 is not handled. Duration 15 ms by bot id=8077618081
2026-01-19 15:59:10,204 - aiogram.event - INFO - Update id=232985248 is not handled. Duration 15 ms by bot id=8077618081
2026-01-19 15:59:13,736 - aiogram.event - INFO - Update id=232985249 is not handled. Duration 16 ms by bot id=8077618081
2026-01-19 15:59:16,577 - aiogram.event - INFO - Update id=232985250 is handled. Duration 484 ms by bot id=8077618081
2026-01-19 15:59:20,135 - aiogram.event - INFO - Update id=232985251 is handled. Duration 155 ms by bot id=8077618081
2026-01-19 15:59:21,948 - aiogram.event - INFO - Update id=232985252 is not handled. Duration 0 ms by bot id=8077618081
2026-01-19 16:00:23,807 - aiogram.dispatcher - INFO - Polling stopped
2026-01-19 16:00:24,088 - __main__ - INFO - Бот остановлен
2026-01-19 16:01:30,142 - __main__ - INFO - Используется BOT_TOKEN: 8077618081:AAHvfkJ8n... (из .env файла)
2026-01-19 16:01:30,315 - __main__ - INFO - Бот запущен!
2026-01-19 16:01:30,315 - aiogram.dispatcher - INFO - Start polling
2026-01-19 16:01:36,933 - aiogram.event - INFO - Update id=232985253 is not handled. Duration 0 ms by bot id=8077618081
2026-01-19 16:01:41,292 - aiogram.event - INFO - Update id=232985254 is handled. Duration 250 ms by bot id=8077618081
2026-01-19 16:01:44,944 - aiogram.event - INFO - Update id=232985255 is handled. Duration 188 ms by bot id=8077618081
2026-01-19 16:01:46,548 - aiogram.event - INFO - Update id=232985256 is handled. Duration 219 ms by bot id=8077618081
2026-01-19 16:01:48,014 - aiogram.event - INFO - Update id=232985257 is not handled. Duration 16 ms by bot id=8077618081
2026-01-19 16:01:49,772 - aiogram.event - INFO - Update id=232985258 is not handled. Duration 0 ms by bot id=8077618081
2026-01-19 16:01:50,148 - aiogram.event - INFO - Update id=232985259 is handled. Duration 125 ms by bot id=8077618081
2026-01-19 16:01:51,407 - aiogram.event - INFO - Update id=232985260 is handled. Duration 438 ms by bot id=8077618081
2026-01-19 16:01:51,793 - aiogram.event - INFO - Update id=232985261 is handled. Duration 203 ms by bot id=8077618081
2026-01-19 16:01:53,069 - aiogram.event - INFO - Update id=232985262 is handled. Duration 296 ms by bot id=8077618081
2026-01-19 16:01:57,278 - aiogram.dispatcher - INFO - Polling stopped
2026-01-19 16:01:57,566 - __main__ - INFO - Бот остановлен
2026-01-19 16:14:48,840 - __main__ - INFO - Используется BOT_TOKEN: 8077618081:AAHvfkJ8n... (из .env файла)
2026-01-19 16:14:49,019 - __main__ - INFO - Бот запущен!
2026-01-19 16:14:49,019 - aiogram.dispatcher - INFO - Start polling
2026-01-19 16:14:55,233 - aiogram.event - INFO - Update id=232985263 is handled. Duration 328 ms by bot id=8077618081
2026-01-19 16:14:59,395 - aiogram.event - INFO - Update id=232985264 is handled. Duration 125 ms by bot id=8077618081
2026-01-19 16:15:00,883 - aiogram.event - INFO - Update id=232985265 is handled. Duration 171 ms by bot id=8077618081
2026-01-19 16:15:02,847 - aiogram.event - INFO - Update id=232985266 is handled. Duration 390 ms by bot id=8077618081
2026-01-19 16:15:05,164 - aiogram.event - INFO - Update id=232985267 is handled. Duration 109 ms by bot id=8077618081
2026-01-19 16:15:07,719 - aiogram.event - INFO - Update id=232985268 is handled. Duration 702 ms by bot id=8077618081
2026-01-19 16:15:42,561 - aiogram.event - INFO - Update id=232985270 is handled. Duration 280 ms by bot id=8077618081
2026-01-19 16:15:52,700 - aiogram.event - INFO - Update id=232985269 is not handled. Duration 19327 ms by bot id=8077618081
2026-01-19 16:15:52,701 - aiogram.event - ERROR - Cause exception while process update id=232985269 by bot id=8077618081
TelegramNetworkError: HTTP Client says - ClientConnectorError: Cannot connect to host api.telegram.org:443 ssl:default [Превышен таймаут семафора]
Traceback (most recent call last):
  File "C:\Users\User\PycharmProjects\eldosina\.venv\Lib\site-packages\aiohttp\connector.py", line 1075, in _wrap_create_connection
    return await self._loop.create_connection(*args, **kwargs, sock=sock)
           ^^^^^^^^^^^^^^^^^^^^^^^^^^^^^^^^^^^^^^^^^^^^^^^^^^^^^^^^^^^^^^
  File "C:\Users\User\AppData\Local\Programs\Python\Python312\Lib\asyncio\base_events.py", line 1148, in create_connection
    transport, protocol = await self._create_connection_transport(
                          ^^^^^^^^^^^^^^^^^^^^^^^^^^^^^^^^^^^^^^^^
  File "C:\Users\User\AppData\Local\Programs\Python\Python312\Lib\asyncio\base_events.py", line 1181, in _create_connection_transport
    await waiter
  File "C:\Users\User\AppData\Local\Programs\Python\Python312\Lib\asyncio\proactor_events.py", line 286, in _loop_reading
    length = fut.result()
             ^^^^^^^^^^^^
  File "C:\Users\User\AppData\Local\Programs\Python\Python312\Lib\asyncio\windows_events.py", line 803, in _poll
    value = callback(transferred, key, ov)
            ^^^^^^^^^^^^^^^^^^^^^^^^^^^^^^
  File "C:\Users\User\AppData\Local\Programs\Python\Python312\Lib\asyncio\windows_events.py", line 462, in finish_socket_func
    return ov.getresult()
           ^^^^^^^^^^^^^^
OSError: [WinError 121] Превышен таймаут семафора

The above exception was the direct cause of the following exception:

Traceback (most recent call last):
  File "C:\Users\User\PycharmProjects\eldosina\.venv\Lib\site-packages\aiogram\client\session\aiohttp.py", line 181, in make_request
    async with session.post(
               ^^^^^^^^^^^^^
  File "C:\Users\User\PycharmProjects\eldosina\.venv\Lib\site-packages\aiohttp\client.py", line 1357, in __aenter__
    self._resp: _RetType = await self._coro
                           ^^^^^^^^^^^^^^^^
  File "C:\Users\User\PycharmProjects\eldosina\.venv\Lib\site-packages\aiohttp\client.py", line 661, in _request
    conn = await self._connector.connect(
           ^^^^^^^^^^^^^^^^^^^^^^^^^^^^^^
  File "C:\Users\User\PycharmProjects\eldosina\.venv\Lib\site-packages\aiohttp\connector.py", line 556, in connect
    proto = await self._create_connection(req, traces, timeout)
            ^^^^^^^^^^^^^^^^^^^^^^^^^^^^^^^^^^^^^^^^^^^^^^^^^^^
  File "C:\Users\User\PycharmProjects\eldosina\.venv\Lib\site-packages\aiohttp\connector.py", line 1009, in _create_connection
    _, proto = await self._create_direct_connection(req, traces, timeout)
               ^^^^^^^^^^^^^^^^^^^^^^^^^^^^^^^^^^^^^^^^^^^^^^^^^^^^^^^^^^
  File "C:\Users\User\PycharmProjects\eldosina\.venv\Lib\site-packages\aiohttp\connector.py", line 1343, in _create_direct_connection
    raise last_exc
  File "C:\Users\User\PycharmProjects\eldosina\.venv\Lib\site-packages\aiohttp\connector.py", line 1312, in _create_direct_connection
    transp, proto = await self._wrap_create_connection(
                    ^^^^^^^^^^^^^^^^^^^^^^^^^^^^^^^^^^^
  File "C:\Users\User\PycharmProjects\eldosina\.venv\Lib\site-packages\aiohttp\connector.py", line 1083, in _wrap_create_connection
    raise client_error(req.connection_key, exc) from exc
aiohttp.client_exceptions.ClientConnectorError: Cannot connect to host api.telegram.org:443 ssl:default [Превышен таймаут семафора]

During handling of the above exception, another exception occurred:

Traceback (most recent call last):
  File "C:\Users\User\PycharmProjects\eldosina\.venv\Lib\site-packages\aiogram\dispatcher\dispatcher.py", line 309, in _process_update
    response = await self.feed_update(bot, update, **kwargs)
               ^^^^^^^^^^^^^^^^^^^^^^^^^^^^^^^^^^^^^^^^^^^^^
  File "C:\Users\User\PycharmProjects\eldosina\.venv\Lib\site-packages\aiogram\dispatcher\dispatcher.py", line 158, in feed_update
    response = await self.update.wrap_outer_middleware(
               ^^^^^^^^^^^^^^^^^^^^^^^^^^^^^^^^^^^^^^^^
  File "C:\Users\User\PycharmProjects\eldosina\.venv\Lib\site-packages\aiogram\dispatcher\middlewares\error.py", line 25, in __call__
    return await handler(event, data)
           ^^^^^^^^^^^^^^^^^^^^^^^^^^
  File "C:\Users\User\PycharmProjects\eldosina\.venv\Lib\site-packages\aiogram\dispatcher\middlewares\user_context.py", line 56, in __call__
    return await handler(event, data)
           ^^^^^^^^^^^^^^^^^^^^^^^^^^
  File "C:\Users\User\PycharmProjects\eldosina\.venv\Lib\site-packages\aiogram\fsm\middleware.py", line 42, in __call__
    return await handler(event, data)
           ^^^^^^^^^^^^^^^^^^^^^^^^^^
  File "C:\Users\User\PycharmProjects\eldosina\.venv\Lib\site-packages\aiogram\dispatcher\event\telegram.py", line 121, in trigger
    return await wrapped_inner(event, kwargs)
           ^^^^^^^^^^^^^^^^^^^^^^^^^^^^^^^^^^
  File "C:\Users\User\PycharmProjects\eldosina\.venv\Lib\site-packages\aiogram\dispatcher\event\handler.py", line 43, in call
    return await wrapped()
           ^^^^^^^^^^^^^^^
  File "C:\Users\User\PycharmProjects\eldosina\.venv\Lib\site-packages\aiogram\dispatcher\dispatcher.py", line 276, in _listen_update
    return await self.propagate_event(update_type=update_type, event=event, **kwargs)
           ^^^^^^^^^^^^^^^^^^^^^^^^^^^^^^^^^^^^^^^^^^^^^^^^^^^^^^^^^^^^^^^^^^^^^^^^^^
  File "C:\Users\User\PycharmProjects\eldosina\.venv\Lib\site-packages\aiogram\dispatcher\router.py", line 142, in propagate_event
    return await observer.wrap_outer_middleware(_wrapped, event=event, data=kwargs)
           ^^^^^^^^^^^^^^^^^^^^^^^^^^^^^^^^^^^^^^^^^^^^^^^^^^^^^^^^^^^^^^^^^^^^^^^^
  File "C:\Users\User\PycharmProjects\eldosina\.venv\Lib\site-packages\aiogram\dispatcher\router.py", line 137, in _wrapped
    return await self._propagate_event(
           ^^^^^^^^^^^^^^^^^^^^^^^^^^^^
  File "C:\Users\User\PycharmProjects\eldosina\.venv\Lib\site-packages\aiogram\dispatcher\router.py", line 170, in _propagate_event
    response = await router.propagate_event(update_type=update_type, event=event, **kwargs)
               ^^^^^^^^^^^^^^^^^^^^^^^^^^^^^^^^^^^^^^^^^^^^^^^^^^^^^^^^^^^^^^^^^^^^^^^^^^^^
  File "C:\Users\User\PycharmProjects\eldosina\.venv\Lib\site-packages\aiogram\dispatcher\router.py", line 142, in propagate_event
    return await observer.wrap_outer_middleware(_wrapped, event=event, data=kwargs)
           ^^^^^^^^^^^^^^^^^^^^^^^^^^^^^^^^^^^^^^^^^^^^^^^^^^^^^^^^^^^^^^^^^^^^^^^^
  File "C:\Users\User\PycharmProjects\eldosina\.venv\Lib\site-packages\aiogram\dispatcher\router.py", line 137, in _wrapped
    return await self._propagate_event(
           ^^^^^^^^^^^^^^^^^^^^^^^^^^^^
  File "C:\Users\User\PycharmProjects\eldosina\.venv\Lib\site-packages\aiogram\dispatcher\router.py", line 162, in _propagate_event
    response = await observer.trigger(event, **kwargs)
               ^^^^^^^^^^^^^^^^^^^^^^^^^^^^^^^^^^^^^^^
  File "C:\Users\User\PycharmProjects\eldosina\.venv\Lib\site-packages\aiogram\dispatcher\event\telegram.py", line 121, in trigger
    return await wrapped_inner(event, kwargs)
           ^^^^^^^^^^^^^^^^^^^^^^^^^^^^^^^^^^
  File "C:\Users\User\PycharmProjects\eldosina\.venv\Lib\site-packages\aiogram\dispatcher\event\handler.py", line 43, in call
    return await wrapped()
           ^^^^^^^^^^^^^^^
  File "C:\Users\User\PycharmProjects\eldosina\handlers\start.py", line 103, in cmd_start
    await send_welcome_menu(message)
  File "C:\Users\User\PycharmProjects\eldosina\handlers\start.py", line 71, in send_welcome_menu
    await message.answer(
  File "C:\Users\User\PycharmProjects\eldosina\.venv\Lib\site-packages\aiogram\methods\base.py", line 84, in emit
    return await bot(self)
           ^^^^^^^^^^^^^^^
  File "C:\Users\User\PycharmProjects\eldosina\.venv\Lib\site-packages\aiogram\client\bot.py", line 488, in __call__
    return await self.session(self, method, timeout=request_timeout)
           ^^^^^^^^^^^^^^^^^^^^^^^^^^^^^^^^^^^^^^^^^^^^^^^^^^^^^^^^^
  File "C:\Users\User\PycharmProjects\eldosina\.venv\Lib\site-packages\aiogram\client\session\base.py", line 254, in __call__
    return cast(TelegramType, await middleware(bot, method))
                              ^^^^^^^^^^^^^^^^^^^^^^^^^^^^^
  File "C:\Users\User\PycharmProjects\eldosina\.venv\Lib\site-packages\aiogram\client\session\aiohttp.py", line 188, in make_request
    raise TelegramNetworkError(method=method, message=f"{type(e).__name__}: {e}")
aiogram.exceptions.TelegramNetworkError: HTTP Client says - ClientConnectorError: Cannot connect to host api.telegram.org:443 ssl:default [Превышен таймаут семафора]
2026-01-19 16:16:02,449 - aiogram.event - INFO - Update id=232985271 is handled. Duration 344 ms by bot id=8077618081
2026-01-19 16:16:08,314 - aiogram.event - INFO - Update id=232985272 is handled. Duration 155 ms by bot id=8077618081
2026-01-19 16:16:10,872 - aiogram.event - INFO - Update id=232985273 is handled. Duration 688 ms by bot id=8077618081
2026-01-19 16:16:43,670 - aiogram.dispatcher - INFO - Polling stopped
2026-01-19 16:16:43,939 - __main__ - INFO - Бот остановлен
2026-01-19 16:16:57,553 - __main__ - INFO - Используется BOT_TOKEN: 8077618081:AAHvfkJ8n... (из .env файла)
2026-01-19 16:16:57,728 - __main__ - INFO - Бот запущен!
2026-01-19 16:16:57,728 - aiogram.dispatcher - INFO - Start polling
2026-01-19 16:17:01,754 - aiogram.event - INFO - Update id=232985274 is handled. Duration 217 ms by bot id=8077618081
2026-01-19 16:17:08,726 - aiogram.event - INFO - Update id=232985275 is handled. Duration 94 ms by bot id=8077618081
2026-01-19 16:17:17,545 - aiogram.event - INFO - Update id=232985276 is handled. Duration 109 ms by bot id=8077618081
2026-01-19 16:17:18,465 - aiogram.event - INFO - Update id=232985277 is not handled. Duration 46 ms by bot id=8077618081
2026-01-19 16:17:18,466 - aiogram.event - ERROR - Cause exception while process update id=232985277 by bot id=8077618081
TelegramBadRequest: Telegram server says - Bad Request: can't parse entities: Can't find end of the entity starting at byte offset 1107
Traceback (most recent call last):
  File "C:\Users\User\PycharmProjects\eldosina\.venv\Lib\site-packages\aiogram\dispatcher\dispatcher.py", line 309, in _process_update
    response = await self.feed_update(bot, update, **kwargs)
               ^^^^^^^^^^^^^^^^^^^^^^^^^^^^^^^^^^^^^^^^^^^^^
  File "C:\Users\User\PycharmProjects\eldosina\.venv\Lib\site-packages\aiogram\dispatcher\dispatcher.py", line 158, in feed_update
    response = await self.update.wrap_outer_middleware(
               ^^^^^^^^^^^^^^^^^^^^^^^^^^^^^^^^^^^^^^^^
  File "C:\Users\User\PycharmProjects\eldosina\.venv\Lib\site-packages\aiogram\dispatcher\middlewares\error.py", line 25, in __call__
    return await handler(event, data)
           ^^^^^^^^^^^^^^^^^^^^^^^^^^
  File "C:\Users\User\PycharmProjects\eldosina\.venv\Lib\site-packages\aiogram\dispatcher\middlewares\user_context.py", line 56, in __call__
    return await handler(event, data)
           ^^^^^^^^^^^^^^^^^^^^^^^^^^
  File "C:\Users\User\PycharmProjects\eldosina\.venv\Lib\site-packages\aiogram\fsm\middleware.py", line 42, in __call__
    return await handler(event, data)
           ^^^^^^^^^^^^^^^^^^^^^^^^^^
  File "C:\Users\User\PycharmProjects\eldosina\.venv\Lib\site-packages\aiogram\dispatcher\event\telegram.py", line 121, in trigger
    return await wrapped_inner(event, kwargs)
           ^^^^^^^^^^^^^^^^^^^^^^^^^^^^^^^^^^
  File "C:\Users\User\PycharmProjects\eldosina\.venv\Lib\site-packages\aiogram\dispatcher\event\handler.py", line 43, in call
    return await wrapped()
           ^^^^^^^^^^^^^^^
  File "C:\Users\User\PycharmProjects\eldosina\.venv\Lib\site-packages\aiogram\dispatcher\dispatcher.py", line 276, in _listen_update
    return await self.propagate_event(update_type=update_type, event=event, **kwargs)
           ^^^^^^^^^^^^^^^^^^^^^^^^^^^^^^^^^^^^^^^^^^^^^^^^^^^^^^^^^^^^^^^^^^^^^^^^^^
  File "C:\Users\User\PycharmProjects\eldosina\.venv\Lib\site-packages\aiogram\dispatcher\router.py", line 142, in propagate_event
    return await observer.wrap_outer_middleware(_wrapped, event=event, data=kwargs)
           ^^^^^^^^^^^^^^^^^^^^^^^^^^^^^^^^^^^^^^^^^^^^^^^^^^^^^^^^^^^^^^^^^^^^^^^^
  File "C:\Users\User\PycharmProjects\eldosina\.venv\Lib\site-packages\aiogram\dispatcher\router.py", line 137, in _wrapped
    return await self._propagate_event(
           ^^^^^^^^^^^^^^^^^^^^^^^^^^^^
  File "C:\Users\User\PycharmProjects\eldosina\.venv\Lib\site-packages\aiogram\dispatcher\router.py", line 170, in _propagate_event
    response = await router.propagate_event(update_type=update_type, event=event, **kwargs)
               ^^^^^^^^^^^^^^^^^^^^^^^^^^^^^^^^^^^^^^^^^^^^^^^^^^^^^^^^^^^^^^^^^^^^^^^^^^^^
  File "C:\Users\User\PycharmProjects\eldosina\.venv\Lib\site-packages\aiogram\dispatcher\router.py", line 142, in propagate_event
    return await observer.wrap_outer_middleware(_wrapped, event=event, data=kwargs)
           ^^^^^^^^^^^^^^^^^^^^^^^^^^^^^^^^^^^^^^^^^^^^^^^^^^^^^^^^^^^^^^^^^^^^^^^^
  File "C:\Users\User\PycharmProjects\eldosina\.venv\Lib\site-packages\aiogram\dispatcher\router.py", line 137, in _wrapped
    return await self._propagate_event(
           ^^^^^^^^^^^^^^^^^^^^^^^^^^^^
  File "C:\Users\User\PycharmProjects\eldosina\.venv\Lib\site-packages\aiogram\dispatcher\router.py", line 162, in _propagate_event
    response = await observer.trigger(event, **kwargs)
               ^^^^^^^^^^^^^^^^^^^^^^^^^^^^^^^^^^^^^^^
  File "C:\Users\User\PycharmProjects\eldosina\.venv\Lib\site-packages\aiogram\dispatcher\event\telegram.py", line 121, in trigger
    return await wrapped_inner(event, kwargs)
           ^^^^^^^^^^^^^^^^^^^^^^^^^^^^^^^^^^
  File "C:\Users\User\PycharmProjects\eldosina\.venv\Lib\site-packages\aiogram\dispatcher\event\handler.py", line 43, in call
    return await wrapped()
           ^^^^^^^^^^^^^^^
  File "C:\Users\User\PycharmProjects\eldosina\handlers\start.py", line 216, in faq_handler
    await message.answer(faq_text, parse_mode="Markdown", reply_markup=keyboard.as_markup())
  File "C:\Users\User\PycharmProjects\eldosina\.venv\Lib\site-packages\aiogram\methods\base.py", line 84, in emit
    return await bot(self)
           ^^^^^^^^^^^^^^^
  File "C:\Users\User\PycharmProjects\eldosina\.venv\Lib\site-packages\aiogram\client\bot.py", line 488, in __call__
    return await self.session(self, method, timeout=request_timeout)
           ^^^^^^^^^^^^^^^^^^^^^^^^^^^^^^^^^^^^^^^^^^^^^^^^^^^^^^^^^
  File "C:\Users\User\PycharmProjects\eldosina\.venv\Lib\site-packages\aiogram\client\session\base.py", line 254, in __call__
    return cast(TelegramType, await middleware(bot, method))
                              ^^^^^^^^^^^^^^^^^^^^^^^^^^^^^
  File "C:\Users\User\PycharmProjects\eldosina\.venv\Lib\site-packages\aiogram\client\session\aiohttp.py", line 189, in make_request
    response = self.check_response(
               ^^^^^^^^^^^^^^^^^^^^
  File "C:\Users\User\PycharmProjects\eldosina\.venv\Lib\site-packages\aiogram\client\session\base.py", line 120, in check_response
    raise TelegramBadRequest(method=method, message=description)
aiogram.exceptions.TelegramBadRequest: Telegram server says - Bad Request: can't parse entities: Can't find end of the entity starting at byte offset 1107
2026-01-19 16:17:20,199 - aiogram.event - INFO - Update id=232985278 is handled. Duration 125 ms by bot id=8077618081
2026-01-19 16:17:21,092 - aiogram.event - INFO - Update id=232985279 is handled. Duration 125 ms by bot id=8077618081
2026-01-19 16:17:22,943 - aiogram.event - INFO - Update id=232985280 is handled. Duration 125 ms by bot id=8077618081
2026-01-19 16:17:24,121 - aiogram.event - INFO - Update id=232985281 is handled. Duration 94 ms by bot id=8077618081
2026-01-19 16:17:25,666 - aiogram.event - INFO - Update id=232985282 is handled. Duration 109 ms by bot id=8077618081
2026-01-19 16:32:51,899 - aiogram.dispatcher - ERROR - Failed to fetch updates - TelegramNetworkError: HTTP Client says - ClientConnectorError: Cannot connect to host api.telegram.org:443 ssl:default [Превышен таймаут семафора]
2026-01-19 16:32:51,900 - aiogram.dispatcher - WARNING - Sleep for 1.000000 seconds and try again... (tryings = 0, bot id = 8077618081)
2026-01-19 16:33:03,093 - aiogram.dispatcher - INFO - Connection established (tryings = 1, bot id = 8077618081)
2026-01-19 16:38:24,044 - aiogram.dispatcher - INFO - Polling stopped
2026-01-19 16:38:24,309 - __main__ - INFO - Бот остановлен
2026-01-19 16:38:36,369 - __main__ - INFO - Используется BOT_TOKEN: 8077618081:AAHvfkJ8n... (из .env файла)
2026-01-19 16:38:36,541 - __main__ - INFO - Бот запущен!
2026-01-19 16:38:36,542 - aiogram.dispatcher - INFO - Start polling
2026-01-19 16:38:51,507 - aiogram.dispatcher - INFO - Polling stopped
2026-01-19 16:38:51,767 - aiogram.event - INFO - Update id=232985284 is not handled. Duration 2750 ms by bot id=8077618081
2026-01-19 16:38:51,767 - aiogram.event - INFO - Update id=232985283 is not handled. Duration 5250 ms by bot id=8077618081
2026-01-19 16:38:51,775 - __main__ - INFO - Бот остановлен
2026-01-19 16:38:59,506 - __main__ - INFO - Используется BOT_TOKEN: 8077618081:AAHvfkJ8n... (из .env файла)
2026-01-19 16:38:59,675 - __main__ - INFO - Бот запущен!
2026-01-19 16:38:59,676 - aiogram.dispatcher - INFO - Start polling
2026-01-19 16:39:03,447 - aiogram.event - INFO - Update id=232985286 is handled. Duration 390 ms by bot id=8077618081
2026-01-19 16:39:06,514 - aiogram.event - INFO - Update id=232985287 is not handled. Duration 155 ms by bot id=8077618081
2026-01-19 16:39:08,734 - aiogram.event - INFO - Update id=232985288 is handled. Duration 141 ms by bot id=8077618081
2026-01-19 16:39:10,123 - aiogram.event - INFO - Update id=232985289 is not handled. Duration 155 ms by bot id=8077618081
2026-01-19 16:39:11,449 - aiogram.event - INFO - Update id=232985290 is handled. Duration 140 ms by bot id=8077618081
2026-01-19 16:39:14,397 - aiogram.event - INFO - Update id=232985291 is not handled. Duration 578 ms by bot id=8077618081
2026-01-19 16:39:16,097 - aiogram.event - INFO - Update id=232985292 is handled. Duration 94 ms by bot id=8077618081
2026-01-19 16:39:17,439 - aiogram.event - INFO - Update id=232985293 is not handled. Duration 155 ms by bot id=8077618081
2026-01-19 16:39:18,576 - aiogram.event - INFO - Update id=232985294 is handled. Duration 92 ms by bot id=8077618081
2026-01-19 16:39:20,068 - aiogram.event - INFO - Update id=232985295 is handled. Duration 250 ms by bot id=8077618081
2026-01-19 16:39:21,396 - aiogram.event - INFO - Update id=232985285 is not handled. Duration 19344 ms by bot id=8077618081
2026-01-19 16:39:21,396 - aiogram.event - ERROR - Cause exception while process update id=232985285 by bot id=8077618081
TelegramNetworkError: HTTP Client says - ClientConnectorError: Cannot connect to host api.telegram.org:443 ssl:default [Превышен таймаут семафора]
Traceback (most recent call last):
  File "C:\Users\User\PycharmProjects\eldosina\.venv\Lib\site-packages\aiohttp\connector.py", line 1075, in _wrap_create_connection
    return await self._loop.create_connection(*args, **kwargs, sock=sock)
           ^^^^^^^^^^^^^^^^^^^^^^^^^^^^^^^^^^^^^^^^^^^^^^^^^^^^^^^^^^^^^^
  File "C:\Users\User\AppData\Local\Programs\Python\Python312\Lib\asyncio\base_events.py", line 1148, in create_connection
    transport, protocol = await self._create_connection_transport(
                          ^^^^^^^^^^^^^^^^^^^^^^^^^^^^^^^^^^^^^^^^
  File "C:\Users\User\AppData\Local\Programs\Python\Python312\Lib\asyncio\base_events.py", line 1181, in _create_connection_transport
    await waiter
  File "C:\Users\User\AppData\Local\Programs\Python\Python312\Lib\asyncio\proactor_events.py", line 286, in _loop_reading
    length = fut.result()
             ^^^^^^^^^^^^
  File "C:\Users\User\AppData\Local\Programs\Python\Python312\Lib\asyncio\windows_events.py", line 803, in _poll
    value = callback(transferred, key, ov)
            ^^^^^^^^^^^^^^^^^^^^^^^^^^^^^^
  File "C:\Users\User\AppData\Local\Programs\Python\Python312\Lib\asyncio\windows_events.py", line 462, in finish_socket_func
    return ov.getresult()
           ^^^^^^^^^^^^^^
OSError: [WinError 121] Превышен таймаут семафора

The above exception was the direct cause of the following exception:

Traceback (most recent call last):
  File "C:\Users\User\PycharmProjects\eldosina\.venv\Lib\site-packages\aiogram\client\session\aiohttp.py", line 181, in make_request
    async with session.post(
               ^^^^^^^^^^^^^
  File "C:\Users\User\PycharmProjects\eldosina\.venv\Lib\site-packages\aiohttp\client.py", line 1357, in __aenter__
    self._resp: _RetType = await self._coro
                           ^^^^^^^^^^^^^^^^
  File "C:\Users\User\PycharmProjects\eldosina\.venv\Lib\site-packages\aiohttp\client.py", line 661, in _request
    conn = await self._connector.connect(
           ^^^^^^^^^^^^^^^^^^^^^^^^^^^^^^
  File "C:\Users\User\PycharmProjects\eldosina\.venv\Lib\site-packages\aiohttp\connector.py", line 556, in connect
    proto = await self._create_connection(req, traces, timeout)
            ^^^^^^^^^^^^^^^^^^^^^^^^^^^^^^^^^^^^^^^^^^^^^^^^^^^
  File "C:\Users\User\PycharmProjects\eldosina\.venv\Lib\site-packages\aiohttp\connector.py", line 1009, in _create_connection
    _, proto = await self._create_direct_connection(req, traces, timeout)
               ^^^^^^^^^^^^^^^^^^^^^^^^^^^^^^^^^^^^^^^^^^^^^^^^^^^^^^^^^^
  File "C:\Users\User\PycharmProjects\eldosina\.venv\Lib\site-packages\aiohttp\connector.py", line 1343, in _create_direct_connection
    raise last_exc
  File "C:\Users\User\PycharmProjects\eldosina\.venv\Lib\site-packages\aiohttp\connector.py", line 1312, in _create_direct_connection
    transp, proto = await self._wrap_create_connection(
                    ^^^^^^^^^^^^^^^^^^^^^^^^^^^^^^^^^^^
  File "C:\Users\User\PycharmProjects\eldosina\.venv\Lib\site-packages\aiohttp\connector.py", line 1083, in _wrap_create_connection
    raise client_error(req.connection_key, exc) from exc
aiohttp.client_exceptions.ClientConnectorError: Cannot connect to host api.telegram.org:443 ssl:default [Превышен таймаут семафора]

During handling of the above exception, another exception occurred:

Traceback (most recent call last):
  File "C:\Users\User\PycharmProjects\eldosina\.venv\Lib\site-packages\aiogram\dispatcher\dispatcher.py", line 309, in _process_update
    response = await self.feed_update(bot, update, **kwargs)
               ^^^^^^^^^^^^^^^^^^^^^^^^^^^^^^^^^^^^^^^^^^^^^
  File "C:\Users\User\PycharmProjects\eldosina\.venv\Lib\site-packages\aiogram\dispatcher\dispatcher.py", line 158, in feed_update
    response = await self.update.wrap_outer_middleware(
               ^^^^^^^^^^^^^^^^^^^^^^^^^^^^^^^^^^^^^^^^
  File "C:\Users\User\PycharmProjects\eldosina\.venv\Lib\site-packages\aiogram\dispatcher\middlewares\error.py", line 25, in __call__
    return await handler(event, data)
           ^^^^^^^^^^^^^^^^^^^^^^^^^^
  File "C:\Users\User\PycharmProjects\eldosina\.venv\Lib\site-packages\aiogram\dispatcher\middlewares\user_context.py", line 56, in __call__
    return await handler(event, data)
           ^^^^^^^^^^^^^^^^^^^^^^^^^^
  File "C:\Users\User\PycharmProjects\eldosina\.venv\Lib\site-packages\aiogram\fsm\middleware.py", line 42, in __call__
    return await handler(event, data)
           ^^^^^^^^^^^^^^^^^^^^^^^^^^
  File "C:\Users\User\PycharmProjects\eldosina\.venv\Lib\site-packages\aiogram\dispatcher\event\telegram.py", line 121, in trigger
    return await wrapped_inner(event, kwargs)
           ^^^^^^^^^^^^^^^^^^^^^^^^^^^^^^^^^^
  File "C:\Users\User\PycharmProjects\eldosina\.venv\Lib\site-packages\aiogram\dispatcher\event\handler.py", line 43, in call
    return await wrapped()
           ^^^^^^^^^^^^^^^
  File "C:\Users\User\PycharmProjects\eldosina\.venv\Lib\site-packages\aiogram\dispatcher\dispatcher.py", line 276, in _listen_update
    return await self.propagate_event(update_type=update_type, event=event, **kwargs)
           ^^^^^^^^^^^^^^^^^^^^^^^^^^^^^^^^^^^^^^^^^^^^^^^^^^^^^^^^^^^^^^^^^^^^^^^^^^
  File "C:\Users\User\PycharmProjects\eldosina\.venv\Lib\site-packages\aiogram\dispatcher\router.py", line 142, in propagate_event
    return await observer.wrap_outer_middleware(_wrapped, event=event, data=kwargs)
           ^^^^^^^^^^^^^^^^^^^^^^^^^^^^^^^^^^^^^^^^^^^^^^^^^^^^^^^^^^^^^^^^^^^^^^^^
  File "C:\Users\User\PycharmProjects\eldosina\.venv\Lib\site-packages\aiogram\dispatcher\router.py", line 137, in _wrapped
    return await self._propagate_event(
           ^^^^^^^^^^^^^^^^^^^^^^^^^^^^
  File "C:\Users\User\PycharmProjects\eldosina\.venv\Lib\site-packages\aiogram\dispatcher\router.py", line 170, in _propagate_event
    response = await router.propagate_event(update_type=update_type, event=event, **kwargs)
               ^^^^^^^^^^^^^^^^^^^^^^^^^^^^^^^^^^^^^^^^^^^^^^^^^^^^^^^^^^^^^^^^^^^^^^^^^^^^
  File "C:\Users\User\PycharmProjects\eldosina\.venv\Lib\site-packages\aiogram\dispatcher\router.py", line 142, in propagate_event
    return await observer.wrap_outer_middleware(_wrapped, event=event, data=kwargs)
           ^^^^^^^^^^^^^^^^^^^^^^^^^^^^^^^^^^^^^^^^^^^^^^^^^^^^^^^^^^^^^^^^^^^^^^^^
  File "C:\Users\User\PycharmProjects\eldosina\.venv\Lib\site-packages\aiogram\dispatcher\router.py", line 137, in _wrapped
    return await self._propagate_event(
           ^^^^^^^^^^^^^^^^^^^^^^^^^^^^
  File "C:\Users\User\PycharmProjects\eldosina\.venv\Lib\site-packages\aiogram\dispatcher\router.py", line 162, in _propagate_event
    response = await observer.trigger(event, **kwargs)
               ^^^^^^^^^^^^^^^^^^^^^^^^^^^^^^^^^^^^^^^
  File "C:\Users\User\PycharmProjects\eldosina\.venv\Lib\site-packages\aiogram\dispatcher\event\telegram.py", line 121, in trigger
    return await wrapped_inner(event, kwargs)
           ^^^^^^^^^^^^^^^^^^^^^^^^^^^^^^^^^^
  File "C:\Users\User\PycharmProjects\eldosina\.venv\Lib\site-packages\aiogram\dispatcher\event\handler.py", line 43, in call
    return await wrapped()
           ^^^^^^^^^^^^^^^
  File "C:\Users\User\PycharmProjects\eldosina\handlers\start.py", line 96, in cmd_start
    await send_welcome_menu(message)
  File "C:\Users\User\PycharmProjects\eldosina\handlers\start.py", line 71, in send_welcome_menu
    await message.answer(
  File "C:\Users\User\PycharmProjects\eldosina\.venv\Lib\site-packages\aiogram\methods\base.py", line 84, in emit
    return await bot(self)
           ^^^^^^^^^^^^^^^
  File "C:\Users\User\PycharmProjects\eldosina\.venv\Lib\site-packages\aiogram\client\bot.py", line 488, in __call__
    return await self.session(self, method, timeout=request_timeout)
           ^^^^^^^^^^^^^^^^^^^^^^^^^^^^^^^^^^^^^^^^^^^^^^^^^^^^^^^^^
  File "C:\Users\User\PycharmProjects\eldosina\.venv\Lib\site-packages\aiogram\client\session\base.py", line 254, in __call__
    return cast(TelegramType, await middleware(bot, method))
                              ^^^^^^^^^^^^^^^^^^^^^^^^^^^^^
  File "C:\Users\User\PycharmProjects\eldosina\.venv\Lib\site-packages\aiogram\client\session\aiohttp.py", line 188, in make_request
    raise TelegramNetworkError(method=method, message=f"{type(e).__name__}: {e}")
aiogram.exceptions.TelegramNetworkError: HTTP Client says - ClientConnectorError: Cannot connect to host api.telegram.org:443 ssl:default [Превышен таймаут семафора]
2026-01-19 16:39:23,806 - aiogram.event - INFO - Update id=232985296 is handled. Duration 515 ms by bot id=8077618081
2026-01-19 16:39:26,112 - aiogram.event - INFO - Update id=232985297 is not handled. Duration 485 ms by bot id=8077618081
2026-01-19 16:39:28,046 - aiogram.event - INFO - Update id=232985298 is handled. Duration 155 ms by bot id=8077618081
2026-01-19 16:39:29,877 - aiogram.event - INFO - Update id=232985299 is not handled. Duration 186 ms by bot id=8077618081
2026-01-19 16:39:31,222 - aiogram.event - INFO - Update id=232985300 is handled. Duration 94 ms by bot id=8077618081
2026-01-19 16:39:35,079 - aiogram.event - INFO - Update id=232985301 is not handled. Duration 61 ms by bot id=8077618081
2026-01-19 16:39:35,079 - aiogram.event - ERROR - Cause exception while process update id=232985301 by bot id=8077618081
TelegramBadRequest: Telegram server says - Bad Request: can't parse entities: Can't find end of the entity starting at byte offset 1107
Traceback (most recent call last):
  File "C:\Users\User\PycharmProjects\eldosina\.venv\Lib\site-packages\aiogram\dispatcher\dispatcher.py", line 309, in _process_update
    response = await self.feed_update(bot, update, **kwargs)
               ^^^^^^^^^^^^^^^^^^^^^^^^^^^^^^^^^^^^^^^^^^^^^
  File "C:\Users\User\PycharmProjects\eldosina\.venv\Lib\site-packages\aiogram\dispatcher\dispatcher.py", line 158, in feed_update
    response = await self.update.wrap_outer_middleware(
               ^^^^^^^^^^^^^^^^^^^^^^^^^^^^^^^^^^^^^^^^
  File "C:\Users\User\PycharmProjects\eldosina\.venv\Lib\site-packages\aiogram\dispatcher\middlewares\error.py", line 25, in __call__
    return await handler(event, data)
           ^^^^^^^^^^^^^^^^^^^^^^^^^^
  File "C:\Users\User\PycharmProjects\eldosina\.venv\Lib\site-packages\aiogram\dispatcher\middlewares\user_context.py", line 56, in __call__
    return await handler(event, data)
           ^^^^^^^^^^^^^^^^^^^^^^^^^^
  File "C:\Users\User\PycharmProjects\eldosina\.venv\Lib\site-packages\aiogram\fsm\middleware.py", line 42, in __call__
    return await handler(event, data)
           ^^^^^^^^^^^^^^^^^^^^^^^^^^
  File "C:\Users\User\PycharmProjects\eldosina\.venv\Lib\site-packages\aiogram\dispatcher\event\telegram.py", line 121, in trigger
    return await wrapped_inner(event, kwargs)
           ^^^^^^^^^^^^^^^^^^^^^^^^^^^^^^^^^^
  File "C:\Users\User\PycharmProjects\eldosina\.venv\Lib\site-packages\aiogram\dispatcher\event\handler.py", line 43, in call
    return await wrapped()
           ^^^^^^^^^^^^^^^
  File "C:\Users\User\PycharmProjects\eldosina\.venv\Lib\site-packages\aiogram\dispatcher\dispatcher.py", line 276, in _listen_update
    return await self.propagate_event(update_type=update_type, event=event, **kwargs)
           ^^^^^^^^^^^^^^^^^^^^^^^^^^^^^^^^^^^^^^^^^^^^^^^^^^^^^^^^^^^^^^^^^^^^^^^^^^
  File "C:\Users\User\PycharmProjects\eldosina\.venv\Lib\site-packages\aiogram\dispatcher\router.py", line 142, in propagate_event
    return await observer.wrap_outer_middleware(_wrapped, event=event, data=kwargs)
           ^^^^^^^^^^^^^^^^^^^^^^^^^^^^^^^^^^^^^^^^^^^^^^^^^^^^^^^^^^^^^^^^^^^^^^^^
  File "C:\Users\User\PycharmProjects\eldosina\.venv\Lib\site-packages\aiogram\dispatcher\router.py", line 137, in _wrapped
    return await self._propagate_event(
           ^^^^^^^^^^^^^^^^^^^^^^^^^^^^
  File "C:\Users\User\PycharmProjects\eldosina\.venv\Lib\site-packages\aiogram\dispatcher\router.py", line 170, in _propagate_event
    response = await router.propagate_event(update_type=update_type, event=event, **kwargs)
               ^^^^^^^^^^^^^^^^^^^^^^^^^^^^^^^^^^^^^^^^^^^^^^^^^^^^^^^^^^^^^^^^^^^^^^^^^^^^
  File "C:\Users\User\PycharmProjects\eldosina\.venv\Lib\site-packages\aiogram\dispatcher\router.py", line 142, in propagate_event
    return await observer.wrap_outer_middleware(_wrapped, event=event, data=kwargs)
           ^^^^^^^^^^^^^^^^^^^^^^^^^^^^^^^^^^^^^^^^^^^^^^^^^^^^^^^^^^^^^^^^^^^^^^^^
  File "C:\Users\User\PycharmProjects\eldosina\.venv\Lib\site-packages\aiogram\dispatcher\router.py", line 137, in _wrapped
    return await self._propagate_event(
           ^^^^^^^^^^^^^^^^^^^^^^^^^^^^
  File "C:\Users\User\PycharmProjects\eldosina\.venv\Lib\site-packages\aiogram\dispatcher\router.py", line 162, in _propagate_event
    response = await observer.trigger(event, **kwargs)
               ^^^^^^^^^^^^^^^^^^^^^^^^^^^^^^^^^^^^^^^
  File "C:\Users\User\PycharmProjects\eldosina\.venv\Lib\site-packages\aiogram\dispatcher\event\telegram.py", line 121, in trigger
    return await wrapped_inner(event, kwargs)
           ^^^^^^^^^^^^^^^^^^^^^^^^^^^^^^^^^^
  File "C:\Users\User\PycharmProjects\eldosina\.venv\Lib\site-packages\aiogram\dispatcher\event\handler.py", line 43, in call
    return await wrapped()
           ^^^^^^^^^^^^^^^
  File "C:\Users\User\PycharmProjects\eldosina\handlers\start.py", line 216, in faq_handler
    await message.answer(faq_text, parse_mode="Markdown", reply_markup=keyboard.as_markup())
  File "C:\Users\User\PycharmProjects\eldosina\.venv\Lib\site-packages\aiogram\methods\base.py", line 84, in emit
    return await bot(self)
           ^^^^^^^^^^^^^^^
  File "C:\Users\User\PycharmProjects\eldosina\.venv\Lib\site-packages\aiogram\client\bot.py", line 488, in __call__
    return await self.session(self, method, timeout=request_timeout)
           ^^^^^^^^^^^^^^^^^^^^^^^^^^^^^^^^^^^^^^^^^^^^^^^^^^^^^^^^^
  File "C:\Users\User\PycharmProjects\eldosina\.venv\Lib\site-packages\aiogram\client\session\base.py", line 254, in __call__
    return cast(TelegramType, await middleware(bot, method))
                              ^^^^^^^^^^^^^^^^^^^^^^^^^^^^^
  File "C:\Users\User\PycharmProjects\eldosina\.venv\Lib\site-packages\aiogram\client\session\aiohttp.py", line 189, in make_request
    response = self.check_response(
               ^^^^^^^^^^^^^^^^^^^^
  File "C:\Users\User\PycharmProjects\eldosina\.venv\Lib\site-packages\aiogram\client\session\base.py", line 120, in check_response
    raise TelegramBadRequest(method=method, message=description)
aiogram.exceptions.TelegramBadRequest: Telegram server says - Bad Request: can't parse entities: Can't find end of the entity starting at byte offset 1107
2026-01-19 16:39:42,365 - aiogram.event - INFO - Update id=232985302 is handled. Duration 110 ms by bot id=8077618081
2026-01-19 16:40:37,982 - aiogram.dispatcher - INFO - Polling stopped
2026-01-19 16:40:38,247 - __main__ - INFO - Бот остановлен
2026-01-19 16:41:48,213 - __main__ - INFO - Используется BOT_TOKEN: 8077618081:AAHvfkJ8n... (из .env файла)
2026-01-19 16:41:48,393 - __main__ - INFO - Бот запущен!
2026-01-19 16:41:48,394 - aiogram.dispatcher - INFO - Start polling
2026-01-19 16:41:48,901 - aiogram.event - INFO - Update id=232985303 is handled. Duration 219 ms by bot id=8077618081
2026-01-19 16:41:55,211 - aiogram.event - INFO - Update id=232985304 is handled. Duration 109 ms by bot id=8077618081
2026-01-19 16:41:59,877 - aiogram.event - INFO - Update id=232985305 is not handled. Duration 139 ms by bot id=8077618081
2026-01-19 16:47:18,301 - aiogram.dispatcher - INFO - Polling stopped
2026-01-19 16:47:18,563 - aiogram.event - INFO - Update id=232985306 is not handled. Duration 7765 ms by bot id=8077618081
2026-01-19 16:47:18,576 - __main__ - INFO - Бот остановлен
2026-01-19 16:47:36,262 - __main__ - INFO - Используется BOT_TOKEN: 8077618081:AAHvfkJ8n... (из .env файла)
2026-01-19 16:47:36,438 - __main__ - INFO - Бот запущен!
2026-01-19 16:47:36,438 - aiogram.dispatcher - INFO - Start polling
2026-01-19 16:47:45,969 - aiogram.event - INFO - Update id=232985307 is handled. Duration 219 ms by bot id=8077618081
2026-01-19 16:47:49,250 - aiogram.event - INFO - Update id=232985308 is not handled. Duration 139 ms by bot id=8077618081
2026-01-19 16:47:54,112 - aiogram.event - INFO - Update id=232985309 is handled. Duration 94 ms by bot id=8077618081
2026-01-19 16:47:55,580 - aiogram.event - INFO - Update id=232985310 is not handled. Duration 140 ms by bot id=8077618081
2026-01-19 16:47:57,149 - aiogram.event - INFO - Update id=232985311 is handled. Duration 94 ms by bot id=8077618081
2026-01-19 16:47:59,638 - aiogram.event - INFO - Update id=232985312 is not handled. Duration 1061 ms by bot id=8077618081
2026-01-19 16:48:01,247 - aiogram.event - INFO - Update id=232985313 is handled. Duration 141 ms by bot id=8077618081
2026-01-19 16:48:05,925 - aiogram.event - INFO - Update id=232985314 is not handled. Duration 140 ms by bot id=8077618081
2026-01-19 16:48:07,357 - aiogram.event - INFO - Update id=232985315 is handled. Duration 141 ms by bot id=8077618081
2026-01-19 16:48:08,573 - aiogram.event - INFO - Update id=232985316 is not handled. Duration 125 ms by bot id=8077618081
2026-01-19 16:48:11,349 - aiogram.event - INFO - Update id=232985317 is handled. Duration 108 ms by bot id=8077618081
2026-01-19 16:50:56,901 - aiogram.dispatcher - INFO - Polling stopped
2026-01-19 16:50:57,180 - __main__ - INFO - Бот остановлен
2026-01-19 16:51:07,084 - __main__ - INFO - Используется BOT_TOKEN: 8077618081:AAHvfkJ8n... (из .env файла)
2026-01-19 16:51:07,255 - __main__ - INFO - Бот запущен!
2026-01-19 16:51:07,256 - aiogram.dispatcher - INFO - Start polling
2026-01-19 16:51:09,181 - aiogram.event - INFO - Update id=232985318 is handled. Duration 234 ms by bot id=8077618081
2026-01-19 16:51:11,259 - aiogram.event - INFO - Update id=232985319 is handled. Duration 280 ms by bot id=8077618081
2026-01-19 16:51:13,305 - aiogram.event - INFO - Update id=232985320 is not handled. Duration 0 ms by bot id=8077618081
2026-01-19 16:51:15,794 - aiogram.event - INFO - Update id=232985321 is not handled. Duration 0 ms by bot id=8077618081
2026-01-19 16:51:20,161 - aiogram.event - INFO - Update id=232985322 is handled. Duration 203 ms by bot id=8077618081
2026-01-19 16:51:25,685 - aiogram.event - INFO - Update id=232985323 is not handled. Duration 203 ms by bot id=8077618081
2026-01-19 16:51:27,656 - aiogram.event - INFO - Update id=232985324 is handled. Duration 94 ms by bot id=8077618081
2026-01-19 16:51:38,488 - aiogram.event - INFO - Update id=232985325 is not handled. Duration 157 ms by bot id=8077618081
2026-01-19 16:51:39,876 - aiogram.event - INFO - Update id=232985326 is handled. Duration 125 ms by bot id=8077618081
2026-01-19 16:59:07,043 - aiogram.event - INFO - Update id=232985328 is handled. Duration 250 ms by bot id=8077618081
2026-01-19 16:59:11,842 - aiogram.event - INFO - Update id=232985329 is handled. Duration 250 ms by bot id=8077618081
2026-01-19 16:59:14,813 - aiogram.event - INFO - Update id=232985330 is not handled. Duration 15 ms by bot id=8077618081
2026-01-19 16:59:18,677 - aiogram.event - INFO - Update id=232985331 is handled. Duration 172 ms by bot id=8077618081
2026-01-19 16:59:24,536 - aiogram.event - INFO - Update id=232985327 is not handled. Duration 19313 ms by bot id=8077618081
2026-01-19 16:59:24,537 - aiogram.event - ERROR - Cause exception while process update id=232985327 by bot id=8077618081
TelegramNetworkError: HTTP Client says - ClientConnectorError: Cannot connect to host api.telegram.org:443 ssl:default [Превышен таймаут семафора]
Traceback (most recent call last):
  File "C:\Users\User\PycharmProjects\eldosina\.venv\Lib\site-packages\aiohttp\connector.py", line 1075, in _wrap_create_connection
    return await self._loop.create_connection(*args, **kwargs, sock=sock)
           ^^^^^^^^^^^^^^^^^^^^^^^^^^^^^^^^^^^^^^^^^^^^^^^^^^^^^^^^^^^^^^
  File "C:\Users\User\AppData\Local\Programs\Python\Python312\Lib\asyncio\base_events.py", line 1148, in create_connection
    transport, protocol = await self._create_connection_transport(
                          ^^^^^^^^^^^^^^^^^^^^^^^^^^^^^^^^^^^^^^^^
  File "C:\Users\User\AppData\Local\Programs\Python\Python312\Lib\asyncio\base_events.py", line 1181, in _create_connection_transport
    await waiter
  File "C:\Users\User\AppData\Local\Programs\Python\Python312\Lib\asyncio\proactor_events.py", line 286, in _loop_reading
    length = fut.result()
             ^^^^^^^^^^^^
  File "C:\Users\User\AppData\Local\Programs\Python\Python312\Lib\asyncio\windows_events.py", line 803, in _poll
    value = callback(transferred, key, ov)
            ^^^^^^^^^^^^^^^^^^^^^^^^^^^^^^
  File "C:\Users\User\AppData\Local\Programs\Python\Python312\Lib\asyncio\windows_events.py", line 462, in finish_socket_func
    return ov.getresult()
           ^^^^^^^^^^^^^^
OSError: [WinError 121] Превышен таймаут семафора

The above exception was the direct cause of the following exception:

Traceback (most recent call last):
  File "C:\Users\User\PycharmProjects\eldosina\.venv\Lib\site-packages\aiogram\client\session\aiohttp.py", line 181, in make_request
    async with session.post(
               ^^^^^^^^^^^^^
  File "C:\Users\User\PycharmProjects\eldosina\.venv\Lib\site-packages\aiohttp\client.py", line 1357, in __aenter__
    self._resp: _RetType = await self._coro
                           ^^^^^^^^^^^^^^^^
  File "C:\Users\User\PycharmProjects\eldosina\.venv\Lib\site-packages\aiohttp\client.py", line 661, in _request
    conn = await self._connector.connect(
           ^^^^^^^^^^^^^^^^^^^^^^^^^^^^^^
  File "C:\Users\User\PycharmProjects\eldosina\.venv\Lib\site-packages\aiohttp\connector.py", line 556, in connect
    proto = await self._create_connection(req, traces, timeout)
            ^^^^^^^^^^^^^^^^^^^^^^^^^^^^^^^^^^^^^^^^^^^^^^^^^^^
  File "C:\Users\User\PycharmProjects\eldosina\.venv\Lib\site-packages\aiohttp\connector.py", line 1009, in _create_connection
    _, proto = await self._create_direct_connection(req, traces, timeout)
               ^^^^^^^^^^^^^^^^^^^^^^^^^^^^^^^^^^^^^^^^^^^^^^^^^^^^^^^^^^
  File "C:\Users\User\PycharmProjects\eldosina\.venv\Lib\site-packages\aiohttp\connector.py", line 1343, in _create_direct_connection
    raise last_exc
  File "C:\Users\User\PycharmProjects\eldosina\.venv\Lib\site-packages\aiohttp\connector.py", line 1312, in _create_direct_connection
    transp, proto = await self._wrap_create_connection(
                    ^^^^^^^^^^^^^^^^^^^^^^^^^^^^^^^^^^^
  File "C:\Users\User\PycharmProjects\eldosina\.venv\Lib\site-packages\aiohttp\connector.py", line 1083, in _wrap_create_connection
    raise client_error(req.connection_key, exc) from exc
aiohttp.client_exceptions.ClientConnectorError: Cannot connect to host api.telegram.org:443 ssl:default [Превышен таймаут семафора]

During handling of the above exception, another exception occurred:

Traceback (most recent call last):
  File "C:\Users\User\PycharmProjects\eldosina\.venv\Lib\site-packages\aiogram\dispatcher\dispatcher.py", line 309, in _process_update
    response = await self.feed_update(bot, update, **kwargs)
               ^^^^^^^^^^^^^^^^^^^^^^^^^^^^^^^^^^^^^^^^^^^^^
  File "C:\Users\User\PycharmProjects\eldosina\.venv\Lib\site-packages\aiogram\dispatcher\dispatcher.py", line 158, in feed_update
    response = await self.update.wrap_outer_middleware(
               ^^^^^^^^^^^^^^^^^^^^^^^^^^^^^^^^^^^^^^^^
  File "C:\Users\User\PycharmProjects\eldosina\.venv\Lib\site-packages\aiogram\dispatcher\middlewares\error.py", line 25, in __call__
    return await handler(event, data)
           ^^^^^^^^^^^^^^^^^^^^^^^^^^
  File "C:\Users\User\PycharmProjects\eldosina\.venv\Lib\site-packages\aiogram\dispatcher\middlewares\user_context.py", line 56, in __call__
    return await handler(event, data)
           ^^^^^^^^^^^^^^^^^^^^^^^^^^
  File "C:\Users\User\PycharmProjects\eldosina\.venv\Lib\site-packages\aiogram\fsm\middleware.py", line 42, in __call__
    return await handler(event, data)
           ^^^^^^^^^^^^^^^^^^^^^^^^^^
  File "C:\Users\User\PycharmProjects\eldosina\.venv\Lib\site-packages\aiogram\dispatcher\event\telegram.py", line 121, in trigger
    return await wrapped_inner(event, kwargs)
           ^^^^^^^^^^^^^^^^^^^^^^^^^^^^^^^^^^
  File "C:\Users\User\PycharmProjects\eldosina\.venv\Lib\site-packages\aiogram\dispatcher\event\handler.py", line 43, in call
    return await wrapped()
           ^^^^^^^^^^^^^^^
  File "C:\Users\User\PycharmProjects\eldosina\.venv\Lib\site-packages\aiogram\dispatcher\dispatcher.py", line 276, in _listen_update
    return await self.propagate_event(update_type=update_type, event=event, **kwargs)
           ^^^^^^^^^^^^^^^^^^^^^^^^^^^^^^^^^^^^^^^^^^^^^^^^^^^^^^^^^^^^^^^^^^^^^^^^^^
  File "C:\Users\User\PycharmProjects\eldosina\.venv\Lib\site-packages\aiogram\dispatcher\router.py", line 142, in propagate_event
    return await observer.wrap_outer_middleware(_wrapped, event=event, data=kwargs)
           ^^^^^^^^^^^^^^^^^^^^^^^^^^^^^^^^^^^^^^^^^^^^^^^^^^^^^^^^^^^^^^^^^^^^^^^^
  File "C:\Users\User\PycharmProjects\eldosina\.venv\Lib\site-packages\aiogram\dispatcher\router.py", line 137, in _wrapped
    return await self._propagate_event(
           ^^^^^^^^^^^^^^^^^^^^^^^^^^^^
  File "C:\Users\User\PycharmProjects\eldosina\.venv\Lib\site-packages\aiogram\dispatcher\router.py", line 170, in _propagate_event
    response = await router.propagate_event(update_type=update_type, event=event, **kwargs)
               ^^^^^^^^^^^^^^^^^^^^^^^^^^^^^^^^^^^^^^^^^^^^^^^^^^^^^^^^^^^^^^^^^^^^^^^^^^^^
  File "C:\Users\User\PycharmProjects\eldosina\.venv\Lib\site-packages\aiogram\dispatcher\router.py", line 142, in propagate_event
    return await observer.wrap_outer_middleware(_wrapped, event=event, data=kwargs)
           ^^^^^^^^^^^^^^^^^^^^^^^^^^^^^^^^^^^^^^^^^^^^^^^^^^^^^^^^^^^^^^^^^^^^^^^^
  File "C:\Users\User\PycharmProjects\eldosina\.venv\Lib\site-packages\aiogram\dispatcher\router.py", line 137, in _wrapped
    return await self._propagate_event(
           ^^^^^^^^^^^^^^^^^^^^^^^^^^^^
  File "C:\Users\User\PycharmProjects\eldosina\.venv\Lib\site-packages\aiogram\dispatcher\router.py", line 162, in _propagate_event
    response = await observer.trigger(event, **kwargs)
               ^^^^^^^^^^^^^^^^^^^^^^^^^^^^^^^^^^^^^^^
  File "C:\Users\User\PycharmProjects\eldosina\.venv\Lib\site-packages\aiogram\dispatcher\event\telegram.py", line 121, in trigger
    return await wrapped_inner(event, kwargs)
           ^^^^^^^^^^^^^^^^^^^^^^^^^^^^^^^^^^
  File "C:\Users\User\PycharmProjects\eldosina\.venv\Lib\site-packages\aiogram\dispatcher\event\handler.py", line 43, in call
    return await wrapped()
           ^^^^^^^^^^^^^^^
  File "C:\Users\User\PycharmProjects\eldosina\handlers\start.py", line 95, in cmd_start
    await send_welcome_menu(message)
  File "C:\Users\User\PycharmProjects\eldosina\handlers\start.py", line 70, in send_welcome_menu
    await message.answer(
  File "C:\Users\User\PycharmProjects\eldosina\.venv\Lib\site-packages\aiogram\methods\base.py", line 84, in emit
    return await bot(self)
           ^^^^^^^^^^^^^^^
  File "C:\Users\User\PycharmProjects\eldosina\.venv\Lib\site-packages\aiogram\client\bot.py", line 488, in __call__
    return await self.session(self, method, timeout=request_timeout)
           ^^^^^^^^^^^^^^^^^^^^^^^^^^^^^^^^^^^^^^^^^^^^^^^^^^^^^^^^^
  File "C:\Users\User\PycharmProjects\eldosina\.venv\Lib\site-packages\aiogram\client\session\base.py", line 254, in __call__
    return cast(TelegramType, await middleware(bot, method))
                              ^^^^^^^^^^^^^^^^^^^^^^^^^^^^^
  File "C:\Users\User\PycharmProjects\eldosina\.venv\Lib\site-packages\aiogram\client\session\aiohttp.py", line 188, in make_request
    raise TelegramNetworkError(method=method, message=f"{type(e).__name__}: {e}")
aiogram.exceptions.TelegramNetworkError: HTTP Client says - ClientConnectorError: Cannot connect to host api.telegram.org:443 ssl:default [Превышен таймаут семафора]
2026-01-19 16:59:26,892 - aiogram.event - INFO - Update id=232985332 is handled. Duration 172 ms by bot id=8077618081
2026-01-19 17:00:06,627 - aiogram.dispatcher - INFO - Polling stopped
2026-01-19 17:00:06,935 - __main__ - INFO - Бот остановлен
2026-01-19 17:00:29,904 - __main__ - INFO - Используется BOT_TOKEN: 8077618081:AAHvfkJ8n... (из .env файла)
2026-01-19 17:00:30,082 - __main__ - INFO - Бот запущен!
2026-01-19 17:00:30,082 - aiogram.dispatcher - INFO - Start polling
2026-01-19 17:00:43,335 - aiogram.dispatcher - INFO - Polling stopped
2026-01-19 17:00:43,598 - __main__ - INFO - Бот остановлен
2026-01-19 17:00:56,115 - __main__ - INFO - Используется BOT_TOKEN: 8077618081:AAHvfkJ8n... (из .env файла)
2026-01-19 17:00:56,288 - __main__ - INFO - Бот запущен!
2026-01-19 17:00:56,288 - aiogram.dispatcher - INFO - Start polling
2026-01-19 17:01:15,579 - aiogram.dispatcher - INFO - Polling stopped
2026-01-19 17:01:27,229 - __main__ - INFO - Используется BOT_TOKEN: 8077618081:AAHvfkJ8n... (из .env файла)
2026-01-19 17:01:27,402 - __main__ - INFO - Бот запущен!
2026-01-19 17:01:27,403 - aiogram.dispatcher - INFO - Start polling
2026-01-19 17:01:28,039 - aiogram.event - INFO - Update id=232985338 is handled. Duration 328 ms by bot id=8077618081
2026-01-19 17:01:28,067 - aiogram.event - INFO - Update id=232985337 is handled. Duration 359 ms by bot id=8077618081
2026-01-19 17:01:28,093 - aiogram.event - INFO - Update id=232985336 is handled. Duration 390 ms by bot id=8077618081
2026-01-19 17:01:28,127 - aiogram.event - INFO - Update id=232985335 is handled. Duration 421 ms by bot id=8077618081
2026-01-19 17:01:28,151 - aiogram.event - INFO - Update id=232985334 is handled. Duration 453 ms by bot id=8077618081
2026-01-19 17:01:28,183 - aiogram.event - INFO - Update id=232985333 is handled. Duration 484 ms by bot id=8077618081
2026-01-19 17:02:17,089 - aiogram.dispatcher - INFO - Polling stopped
2026-01-19 17:02:17,353 - __main__ - INFO - Бот остановлен
2026-01-19 17:02:24,983 - __main__ - INFO - Используется BOT_TOKEN: 8077618081:AAHvfkJ8n... (из .env файла)
2026-01-19 17:02:25,151 - __main__ - INFO - Бот запущен!
2026-01-19 17:02:25,151 - aiogram.dispatcher - INFO - Start polling
2026-01-19 17:02:31,048 - aiogram.event - INFO - Update id=232985339 is handled. Duration 219 ms by bot id=8077618081
2026-01-19 17:02:35,284 - aiogram.event - INFO - Update id=232985340 is not handled. Duration 203 ms by bot id=8077618081
2026-01-19 17:02:37,016 - aiogram.event - INFO - Update id=232985341 is handled. Duration 141 ms by bot id=8077618081
2026-01-19 17:02:38,649 - aiogram.event - INFO - Update id=232985342 is not handled. Duration 250 ms by bot id=8077618081
2026-01-19 17:02:42,896 - aiogram.event - INFO - Update id=232985343 is handled. Duration 280 ms by bot id=8077618081
2026-01-19 17:02:50,305 - aiogram.event - INFO - Update id=232985344 is handled. Duration 436 ms by bot id=8077618081
2026-01-19 17:02:57,083 - aiogram.event - INFO - Update id=232985345 is not handled. Duration 15 ms by bot id=8077618081
2026-01-19 17:02:58,410 - aiogram.event - INFO - Update id=232985346 is not handled. Duration 15 ms by bot id=8077618081
2026-01-19 17:03:55,438 - aiogram.dispatcher - INFO - Polling stopped
2026-01-19 17:03:55,704 - __main__ - INFO - Бот остановлен
2026-01-19 17:05:20,540 - __main__ - INFO - Используется BOT_TOKEN: 8077618081:AAHvfkJ8n... (из .env файла)
2026-01-19 17:05:20,707 - __main__ - INFO - Бот запущен!
2026-01-19 17:05:20,707 - aiogram.dispatcher - INFO - Start polling
2026-01-19 17:05:21,313 - aiogram.event - INFO - Update id=232985347 is handled. Duration 296 ms by bot id=8077618081
2026-01-19 17:05:32,698 - aiogram.event - INFO - Update id=232985348 is not handled. Duration 140 ms by bot id=8077618081
2026-01-19 17:05:41,042 - aiogram.event - INFO - Update id=232985349 is handled. Duration 109 ms by bot id=8077618081
2026-01-19 17:06:07,676 - aiogram.event - INFO - Update id=232985350 is not handled. Duration 265 ms by bot id=8077618081
2026-01-19 17:06:10,629 - aiogram.event - INFO - Update id=232985351 is handled. Duration 108 ms by bot id=8077618081
2026-01-19 17:06:43,605 - aiogram.event - INFO - Update id=232985355 is handled. Duration 344 ms by bot id=8077618081
2026-01-19 17:06:47,809 - aiogram.event - INFO - Update id=232985356 is handled. Duration 94 ms by bot id=8077618081
2026-01-19 17:06:59,497 - aiogram.event - INFO - Update id=232985352 is not handled. Duration 19297 ms by bot id=8077618081
2026-01-19 17:06:59,497 - aiogram.event - ERROR - Cause exception while process update id=232985352 by bot id=8077618081
TelegramNetworkError: HTTP Client says - ClientConnectorError: Cannot connect to host api.telegram.org:443 ssl:default [Превышен таймаут семафора]
Traceback (most recent call last):
  File "C:\Users\User\PycharmProjects\eldosina\.venv\Lib\site-packages\aiohttp\connector.py", line 1075, in _wrap_create_connection
    return await self._loop.create_connection(*args, **kwargs, sock=sock)
           ^^^^^^^^^^^^^^^^^^^^^^^^^^^^^^^^^^^^^^^^^^^^^^^^^^^^^^^^^^^^^^
  File "C:\Users\User\AppData\Local\Programs\Python\Python312\Lib\asyncio\base_events.py", line 1148, in create_connection
    transport, protocol = await self._create_connection_transport(
                          ^^^^^^^^^^^^^^^^^^^^^^^^^^^^^^^^^^^^^^^^
  File "C:\Users\User\AppData\Local\Programs\Python\Python312\Lib\asyncio\base_events.py", line 1181, in _create_connection_transport
    await waiter
  File "C:\Users\User\AppData\Local\Programs\Python\Python312\Lib\asyncio\proactor_events.py", line 286, in _loop_reading
    length = fut.result()
             ^^^^^^^^^^^^
  File "C:\Users\User\AppData\Local\Programs\Python\Python312\Lib\asyncio\windows_events.py", line 803, in _poll
    value = callback(transferred, key, ov)
            ^^^^^^^^^^^^^^^^^^^^^^^^^^^^^^
  File "C:\Users\User\AppData\Local\Programs\Python\Python312\Lib\asyncio\windows_events.py", line 462, in finish_socket_func
    return ov.getresult()
           ^^^^^^^^^^^^^^
OSError: [WinError 121] Превышен таймаут семафора

The above exception was the direct cause of the following exception:

Traceback (most recent call last):
  File "C:\Users\User\PycharmProjects\eldosina\.venv\Lib\site-packages\aiogram\client\session\aiohttp.py", line 181, in make_request
    async with session.post(
               ^^^^^^^^^^^^^
  File "C:\Users\User\PycharmProjects\eldosina\.venv\Lib\site-packages\aiohttp\client.py", line 1357, in __aenter__
    self._resp: _RetType = await self._coro
                           ^^^^^^^^^^^^^^^^
  File "C:\Users\User\PycharmProjects\eldosina\.venv\Lib\site-packages\aiohttp\client.py", line 661, in _request
    conn = await self._connector.connect(
           ^^^^^^^^^^^^^^^^^^^^^^^^^^^^^^
  File "C:\Users\User\PycharmProjects\eldosina\.venv\Lib\site-packages\aiohttp\connector.py", line 556, in connect
    proto = await self._create_connection(req, traces, timeout)
            ^^^^^^^^^^^^^^^^^^^^^^^^^^^^^^^^^^^^^^^^^^^^^^^^^^^
  File "C:\Users\User\PycharmProjects\eldosina\.venv\Lib\site-packages\aiohttp\connector.py", line 1009, in _create_connection
    _, proto = await self._create_direct_connection(req, traces, timeout)
               ^^^^^^^^^^^^^^^^^^^^^^^^^^^^^^^^^^^^^^^^^^^^^^^^^^^^^^^^^^
  File "C:\Users\User\PycharmProjects\eldosina\.venv\Lib\site-packages\aiohttp\connector.py", line 1343, in _create_direct_connection
    raise last_exc
  File "C:\Users\User\PycharmProjects\eldosina\.venv\Lib\site-packages\aiohttp\connector.py", line 1312, in _create_direct_connection
    transp, proto = await self._wrap_create_connection(
                    ^^^^^^^^^^^^^^^^^^^^^^^^^^^^^^^^^^^
  File "C:\Users\User\PycharmProjects\eldosina\.venv\Lib\site-packages\aiohttp\connector.py", line 1083, in _wrap_create_connection
    raise client_error(req.connection_key, exc) from exc
aiohttp.client_exceptions.ClientConnectorError: Cannot connect to host api.telegram.org:443 ssl:default [Превышен таймаут семафора]

During handling of the above exception, another exception occurred:

Traceback (most recent call last):
  File "C:\Users\User\PycharmProjects\eldosina\.venv\Lib\site-packages\aiogram\dispatcher\dispatcher.py", line 309, in _process_update
    response = await self.feed_update(bot, update, **kwargs)
               ^^^^^^^^^^^^^^^^^^^^^^^^^^^^^^^^^^^^^^^^^^^^^
  File "C:\Users\User\PycharmProjects\eldosina\.venv\Lib\site-packages\aiogram\dispatcher\dispatcher.py", line 158, in feed_update
    response = await self.update.wrap_outer_middleware(
               ^^^^^^^^^^^^^^^^^^^^^^^^^^^^^^^^^^^^^^^^
  File "C:\Users\User\PycharmProjects\eldosina\.venv\Lib\site-packages\aiogram\dispatcher\middlewares\error.py", line 25, in __call__
    return await handler(event, data)
           ^^^^^^^^^^^^^^^^^^^^^^^^^^
  File "C:\Users\User\PycharmProjects\eldosina\.venv\Lib\site-packages\aiogram\dispatcher\middlewares\user_context.py", line 56, in __call__
    return await handler(event, data)
           ^^^^^^^^^^^^^^^^^^^^^^^^^^
  File "C:\Users\User\PycharmProjects\eldosina\.venv\Lib\site-packages\aiogram\fsm\middleware.py", line 42, in __call__
    return await handler(event, data)
           ^^^^^^^^^^^^^^^^^^^^^^^^^^
  File "C:\Users\User\PycharmProjects\eldosina\.venv\Lib\site-packages\aiogram\dispatcher\event\telegram.py", line 121, in trigger
    return await wrapped_inner(event, kwargs)
           ^^^^^^^^^^^^^^^^^^^^^^^^^^^^^^^^^^
  File "C:\Users\User\PycharmProjects\eldosina\.venv\Lib\site-packages\aiogram\dispatcher\event\handler.py", line 43, in call
    return await wrapped()
           ^^^^^^^^^^^^^^^
  File "C:\Users\User\PycharmProjects\eldosina\.venv\Lib\site-packages\aiogram\dispatcher\dispatcher.py", line 276, in _listen_update
    return await self.propagate_event(update_type=update_type, event=event, **kwargs)
           ^^^^^^^^^^^^^^^^^^^^^^^^^^^^^^^^^^^^^^^^^^^^^^^^^^^^^^^^^^^^^^^^^^^^^^^^^^
  File "C:\Users\User\PycharmProjects\eldosina\.venv\Lib\site-packages\aiogram\dispatcher\router.py", line 142, in propagate_event
    return await observer.wrap_outer_middleware(_wrapped, event=event, data=kwargs)
           ^^^^^^^^^^^^^^^^^^^^^^^^^^^^^^^^^^^^^^^^^^^^^^^^^^^^^^^^^^^^^^^^^^^^^^^^
  File "C:\Users\User\PycharmProjects\eldosina\.venv\Lib\site-packages\aiogram\dispatcher\router.py", line 137, in _wrapped
    return await self._propagate_event(
           ^^^^^^^^^^^^^^^^^^^^^^^^^^^^
  File "C:\Users\User\PycharmProjects\eldosina\.venv\Lib\site-packages\aiogram\dispatcher\router.py", line 170, in _propagate_event
    response = await router.propagate_event(update_type=update_type, event=event, **kwargs)
               ^^^^^^^^^^^^^^^^^^^^^^^^^^^^^^^^^^^^^^^^^^^^^^^^^^^^^^^^^^^^^^^^^^^^^^^^^^^^
  File "C:\Users\User\PycharmProjects\eldosina\.venv\Lib\site-packages\aiogram\dispatcher\router.py", line 142, in propagate_event
    return await observer.wrap_outer_middleware(_wrapped, event=event, data=kwargs)
           ^^^^^^^^^^^^^^^^^^^^^^^^^^^^^^^^^^^^^^^^^^^^^^^^^^^^^^^^^^^^^^^^^^^^^^^^
  File "C:\Users\User\PycharmProjects\eldosina\.venv\Lib\site-packages\aiogram\dispatcher\router.py", line 137, in _wrapped
    return await self._propagate_event(
           ^^^^^^^^^^^^^^^^^^^^^^^^^^^^
  File "C:\Users\User\PycharmProjects\eldosina\.venv\Lib\site-packages\aiogram\dispatcher\router.py", line 162, in _propagate_event
    response = await observer.trigger(event, **kwargs)
               ^^^^^^^^^^^^^^^^^^^^^^^^^^^^^^^^^^^^^^^
  File "C:\Users\User\PycharmProjects\eldosina\.venv\Lib\site-packages\aiogram\dispatcher\event\telegram.py", line 121, in trigger
    return await wrapped_inner(event, kwargs)
           ^^^^^^^^^^^^^^^^^^^^^^^^^^^^^^^^^^
  File "C:\Users\User\PycharmProjects\eldosina\.venv\Lib\site-packages\aiogram\dispatcher\event\handler.py", line 43, in call
    return await wrapped()
           ^^^^^^^^^^^^^^^
  File "C:\Users\User\PycharmProjects\eldosina\handlers\start.py", line 249, in menu_buy_handler
    await callback.answer()
  File "C:\Users\User\PycharmProjects\eldosina\.venv\Lib\site-packages\aiogram\methods\base.py", line 84, in emit
    return await bot(self)
           ^^^^^^^^^^^^^^^
  File "C:\Users\User\PycharmProjects\eldosina\.venv\Lib\site-packages\aiogram\client\bot.py", line 488, in __call__
    return await self.session(self, method, timeout=request_timeout)
           ^^^^^^^^^^^^^^^^^^^^^^^^^^^^^^^^^^^^^^^^^^^^^^^^^^^^^^^^^
  File "C:\Users\User\PycharmProjects\eldosina\.venv\Lib\site-packages\aiogram\client\session\base.py", line 254, in __call__
    return cast(TelegramType, await middleware(bot, method))
                              ^^^^^^^^^^^^^^^^^^^^^^^^^^^^^
  File "C:\Users\User\PycharmProjects\eldosina\.venv\Lib\site-packages\aiogram\client\session\aiohttp.py", line 188, in make_request
    raise TelegramNetworkError(method=method, message=f"{type(e).__name__}: {e}")
aiogram.exceptions.TelegramNetworkError: HTTP Client says - ClientConnectorError: Cannot connect to host api.telegram.org:443 ssl:default [Превышен таймаут семафора]
2026-01-19 17:07:00,913 - aiogram.event - INFO - Update id=232985353 is not handled. Duration 19328 ms by bot id=8077618081
2026-01-19 17:07:00,913 - aiogram.event - ERROR - Cause exception while process update id=232985353 by bot id=8077618081
TelegramNetworkError: HTTP Client says - ClientConnectorError: Cannot connect to host api.telegram.org:443 ssl:default [Превышен таймаут семафора]
Traceback (most recent call last):
  File "C:\Users\User\PycharmProjects\eldosina\.venv\Lib\site-packages\aiohttp\connector.py", line 1075, in _wrap_create_connection
    return await self._loop.create_connection(*args, **kwargs, sock=sock)
           ^^^^^^^^^^^^^^^^^^^^^^^^^^^^^^^^^^^^^^^^^^^^^^^^^^^^^^^^^^^^^^
  File "C:\Users\User\AppData\Local\Programs\Python\Python312\Lib\asyncio\base_events.py", line 1148, in create_connection
    transport, protocol = await self._create_connection_transport(
                          ^^^^^^^^^^^^^^^^^^^^^^^^^^^^^^^^^^^^^^^^
  File "C:\Users\User\AppData\Local\Programs\Python\Python312\Lib\asyncio\base_events.py", line 1181, in _create_connection_transport
    await waiter
  File "C:\Users\User\AppData\Local\Programs\Python\Python312\Lib\asyncio\proactor_events.py", line 286, in _loop_reading
    length = fut.result()
             ^^^^^^^^^^^^
  File "C:\Users\User\AppData\Local\Programs\Python\Python312\Lib\asyncio\windows_events.py", line 803, in _poll
    value = callback(transferred, key, ov)
            ^^^^^^^^^^^^^^^^^^^^^^^^^^^^^^
  File "C:\Users\User\AppData\Local\Programs\Python\Python312\Lib\asyncio\windows_events.py", line 462, in finish_socket_func
    return ov.getresult()
           ^^^^^^^^^^^^^^
OSError: [WinError 121] Превышен таймаут семафора

The above exception was the direct cause of the following exception:

Traceback (most recent call last):
  File "C:\Users\User\PycharmProjects\eldosina\.venv\Lib\site-packages\aiogram\client\session\aiohttp.py", line 181, in make_request
    async with session.post(
               ^^^^^^^^^^^^^
  File "C:\Users\User\PycharmProjects\eldosina\.venv\Lib\site-packages\aiohttp\client.py", line 1357, in __aenter__
    self._resp: _RetType = await self._coro
                           ^^^^^^^^^^^^^^^^
  File "C:\Users\User\PycharmProjects\eldosina\.venv\Lib\site-packages\aiohttp\client.py", line 661, in _request
    conn = await self._connector.connect(
           ^^^^^^^^^^^^^^^^^^^^^^^^^^^^^^
  File "C:\Users\User\PycharmProjects\eldosina\.venv\Lib\site-packages\aiohttp\connector.py", line 556, in connect
    proto = await self._create_connection(req, traces, timeout)
            ^^^^^^^^^^^^^^^^^^^^^^^^^^^^^^^^^^^^^^^^^^^^^^^^^^^
  File "C:\Users\User\PycharmProjects\eldosina\.venv\Lib\site-packages\aiohttp\connector.py", line 1009, in _create_connection
    _, proto = await self._create_direct_connection(req, traces, timeout)
               ^^^^^^^^^^^^^^^^^^^^^^^^^^^^^^^^^^^^^^^^^^^^^^^^^^^^^^^^^^
  File "C:\Users\User\PycharmProjects\eldosina\.venv\Lib\site-packages\aiohttp\connector.py", line 1343, in _create_direct_connection
    raise last_exc
  File "C:\Users\User\PycharmProjects\eldosina\.venv\Lib\site-packages\aiohttp\connector.py", line 1312, in _create_direct_connection
    transp, proto = await self._wrap_create_connection(
                    ^^^^^^^^^^^^^^^^^^^^^^^^^^^^^^^^^^^
  File "C:\Users\User\PycharmProjects\eldosina\.venv\Lib\site-packages\aiohttp\connector.py", line 1083, in _wrap_create_connection
    raise client_error(req.connection_key, exc) from exc
aiohttp.client_exceptions.ClientConnectorError: Cannot connect to host api.telegram.org:443 ssl:default [Превышен таймаут семафора]

During handling of the above exception, another exception occurred:

Traceback (most recent call last):
  File "C:\Users\User\PycharmProjects\eldosina\.venv\Lib\site-packages\aiogram\dispatcher\dispatcher.py", line 309, in _process_update
    response = await self.feed_update(bot, update, **kwargs)
               ^^^^^^^^^^^^^^^^^^^^^^^^^^^^^^^^^^^^^^^^^^^^^
  File "C:\Users\User\PycharmProjects\eldosina\.venv\Lib\site-packages\aiogram\dispatcher\dispatcher.py", line 158, in feed_update
    response = await self.update.wrap_outer_middleware(
               ^^^^^^^^^^^^^^^^^^^^^^^^^^^^^^^^^^^^^^^^
  File "C:\Users\User\PycharmProjects\eldosina\.venv\Lib\site-packages\aiogram\dispatcher\middlewares\error.py", line 25, in __call__
    return await handler(event, data)
           ^^^^^^^^^^^^^^^^^^^^^^^^^^
  File "C:\Users\User\PycharmProjects\eldosina\.venv\Lib\site-packages\aiogram\dispatcher\middlewares\user_context.py", line 56, in __call__
    return await handler(event, data)
           ^^^^^^^^^^^^^^^^^^^^^^^^^^
  File "C:\Users\User\PycharmProjects\eldosina\.venv\Lib\site-packages\aiogram\fsm\middleware.py", line 42, in __call__
    return await handler(event, data)
           ^^^^^^^^^^^^^^^^^^^^^^^^^^
  File "C:\Users\User\PycharmProjects\eldosina\.venv\Lib\site-packages\aiogram\dispatcher\event\telegram.py", line 121, in trigger
    return await wrapped_inner(event, kwargs)
           ^^^^^^^^^^^^^^^^^^^^^^^^^^^^^^^^^^
  File "C:\Users\User\PycharmProjects\eldosina\.venv\Lib\site-packages\aiogram\dispatcher\event\handler.py", line 43, in call
    return await wrapped()
           ^^^^^^^^^^^^^^^
  File "C:\Users\User\PycharmProjects\eldosina\.venv\Lib\site-packages\aiogram\dispatcher\dispatcher.py", line 276, in _listen_update
    return await self.propagate_event(update_type=update_type, event=event, **kwargs)
           ^^^^^^^^^^^^^^^^^^^^^^^^^^^^^^^^^^^^^^^^^^^^^^^^^^^^^^^^^^^^^^^^^^^^^^^^^^
  File "C:\Users\User\PycharmProjects\eldosina\.venv\Lib\site-packages\aiogram\dispatcher\router.py", line 142, in propagate_event
    return await observer.wrap_outer_middleware(_wrapped, event=event, data=kwargs)
           ^^^^^^^^^^^^^^^^^^^^^^^^^^^^^^^^^^^^^^^^^^^^^^^^^^^^^^^^^^^^^^^^^^^^^^^^
  File "C:\Users\User\PycharmProjects\eldosina\.venv\Lib\site-packages\aiogram\dispatcher\router.py", line 137, in _wrapped
    return await self._propagate_event(
           ^^^^^^^^^^^^^^^^^^^^^^^^^^^^
  File "C:\Users\User\PycharmProjects\eldosina\.venv\Lib\site-packages\aiogram\dispatcher\router.py", line 170, in _propagate_event
    response = await router.propagate_event(update_type=update_type, event=event, **kwargs)
               ^^^^^^^^^^^^^^^^^^^^^^^^^^^^^^^^^^^^^^^^^^^^^^^^^^^^^^^^^^^^^^^^^^^^^^^^^^^^
  File "C:\Users\User\PycharmProjects\eldosina\.venv\Lib\site-packages\aiogram\dispatcher\router.py", line 142, in propagate_event
    return await observer.wrap_outer_middleware(_wrapped, event=event, data=kwargs)
           ^^^^^^^^^^^^^^^^^^^^^^^^^^^^^^^^^^^^^^^^^^^^^^^^^^^^^^^^^^^^^^^^^^^^^^^^
  File "C:\Users\User\PycharmProjects\eldosina\.venv\Lib\site-packages\aiogram\dispatcher\router.py", line 137, in _wrapped
    return await self._propagate_event(
           ^^^^^^^^^^^^^^^^^^^^^^^^^^^^
  File "C:\Users\User\PycharmProjects\eldosina\.venv\Lib\site-packages\aiogram\dispatcher\router.py", line 162, in _propagate_event
    response = await observer.trigger(event, **kwargs)
               ^^^^^^^^^^^^^^^^^^^^^^^^^^^^^^^^^^^^^^^
  File "C:\Users\User\PycharmProjects\eldosina\.venv\Lib\site-packages\aiogram\dispatcher\event\telegram.py", line 121, in trigger
    return await wrapped_inner(event, kwargs)
           ^^^^^^^^^^^^^^^^^^^^^^^^^^^^^^^^^^
  File "C:\Users\User\PycharmProjects\eldosina\.venv\Lib\site-packages\aiogram\dispatcher\event\handler.py", line 43, in call
    return await wrapped()
           ^^^^^^^^^^^^^^^
  File "C:\Users\User\PycharmProjects\eldosina\handlers\start.py", line 249, in menu_buy_handler
    await callback.answer()
  File "C:\Users\User\PycharmProjects\eldosina\.venv\Lib\site-packages\aiogram\methods\base.py", line 84, in emit
    return await bot(self)
           ^^^^^^^^^^^^^^^
  File "C:\Users\User\PycharmProjects\eldosina\.venv\Lib\site-packages\aiogram\client\bot.py", line 488, in __call__
    return await self.session(self, method, timeout=request_timeout)
           ^^^^^^^^^^^^^^^^^^^^^^^^^^^^^^^^^^^^^^^^^^^^^^^^^^^^^^^^^
  File "C:\Users\User\PycharmProjects\eldosina\.venv\Lib\site-packages\aiogram\client\session\base.py", line 254, in __call__
    return cast(TelegramType, await middleware(bot, method))
                              ^^^^^^^^^^^^^^^^^^^^^^^^^^^^^
  File "C:\Users\User\PycharmProjects\eldosina\.venv\Lib\site-packages\aiogram\client\session\aiohttp.py", line 188, in make_request
    raise TelegramNetworkError(method=method, message=f"{type(e).__name__}: {e}")
aiogram.exceptions.TelegramNetworkError: HTTP Client says - ClientConnectorError: Cannot connect to host api.telegram.org:443 ssl:default [Превышен таймаут семафора]
2026-01-19 17:07:02,377 - aiogram.event - INFO - Update id=232985354 is not handled. Duration 19311 ms by bot id=8077618081
2026-01-19 17:07:02,378 - aiogram.event - ERROR - Cause exception while process update id=232985354 by bot id=8077618081
TelegramNetworkError: HTTP Client says - ClientConnectorError: Cannot connect to host api.telegram.org:443 ssl:default [Превышен таймаут семафора]
Traceback (most recent call last):
  File "C:\Users\User\PycharmProjects\eldosina\.venv\Lib\site-packages\aiohttp\connector.py", line 1075, in _wrap_create_connection
    return await self._loop.create_connection(*args, **kwargs, sock=sock)
           ^^^^^^^^^^^^^^^^^^^^^^^^^^^^^^^^^^^^^^^^^^^^^^^^^^^^^^^^^^^^^^
  File "C:\Users\User\AppData\Local\Programs\Python\Python312\Lib\asyncio\base_events.py", line 1148, in create_connection
    transport, protocol = await self._create_connection_transport(
                          ^^^^^^^^^^^^^^^^^^^^^^^^^^^^^^^^^^^^^^^^
  File "C:\Users\User\AppData\Local\Programs\Python\Python312\Lib\asyncio\base_events.py", line 1181, in _create_connection_transport
    await waiter
  File "C:\Users\User\AppData\Local\Programs\Python\Python312\Lib\asyncio\proactor_events.py", line 286, in _loop_reading
    length = fut.result()
             ^^^^^^^^^^^^
  File "C:\Users\User\AppData\Local\Programs\Python\Python312\Lib\asyncio\windows_events.py", line 803, in _poll
    value = callback(transferred, key, ov)
            ^^^^^^^^^^^^^^^^^^^^^^^^^^^^^^
  File "C:\Users\User\AppData\Local\Programs\Python\Python312\Lib\asyncio\windows_events.py", line 462, in finish_socket_func
    return ov.getresult()
           ^^^^^^^^^^^^^^
OSError: [WinError 121] Превышен таймаут семафора

The above exception was the direct cause of the following exception:

Traceback (most recent call last):
  File "C:\Users\User\PycharmProjects\eldosina\.venv\Lib\site-packages\aiogram\client\session\aiohttp.py", line 181, in make_request
    async with session.post(
               ^^^^^^^^^^^^^
  File "C:\Users\User\PycharmProjects\eldosina\.venv\Lib\site-packages\aiohttp\client.py", line 1357, in __aenter__
    self._resp: _RetType = await self._coro
                           ^^^^^^^^^^^^^^^^
  File "C:\Users\User\PycharmProjects\eldosina\.venv\Lib\site-packages\aiohttp\client.py", line 661, in _request
    conn = await self._connector.connect(
           ^^^^^^^^^^^^^^^^^^^^^^^^^^^^^^
  File "C:\Users\User\PycharmProjects\eldosina\.venv\Lib\site-packages\aiohttp\connector.py", line 556, in connect
    proto = await self._create_connection(req, traces, timeout)
            ^^^^^^^^^^^^^^^^^^^^^^^^^^^^^^^^^^^^^^^^^^^^^^^^^^^
  File "C:\Users\User\PycharmProjects\eldosina\.venv\Lib\site-packages\aiohttp\connector.py", line 1009, in _create_connection
    _, proto = await self._create_direct_connection(req, traces, timeout)
               ^^^^^^^^^^^^^^^^^^^^^^^^^^^^^^^^^^^^^^^^^^^^^^^^^^^^^^^^^^
  File "C:\Users\User\PycharmProjects\eldosina\.venv\Lib\site-packages\aiohttp\connector.py", line 1343, in _create_direct_connection
    raise last_exc
  File "C:\Users\User\PycharmProjects\eldosina\.venv\Lib\site-packages\aiohttp\connector.py", line 1312, in _create_direct_connection
    transp, proto = await self._wrap_create_connection(
                    ^^^^^^^^^^^^^^^^^^^^^^^^^^^^^^^^^^^
  File "C:\Users\User\PycharmProjects\eldosina\.venv\Lib\site-packages\aiohttp\connector.py", line 1083, in _wrap_create_connection
    raise client_error(req.connection_key, exc) from exc
aiohttp.client_exceptions.ClientConnectorError: Cannot connect to host api.telegram.org:443 ssl:default [Превышен таймаут семафора]

During handling of the above exception, another exception occurred:

Traceback (most recent call last):
  File "C:\Users\User\PycharmProjects\eldosina\.venv\Lib\site-packages\aiogram\dispatcher\dispatcher.py", line 309, in _process_update
    response = await self.feed_update(bot, update, **kwargs)
               ^^^^^^^^^^^^^^^^^^^^^^^^^^^^^^^^^^^^^^^^^^^^^
  File "C:\Users\User\PycharmProjects\eldosina\.venv\Lib\site-packages\aiogram\dispatcher\dispatcher.py", line 158, in feed_update
    response = await self.update.wrap_outer_middleware(
               ^^^^^^^^^^^^^^^^^^^^^^^^^^^^^^^^^^^^^^^^
  File "C:\Users\User\PycharmProjects\eldosina\.venv\Lib\site-packages\aiogram\dispatcher\middlewares\error.py", line 25, in __call__
    return await handler(event, data)
           ^^^^^^^^^^^^^^^^^^^^^^^^^^
  File "C:\Users\User\PycharmProjects\eldosina\.venv\Lib\site-packages\aiogram\dispatcher\middlewares\user_context.py", line 56, in __call__
    return await handler(event, data)
           ^^^^^^^^^^^^^^^^^^^^^^^^^^
  File "C:\Users\User\PycharmProjects\eldosina\.venv\Lib\site-packages\aiogram\fsm\middleware.py", line 42, in __call__
    return await handler(event, data)
           ^^^^^^^^^^^^^^^^^^^^^^^^^^
  File "C:\Users\User\PycharmProjects\eldosina\.venv\Lib\site-packages\aiogram\dispatcher\event\telegram.py", line 121, in trigger
    return await wrapped_inner(event, kwargs)
           ^^^^^^^^^^^^^^^^^^^^^^^^^^^^^^^^^^
  File "C:\Users\User\PycharmProjects\eldosina\.venv\Lib\site-packages\aiogram\dispatcher\event\handler.py", line 43, in call
    return await wrapped()
           ^^^^^^^^^^^^^^^
  File "C:\Users\User\PycharmProjects\eldosina\.venv\Lib\site-packages\aiogram\dispatcher\dispatcher.py", line 276, in _listen_update
    return await self.propagate_event(update_type=update_type, event=event, **kwargs)
           ^^^^^^^^^^^^^^^^^^^^^^^^^^^^^^^^^^^^^^^^^^^^^^^^^^^^^^^^^^^^^^^^^^^^^^^^^^
  File "C:\Users\User\PycharmProjects\eldosina\.venv\Lib\site-packages\aiogram\dispatcher\router.py", line 142, in propagate_event
    return await observer.wrap_outer_middleware(_wrapped, event=event, data=kwargs)
           ^^^^^^^^^^^^^^^^^^^^^^^^^^^^^^^^^^^^^^^^^^^^^^^^^^^^^^^^^^^^^^^^^^^^^^^^
  File "C:\Users\User\PycharmProjects\eldosina\.venv\Lib\site-packages\aiogram\dispatcher\router.py", line 137, in _wrapped
    return await self._propagate_event(
           ^^^^^^^^^^^^^^^^^^^^^^^^^^^^
  File "C:\Users\User\PycharmProjects\eldosina\.venv\Lib\site-packages\aiogram\dispatcher\router.py", line 170, in _propagate_event
    response = await router.propagate_event(update_type=update_type, event=event, **kwargs)
               ^^^^^^^^^^^^^^^^^^^^^^^^^^^^^^^^^^^^^^^^^^^^^^^^^^^^^^^^^^^^^^^^^^^^^^^^^^^^
  File "C:\Users\User\PycharmProjects\eldosina\.venv\Lib\site-packages\aiogram\dispatcher\router.py", line 142, in propagate_event
    return await observer.wrap_outer_middleware(_wrapped, event=event, data=kwargs)
           ^^^^^^^^^^^^^^^^^^^^^^^^^^^^^^^^^^^^^^^^^^^^^^^^^^^^^^^^^^^^^^^^^^^^^^^^
  File "C:\Users\User\PycharmProjects\eldosina\.venv\Lib\site-packages\aiogram\dispatcher\router.py", line 137, in _wrapped
    return await self._propagate_event(
           ^^^^^^^^^^^^^^^^^^^^^^^^^^^^
  File "C:\Users\User\PycharmProjects\eldosina\.venv\Lib\site-packages\aiogram\dispatcher\router.py", line 162, in _propagate_event
    response = await observer.trigger(event, **kwargs)
               ^^^^^^^^^^^^^^^^^^^^^^^^^^^^^^^^^^^^^^^
  File "C:\Users\User\PycharmProjects\eldosina\.venv\Lib\site-packages\aiogram\dispatcher\event\telegram.py", line 121, in trigger
    return await wrapped_inner(event, kwargs)
           ^^^^^^^^^^^^^^^^^^^^^^^^^^^^^^^^^^
  File "C:\Users\User\PycharmProjects\eldosina\.venv\Lib\site-packages\aiogram\dispatcher\event\handler.py", line 43, in call
    return await wrapped()
           ^^^^^^^^^^^^^^^
  File "C:\Users\User\PycharmProjects\eldosina\handlers\start.py", line 249, in menu_buy_handler
    await callback.answer()
  File "C:\Users\User\PycharmProjects\eldosina\.venv\Lib\site-packages\aiogram\methods\base.py", line 84, in emit
    return await bot(self)
           ^^^^^^^^^^^^^^^
  File "C:\Users\User\PycharmProjects\eldosina\.venv\Lib\site-packages\aiogram\client\bot.py", line 488, in __call__
    return await self.session(self, method, timeout=request_timeout)
           ^^^^^^^^^^^^^^^^^^^^^^^^^^^^^^^^^^^^^^^^^^^^^^^^^^^^^^^^^
  File "C:\Users\User\PycharmProjects\eldosina\.venv\Lib\site-packages\aiogram\client\session\base.py", line 254, in __call__
    return cast(TelegramType, await middleware(bot, method))
                              ^^^^^^^^^^^^^^^^^^^^^^^^^^^^^
  File "C:\Users\User\PycharmProjects\eldosina\.venv\Lib\site-packages\aiogram\client\session\aiohttp.py", line 188, in make_request
    raise TelegramNetworkError(method=method, message=f"{type(e).__name__}: {e}")
aiogram.exceptions.TelegramNetworkError: HTTP Client says - ClientConnectorError: Cannot connect to host api.telegram.org:443 ssl:default [Превышен таймаут семафора]
2026-01-19 17:09:31,942 - aiogram.dispatcher - INFO - Polling stopped
2026-01-19 17:09:32,210 - __main__ - INFO - Бот остановлен
2026-01-19 17:09:49,903 - __main__ - INFO - Используется BOT_TOKEN: 8077618081:AAHvfkJ8n... (из .env файла)
2026-01-19 17:09:50,071 - __main__ - INFO - Бот запущен!
2026-01-19 17:09:50,072 - aiogram.dispatcher - INFO - Start polling
2026-01-19 17:09:55,015 - aiogram.event - INFO - Update id=232985357 is handled. Duration 250 ms by bot id=8077618081
2026-01-19 17:09:58,845 - aiogram.event - INFO - Update id=232985358 is handled. Duration 171 ms by bot id=8077618081
2026-01-19 17:10:11,684 - aiogram.event - INFO - Update id=232985359 is not handled. Duration 0 ms by bot id=8077618081
2026-01-19 17:10:13,158 - aiogram.event - INFO - Update id=232985360 is handled. Duration 578 ms by bot id=8077618081
2026-01-19 17:10:20,469 - aiogram.event - INFO - Update id=232985361 is not handled. Duration 15 ms by bot id=8077618081
2026-01-19 17:10:33,165 - aiogram.event - INFO - Update id=232985362 is handled. Duration 282 ms by bot id=8077618081
2026-01-19 17:10:38,207 - aiogram.event - INFO - Update id=232985363 is not handled. Duration 217 ms by bot id=8077618081
2026-01-19 17:10:40,647 - aiogram.event - INFO - Update id=232985364 is handled. Duration 94 ms by bot id=8077618081
2026-01-19 17:11:42,419 - aiogram.event - INFO - Update id=232985365 is not handled. Duration 313 ms by bot id=8077618081
2026-01-19 17:11:45,163 - aiogram.event - INFO - Update id=232985366 is handled. Duration 171 ms by bot id=8077618081
2026-01-19 17:12:08,585 - aiogram.event - INFO - Update id=232985367 is not handled. Duration 15 ms by bot id=8077618081
2026-01-19 17:12:15,843 - aiogram.event - INFO - Update id=232985368 is handled. Duration 202 ms by bot id=8077618081
2026-01-19 17:14:56,226 - aiogram.dispatcher - INFO - Polling stopped
2026-01-19 17:14:56,506 - __main__ - INFO - Бот остановлен
2026-01-19 17:15:10,348 - __main__ - INFO - Используется BOT_TOKEN: 8077618081:AAHvfkJ8n... (из .env файла)
2026-01-19 17:15:10,528 - __main__ - INFO - Бот запущен!
2026-01-19 17:15:10,528 - aiogram.dispatcher - INFO - Start polling
2026-01-19 17:15:29,887 - aiogram.dispatcher - INFO - Polling stopped
2026-01-19 17:15:37,556 - __main__ - INFO - Используется BOT_TOKEN: 8077618081:AAHvfkJ8n... (из .env файла)
2026-01-19 17:15:37,726 - __main__ - INFO - Бот запущен!
2026-01-19 17:15:37,726 - aiogram.dispatcher - INFO - Start polling
2026-01-19 17:15:38,253 - aiogram.event - INFO - Update id=232985369 is handled. Duration 264 ms by bot id=8077618081
2026-01-19 17:15:38,267 - aiogram.event - INFO - Update id=232985371 is handled. Duration 280 ms by bot id=8077618081
2026-01-19 17:15:42,553 - aiogram.event - INFO - Update id=232985372 is handled. Duration 172 ms by bot id=8077618081
2026-01-19 17:15:44,904 - aiogram.event - INFO - Update id=232985373 is handled. Duration 250 ms by bot id=8077618081
2026-01-19 17:15:48,986 - aiogram.event - INFO - Update id=232985374 is not handled. Duration 16 ms by bot id=8077618081
2026-01-19 17:15:51,053 - aiogram.event - INFO - Update id=232985375 is handled. Duration 405 ms by bot id=8077618081
2026-01-19 17:15:57,209 - aiogram.event - INFO - Update id=232985376 is handled. Duration 78 ms by bot id=8077618081
2026-01-19 17:15:57,296 - aiogram.event - INFO - Update id=232985370 is not handled. Duration 19311 ms by bot id=8077618081
2026-01-19 17:15:57,296 - aiogram.event - ERROR - Cause exception while process update id=232985370 by bot id=8077618081
TelegramNetworkError: HTTP Client says - ClientConnectorError: Cannot connect to host api.telegram.org:443 ssl:default [Превышен таймаут семафора]
Traceback (most recent call last):
  File "C:\Users\User\PycharmProjects\eldosina\.venv\Lib\site-packages\aiohttp\connector.py", line 1075, in _wrap_create_connection
    return await self._loop.create_connection(*args, **kwargs, sock=sock)
           ^^^^^^^^^^^^^^^^^^^^^^^^^^^^^^^^^^^^^^^^^^^^^^^^^^^^^^^^^^^^^^
  File "C:\Users\User\AppData\Local\Programs\Python\Python312\Lib\asyncio\base_events.py", line 1148, in create_connection
    transport, protocol = await self._create_connection_transport(
                          ^^^^^^^^^^^^^^^^^^^^^^^^^^^^^^^^^^^^^^^^
  File "C:\Users\User\AppData\Local\Programs\Python\Python312\Lib\asyncio\base_events.py", line 1181, in _create_connection_transport
    await waiter
  File "C:\Users\User\AppData\Local\Programs\Python\Python312\Lib\asyncio\proactor_events.py", line 286, in _loop_reading
    length = fut.result()
             ^^^^^^^^^^^^
  File "C:\Users\User\AppData\Local\Programs\Python\Python312\Lib\asyncio\windows_events.py", line 803, in _poll
    value = callback(transferred, key, ov)
            ^^^^^^^^^^^^^^^^^^^^^^^^^^^^^^
  File "C:\Users\User\AppData\Local\Programs\Python\Python312\Lib\asyncio\windows_events.py", line 462, in finish_socket_func
    return ov.getresult()
           ^^^^^^^^^^^^^^
OSError: [WinError 121] Превышен таймаут семафора

The above exception was the direct cause of the following exception:

Traceback (most recent call last):
  File "C:\Users\User\PycharmProjects\eldosina\.venv\Lib\site-packages\aiogram\client\session\aiohttp.py", line 181, in make_request
    async with session.post(
               ^^^^^^^^^^^^^
  File "C:\Users\User\PycharmProjects\eldosina\.venv\Lib\site-packages\aiohttp\client.py", line 1357, in __aenter__
    self._resp: _RetType = await self._coro
                           ^^^^^^^^^^^^^^^^
  File "C:\Users\User\PycharmProjects\eldosina\.venv\Lib\site-packages\aiohttp\client.py", line 661, in _request
    conn = await self._connector.connect(
           ^^^^^^^^^^^^^^^^^^^^^^^^^^^^^^
  File "C:\Users\User\PycharmProjects\eldosina\.venv\Lib\site-packages\aiohttp\connector.py", line 556, in connect
    proto = await self._create_connection(req, traces, timeout)
            ^^^^^^^^^^^^^^^^^^^^^^^^^^^^^^^^^^^^^^^^^^^^^^^^^^^
  File "C:\Users\User\PycharmProjects\eldosina\.venv\Lib\site-packages\aiohttp\connector.py", line 1009, in _create_connection
    _, proto = await self._create_direct_connection(req, traces, timeout)
               ^^^^^^^^^^^^^^^^^^^^^^^^^^^^^^^^^^^^^^^^^^^^^^^^^^^^^^^^^^
  File "C:\Users\User\PycharmProjects\eldosina\.venv\Lib\site-packages\aiohttp\connector.py", line 1343, in _create_direct_connection
    raise last_exc
  File "C:\Users\User\PycharmProjects\eldosina\.venv\Lib\site-packages\aiohttp\connector.py", line 1312, in _create_direct_connection
    transp, proto = await self._wrap_create_connection(
                    ^^^^^^^^^^^^^^^^^^^^^^^^^^^^^^^^^^^
  File "C:\Users\User\PycharmProjects\eldosina\.venv\Lib\site-packages\aiohttp\connector.py", line 1083, in _wrap_create_connection
    raise client_error(req.connection_key, exc) from exc
aiohttp.client_exceptions.ClientConnectorError: Cannot connect to host api.telegram.org:443 ssl:default [Превышен таймаут семафора]

During handling of the above exception, another exception occurred:

Traceback (most recent call last):
  File "C:\Users\User\PycharmProjects\eldosina\.venv\Lib\site-packages\aiogram\dispatcher\dispatcher.py", line 309, in _process_update
    response = await self.feed_update(bot, update, **kwargs)
               ^^^^^^^^^^^^^^^^^^^^^^^^^^^^^^^^^^^^^^^^^^^^^
  File "C:\Users\User\PycharmProjects\eldosina\.venv\Lib\site-packages\aiogram\dispatcher\dispatcher.py", line 158, in feed_update
    response = await self.update.wrap_outer_middleware(
               ^^^^^^^^^^^^^^^^^^^^^^^^^^^^^^^^^^^^^^^^
  File "C:\Users\User\PycharmProjects\eldosina\.venv\Lib\site-packages\aiogram\dispatcher\middlewares\error.py", line 25, in __call__
    return await handler(event, data)
           ^^^^^^^^^^^^^^^^^^^^^^^^^^
  File "C:\Users\User\PycharmProjects\eldosina\.venv\Lib\site-packages\aiogram\dispatcher\middlewares\user_context.py", line 56, in __call__
    return await handler(event, data)
           ^^^^^^^^^^^^^^^^^^^^^^^^^^
  File "C:\Users\User\PycharmProjects\eldosina\.venv\Lib\site-packages\aiogram\fsm\middleware.py", line 42, in __call__
    return await handler(event, data)
           ^^^^^^^^^^^^^^^^^^^^^^^^^^
  File "C:\Users\User\PycharmProjects\eldosina\.venv\Lib\site-packages\aiogram\dispatcher\event\telegram.py", line 121, in trigger
    return await wrapped_inner(event, kwargs)
           ^^^^^^^^^^^^^^^^^^^^^^^^^^^^^^^^^^
  File "C:\Users\User\PycharmProjects\eldosina\.venv\Lib\site-packages\aiogram\dispatcher\event\handler.py", line 43, in call
    return await wrapped()
           ^^^^^^^^^^^^^^^
  File "C:\Users\User\PycharmProjects\eldosina\.venv\Lib\site-packages\aiogram\dispatcher\dispatcher.py", line 276, in _listen_update
    return await self.propagate_event(update_type=update_type, event=event, **kwargs)
           ^^^^^^^^^^^^^^^^^^^^^^^^^^^^^^^^^^^^^^^^^^^^^^^^^^^^^^^^^^^^^^^^^^^^^^^^^^
  File "C:\Users\User\PycharmProjects\eldosina\.venv\Lib\site-packages\aiogram\dispatcher\router.py", line 142, in propagate_event
    return await observer.wrap_outer_middleware(_wrapped, event=event, data=kwargs)
           ^^^^^^^^^^^^^^^^^^^^^^^^^^^^^^^^^^^^^^^^^^^^^^^^^^^^^^^^^^^^^^^^^^^^^^^^
  File "C:\Users\User\PycharmProjects\eldosina\.venv\Lib\site-packages\aiogram\dispatcher\router.py", line 137, in _wrapped
    return await self._propagate_event(
           ^^^^^^^^^^^^^^^^^^^^^^^^^^^^
  File "C:\Users\User\PycharmProjects\eldosina\.venv\Lib\site-packages\aiogram\dispatcher\router.py", line 170, in _propagate_event
    response = await router.propagate_event(update_type=update_type, event=event, **kwargs)
               ^^^^^^^^^^^^^^^^^^^^^^^^^^^^^^^^^^^^^^^^^^^^^^^^^^^^^^^^^^^^^^^^^^^^^^^^^^^^
  File "C:\Users\User\PycharmProjects\eldosina\.venv\Lib\site-packages\aiogram\dispatcher\router.py", line 142, in propagate_event
    return await observer.wrap_outer_middleware(_wrapped, event=event, data=kwargs)
           ^^^^^^^^^^^^^^^^^^^^^^^^^^^^^^^^^^^^^^^^^^^^^^^^^^^^^^^^^^^^^^^^^^^^^^^^
  File "C:\Users\User\PycharmProjects\eldosina\.venv\Lib\site-packages\aiogram\dispatcher\router.py", line 137, in _wrapped
    return await self._propagate_event(
           ^^^^^^^^^^^^^^^^^^^^^^^^^^^^
  File "C:\Users\User\PycharmProjects\eldosina\.venv\Lib\site-packages\aiogram\dispatcher\router.py", line 162, in _propagate_event
    response = await observer.trigger(event, **kwargs)
               ^^^^^^^^^^^^^^^^^^^^^^^^^^^^^^^^^^^^^^^
  File "C:\Users\User\PycharmProjects\eldosina\.venv\Lib\site-packages\aiogram\dispatcher\event\telegram.py", line 121, in trigger
    return await wrapped_inner(event, kwargs)
           ^^^^^^^^^^^^^^^^^^^^^^^^^^^^^^^^^^
  File "C:\Users\User\PycharmProjects\eldosina\.venv\Lib\site-packages\aiogram\dispatcher\event\handler.py", line 43, in call
    return await wrapped()
           ^^^^^^^^^^^^^^^
  File "C:\Users\User\PycharmProjects\eldosina\handlers\start.py", line 95, in cmd_start
    await send_welcome_menu(message)
  File "C:\Users\User\PycharmProjects\eldosina\handlers\start.py", line 70, in send_welcome_menu
    await message.answer(
  File "C:\Users\User\PycharmProjects\eldosina\.venv\Lib\site-packages\aiogram\methods\base.py", line 84, in emit
    return await bot(self)
           ^^^^^^^^^^^^^^^
  File "C:\Users\User\PycharmProjects\eldosina\.venv\Lib\site-packages\aiogram\client\bot.py", line 488, in __call__
    return await self.session(self, method, timeout=request_timeout)
           ^^^^^^^^^^^^^^^^^^^^^^^^^^^^^^^^^^^^^^^^^^^^^^^^^^^^^^^^^
  File "C:\Users\User\PycharmProjects\eldosina\.venv\Lib\site-packages\aiogram\client\session\base.py", line 254, in __call__
    return cast(TelegramType, await middleware(bot, method))
                              ^^^^^^^^^^^^^^^^^^^^^^^^^^^^^
  File "C:\Users\User\PycharmProjects\eldosina\.venv\Lib\site-packages\aiogram\client\session\aiohttp.py", line 188, in make_request
    raise TelegramNetworkError(method=method, message=f"{type(e).__name__}: {e}")
aiogram.exceptions.TelegramNetworkError: HTTP Client says - ClientConnectorError: Cannot connect to host api.telegram.org:443 ssl:default [Превышен таймаут семафора]
2026-01-19 17:15:59,526 - aiogram.event - INFO - Update id=232985377 is handled. Duration 530 ms by bot id=8077618081
2026-01-19 17:16:41,335 - aiogram.event - INFO - Update id=232985378 is handled. Duration 217 ms by bot id=8077618081
2026-01-19 17:16:43,798 - aiogram.event - INFO - Update id=232985379 is handled. Duration 140 ms by bot id=8077618081
2026-01-19 17:17:09,795 - aiogram.event - INFO - Update id=232985380 is handled. Duration 203 ms by bot id=8077618081
2026-01-19 17:17:22,386 - aiogram.event - INFO - Update id=232985381 is handled. Duration 77 ms by bot id=8077618081
2026-01-19 17:17:41,657 - aiogram.event - INFO - Update id=232985382 is handled. Duration 188 ms by bot id=8077618081
2026-01-19 17:18:30,093 - aiogram.event - INFO - Update id=232985383 is handled. Duration 233 ms by bot id=8077618081
2026-01-19 17:18:34,038 - aiogram.event - INFO - Update id=232985384 is handled. Duration 500 ms by bot id=8077618081
2026-01-19 17:18:37,188 - aiogram.event - INFO - Update id=232985385 is handled. Duration 94 ms by bot id=8077618081
2026-01-19 17:19:02,949 - aiogram.dispatcher - INFO - Polling stopped
2026-01-19 17:19:03,216 - __main__ - INFO - Бот остановлен
2026-01-19 17:19:22,735 - __main__ - INFO - Используется BOT_TOKEN: 8077618081:AAHvfkJ8n... (из .env файла)
2026-01-19 17:19:22,906 - __main__ - INFO - Бот запущен!
2026-01-19 17:19:22,906 - aiogram.dispatcher - INFO - Start polling
2026-01-19 17:19:25,858 - aiogram.event - INFO - Update id=232985386 is handled. Duration 235 ms by bot id=8077618081
2026-01-19 17:19:28,309 - aiogram.event - INFO - Update id=232985387 is handled. Duration 203 ms by bot id=8077618081
2026-01-19 17:19:43,314 - aiogram.event - INFO - Update id=232985388 is handled. Duration 140 ms by bot id=8077618081
2026-01-19 17:22:01,281 - aiogram.dispatcher - INFO - Polling stopped
2026-01-19 17:22:01,549 - __main__ - INFO - Бот остановлен
2026-01-19 17:22:54,840 - __main__ - INFO - Используется BOT_TOKEN: 8077618081:AAHvfkJ8n... (из .env файла)
2026-01-19 17:22:55,013 - __main__ - INFO - Бот запущен!
2026-01-19 17:22:55,014 - aiogram.dispatcher - INFO - Start polling
2026-01-19 17:23:00,404 - aiogram.event - INFO - Update id=232985389 is handled. Duration 219 ms by bot id=8077618081
2026-01-19 17:23:03,256 - aiogram.event - INFO - Update id=232985390 is handled. Duration 264 ms by bot id=8077618081
2026-01-19 17:23:08,383 - aiogram.event - INFO - Update id=232985391 is handled. Duration 171 ms by bot id=8077618081
2026-01-19 17:23:30,084 - aiogram.event - INFO - Update id=232985392 is handled. Duration 186 ms by bot id=8077618081
2026-01-19 17:23:34,078 - aiogram.event - INFO - Update id=232985393 is not handled. Duration 15 ms by bot id=8077618081
2026-01-19 17:23:56,065 - aiogram.event - INFO - Update id=232985394 is not handled. Duration 15 ms by bot id=8077618081
2026-01-19 17:24:16,365 - aiogram.event - INFO - Update id=232985396 is handled. Duration 219 ms by bot id=8077618081
2026-01-19 17:24:20,707 - aiogram.dispatcher - INFO - Polling stopped
2026-01-19 17:24:20,974 - aiogram.event - INFO - Update id=232985395 is not handled. Duration 7046 ms by bot id=8077618081
2026-01-19 17:24:20,976 - __main__ - INFO - Бот остановлен
2026-01-19 17:24:27,302 - __main__ - INFO - Используется BOT_TOKEN: 8077618081:AAHvfkJ8n... (из .env файла)
2026-01-19 17:24:27,476 - __main__ - INFO - Бот запущен!
2026-01-19 17:24:27,477 - aiogram.dispatcher - INFO - Start polling
2026-01-19 17:24:31,697 - aiogram.event - INFO - Update id=232985397 is handled. Duration 202 ms by bot id=8077618081
2026-01-19 17:24:34,223 - aiogram.event - INFO - Update id=232985398 is handled. Duration 171 ms by bot id=8077618081
2026-01-19 17:24:40,328 - aiogram.event - INFO - Update id=232985399 is handled. Duration 250 ms by bot id=8077618081
2026-01-19 17:24:45,927 - aiogram.event - INFO - Update id=232985400 is not handled. Duration 0 ms by bot id=8077618081
2026-01-19 17:24:46,994 - aiogram.event - INFO - Update id=232985401 is not handled. Duration 0 ms by bot id=8077618081
2026-01-19 17:24:47,845 - aiogram.event - INFO - Update id=232985402 is not handled. Duration 15 ms by bot id=8077618081
2026-01-19 17:24:49,325 - aiogram.event - INFO - Update id=232985403 is not handled. Duration 0 ms by bot id=8077618081
2026-01-19 17:25:51,627 - aiogram.dispatcher - INFO - Polling stopped
2026-01-19 17:25:51,903 - __main__ - INFO - Бот остановлен
2026-01-19 17:25:58,420 - __main__ - INFO - Используется BOT_TOKEN: 8077618081:AAHvfkJ8n... (из .env файла)
2026-01-19 17:25:58,614 - __main__ - INFO - Бот запущен!
2026-01-19 17:25:58,614 - aiogram.dispatcher - INFO - Start polling
2026-01-19 17:26:01,028 - aiogram.event - INFO - Update id=232985404 is handled. Duration 219 ms by bot id=8077618081
2026-01-19 17:26:03,314 - aiogram.event - INFO - Update id=232985405 is handled. Duration 171 ms by bot id=8077618081
2026-01-19 17:26:07,122 - aiogram.event - INFO - Update id=232985406 is handled. Duration 110 ms by bot id=8077618081
2026-01-19 17:26:18,797 - aiogram.dispatcher - INFO - Polling stopped
2026-01-19 17:26:19,073 - __main__ - INFO - Бот остановлен
2026-01-19 17:28:00,918 - __main__ - INFO - Используется BOT_TOKEN: 8077618081:AAHvfkJ8n... (из .env файла)
2026-01-19 17:28:01,092 - __main__ - INFO - Бот запущен!
2026-01-19 17:28:01,093 - aiogram.dispatcher - INFO - Start polling
2026-01-19 17:28:11,585 - aiogram.dispatcher - INFO - Polling stopped
2026-01-19 17:28:11,853 - __main__ - INFO - Бот остановлен
2026-01-19 17:28:19,185 - __main__ - INFO - Используется BOT_TOKEN: 8077618081:AAHvfkJ8n... (из .env файла)
2026-01-19 17:28:19,354 - __main__ - INFO - Бот запущен!
2026-01-19 17:28:19,354 - aiogram.dispatcher - INFO - Start polling
2026-01-19 17:28:19,865 - aiogram.event - INFO - Update id=232985408 is handled. Duration 235 ms by bot id=8077618081
2026-01-19 17:28:19,870 - aiogram.event - INFO - Update id=232985409 is handled. Duration 235 ms by bot id=8077618081
2026-01-19 17:28:19,908 - aiogram.event - INFO - Update id=232985407 is handled. Duration 282 ms by bot id=8077618081
2026-01-19 17:28:22,486 - aiogram.event - INFO - Update id=232985410 is handled. Duration 266 ms by bot id=8077618081
2026-01-19 17:28:25,675 - aiogram.event - INFO - Update id=232985411 is handled. Duration 125 ms by bot id=8077618081
2026-01-19 17:28:32,567 - aiogram.event - INFO - Update id=232985412 is not handled. Duration 0 ms by bot id=8077618081
2026-01-19 17:28:34,763 - aiogram.event - INFO - Update id=232985413 is not handled. Duration 0 ms by bot id=8077618081
2026-01-19 17:29:35,169 - aiogram.dispatcher - INFO - Polling stopped
2026-01-19 17:29:35,445 - __main__ - INFO - Бот остановлен
2026-01-19 17:29:41,523 - __main__ - INFO - Используется BOT_TOKEN: 8077618081:AAHvfkJ8n... (из .env файла)
2026-01-19 17:29:41,714 - __main__ - INFO - Бот запущен!
2026-01-19 17:29:41,714 - aiogram.dispatcher - INFO - Start polling
2026-01-19 17:29:46,843 - aiogram.event - INFO - Update id=232985415 is handled. Duration 233 ms by bot id=8077618081
2026-01-19 17:29:49,063 - aiogram.event - INFO - Update id=232985416 is handled. Duration 171 ms by bot id=8077618081
2026-01-19 17:29:51,215 - aiogram.event - INFO - Update id=232985417 is handled. Duration 92 ms by bot id=8077618081
2026-01-19 17:29:53,248 - aiogram.event - INFO - Update id=232985418 is not handled. Duration 14 ms by bot id=8077618081
2026-01-19 17:29:54,703 - aiogram.event - INFO - Update id=232985419 is not handled. Duration 15 ms by bot id=8077618081
2026-01-19 17:29:59,537 - aiogram.dispatcher - INFO - Polling stopped
2026-01-19 17:29:59,797 - aiogram.event - INFO - Update id=232985414 is not handled. Duration 15015 ms by bot id=8077618081
2026-01-19 17:29:59,806 - __main__ - INFO - Бот остановлен
2026-01-19 17:30:28,773 - __main__ - INFO - Используется BOT_TOKEN: 8077618081:AAHvfkJ8n... (из .env файла)
2026-01-19 17:30:28,944 - __main__ - INFO - Бот запущен!
2026-01-19 17:30:28,944 - aiogram.dispatcher - INFO - Start polling
2026-01-19 17:30:29,477 - aiogram.event - INFO - Update id=232985420 is handled. Duration 233 ms by bot id=8077618081
2026-01-19 17:30:33,950 - aiogram.event - INFO - Update id=232985421 is not handled. Duration 344 ms by bot id=8077618081
2026-01-19 17:30:35,674 - aiogram.event - INFO - Update id=232985422 is handled. Duration 94 ms by bot id=8077618081
2026-01-19 17:30:36,745 - aiogram.event - INFO - Update id=232985423 is handled. Duration 172 ms by bot id=8077618081
2026-01-19 17:30:38,005 - aiogram.event - INFO - Update id=232985424 is not handled. Duration 0 ms by bot id=8077618081
2026-01-19 17:30:39,875 - aiogram.event - INFO - Update id=232985425 is not handled. Duration 14 ms by bot id=8077618081
2026-01-19 17:30:42,389 - aiogram.event - INFO - Update id=232985426 is handled. Duration 280 ms by bot id=8077618081
2026-01-19 17:30:44,182 - aiogram.event - INFO - Update id=232985427 is handled. Duration 234 ms by bot id=8077618081
2026-01-19 17:30:46,747 - aiogram.event - INFO - Update id=232985428 is handled. Duration 78 ms by bot id=8077618081
2026-01-19 17:30:54,906 - aiogram.event - INFO - Update id=232985429 is handled. Duration 171 ms by bot id=8077618081
2026-01-19 17:31:00,482 - aiogram.event - INFO - Update id=232985430 is handled. Duration 171 ms by bot id=8077618081
2026-01-19 17:32:12,341 - aiogram.event - INFO - Update id=232985431 is handled. Duration 578 ms by bot id=8077618081
2026-01-19 17:32:14,375 - aiogram.event - INFO - Update id=232985432 is handled. Duration 264 ms by bot id=8077618081
2026-01-19 17:34:33,929 - aiogram.dispatcher - INFO - Polling stopped
2026-01-19 17:34:34,195 - __main__ - INFO - Бот остановлен
2026-01-19 17:34:43,677 - __main__ - INFO - Используется BOT_TOKEN: 8077618081:AAHvfkJ8n... (из .env файла)
2026-01-19 17:34:43,844 - __main__ - INFO - Бот запущен!
2026-01-19 17:34:43,844 - aiogram.dispatcher - INFO - Start polling
2026-01-19 17:34:46,872 - aiogram.event - INFO - Update id=232985433 is handled. Duration 250 ms by bot id=8077618081
2026-01-19 17:34:53,517 - aiogram.event - INFO - Update id=232985434 is handled. Duration 172 ms by bot id=8077618081
2026-01-19 17:34:56,496 - aiogram.event - INFO - Update id=232985435 is not handled. Duration 0 ms by bot id=8077618081
2026-01-19 17:34:57,844 - aiogram.event - INFO - Update id=232985436 is handled. Duration 186 ms by bot id=8077618081
2026-01-19 17:35:00,240 - aiogram.event - INFO - Update id=232985437 is handled. Duration 594 ms by bot id=8077618081
2026-01-19 17:35:02,140 - aiogram.event - INFO - Update id=232985438 is not handled. Duration 16 ms by bot id=8077618081
2026-01-19 17:35:03,543 - aiogram.event - INFO - Update id=232985439 is handled. Duration 313 ms by bot id=8077618081
2026-01-19 17:35:05,363 - aiogram.event - INFO - Update id=232985440 is handled. Duration 157 ms by bot id=8077618081
2026-01-19 17:35:06,459 - aiogram.event - INFO - Update id=232985441 is handled. Duration 155 ms by bot id=8077618081
2026-01-19 17:35:07,674 - aiogram.event - INFO - Update id=232985442 is handled. Duration 109 ms by bot id=8077618081
2026-01-19 17:35:11,940 - aiogram.event - INFO - Update id=232985443 is handled. Duration 313 ms by bot id=8077618081
2026-01-19 17:35:20,808 - aiogram.event - INFO - Update id=232985444 is not handled. Duration 0 ms by bot id=8077618081
2026-01-19 17:35:23,284 - aiogram.event - INFO - Update id=232985445 is handled. Duration 109 ms by bot id=8077618081
2026-01-19 17:35:25,074 - aiogram.event - INFO - Update id=232985446 is not handled. Duration 219 ms by bot id=8077618081
2026-01-19 17:35:27,675 - aiogram.event - INFO - Update id=232985447 is handled. Duration 78 ms by bot id=8077618081
2026-01-19 17:35:38,115 - aiogram.event - INFO - Update id=232985448 is not handled. Duration 250 ms by bot id=8077618081
2026-01-19 17:35:40,539 - aiogram.event - INFO - Update id=232985449 is not handled. Duration 0 ms by bot id=8077618081
2026-01-19 17:35:46,307 - aiogram.event - INFO - Update id=232985450 is not handled. Duration 0 ms by bot id=8077618081
2026-01-19 17:35:51,866 - aiogram.event - INFO - Update id=232985451 is handled. Duration 110 ms by bot id=8077618081
2026-01-19 17:35:53,735 - aiogram.event - INFO - Update id=232985452 is not handled. Duration 16 ms by bot id=8077618081
2026-01-19 17:36:12,240 - aiogram.event - INFO - Update id=232985453 is handled. Duration 453 ms by bot id=8077618081
2026-01-19 17:36:59,671 - aiogram.event - INFO - Update id=232985454 is not handled. Duration 15 ms by bot id=8077618081
2026-01-19 17:37:06,171 - aiogram.event - INFO - Update id=232985456 is handled. Duration 203 ms by bot id=8077618081
2026-01-19 17:37:08,304 - aiogram.event - INFO - Update id=232985457 is handled. Duration 280 ms by bot id=8077618081
2026-01-19 17:37:12,441 - aiogram.event - INFO - Update id=232985458 is not handled. Duration 0 ms by bot id=8077618081
2026-01-19 17:37:14,200 - aiogram.event - INFO - Update id=232985459 is handled. Duration 109 ms by bot id=8077618081
2026-01-19 17:37:20,992 - aiogram.event - INFO - Update id=232985455 is not handled. Duration 19313 ms by bot id=8077618081
2026-01-19 17:37:20,992 - aiogram.event - ERROR - Cause exception while process update id=232985455 by bot id=8077618081
TelegramNetworkError: HTTP Client says - ClientConnectorError: Cannot connect to host api.telegram.org:443 ssl:default [Превышен таймаут семафора]
Traceback (most recent call last):
  File "C:\Users\User\PycharmProjects\eldosina\.venv\Lib\site-packages\aiohttp\connector.py", line 1075, in _wrap_create_connection
    return await self._loop.create_connection(*args, **kwargs, sock=sock)
           ^^^^^^^^^^^^^^^^^^^^^^^^^^^^^^^^^^^^^^^^^^^^^^^^^^^^^^^^^^^^^^
  File "C:\Users\User\AppData\Local\Programs\Python\Python312\Lib\asyncio\base_events.py", line 1148, in create_connection
    transport, protocol = await self._create_connection_transport(
                          ^^^^^^^^^^^^^^^^^^^^^^^^^^^^^^^^^^^^^^^^
  File "C:\Users\User\AppData\Local\Programs\Python\Python312\Lib\asyncio\base_events.py", line 1181, in _create_connection_transport
    await waiter
  File "C:\Users\User\AppData\Local\Programs\Python\Python312\Lib\asyncio\proactor_events.py", line 286, in _loop_reading
    length = fut.result()
             ^^^^^^^^^^^^
  File "C:\Users\User\AppData\Local\Programs\Python\Python312\Lib\asyncio\windows_events.py", line 803, in _poll
    value = callback(transferred, key, ov)
            ^^^^^^^^^^^^^^^^^^^^^^^^^^^^^^
  File "C:\Users\User\AppData\Local\Programs\Python\Python312\Lib\asyncio\windows_events.py", line 462, in finish_socket_func
    return ov.getresult()
           ^^^^^^^^^^^^^^
OSError: [WinError 121] Превышен таймаут семафора

The above exception was the direct cause of the following exception:

Traceback (most recent call last):
  File "C:\Users\User\PycharmProjects\eldosina\.venv\Lib\site-packages\aiogram\client\session\aiohttp.py", line 181, in make_request
    async with session.post(
               ^^^^^^^^^^^^^
  File "C:\Users\User\PycharmProjects\eldosina\.venv\Lib\site-packages\aiohttp\client.py", line 1357, in __aenter__
    self._resp: _RetType = await self._coro
                           ^^^^^^^^^^^^^^^^
  File "C:\Users\User\PycharmProjects\eldosina\.venv\Lib\site-packages\aiohttp\client.py", line 661, in _request
    conn = await self._connector.connect(
           ^^^^^^^^^^^^^^^^^^^^^^^^^^^^^^
  File "C:\Users\User\PycharmProjects\eldosina\.venv\Lib\site-packages\aiohttp\connector.py", line 556, in connect
    proto = await self._create_connection(req, traces, timeout)
            ^^^^^^^^^^^^^^^^^^^^^^^^^^^^^^^^^^^^^^^^^^^^^^^^^^^
  File "C:\Users\User\PycharmProjects\eldosina\.venv\Lib\site-packages\aiohttp\connector.py", line 1009, in _create_connection
    _, proto = await self._create_direct_connection(req, traces, timeout)
               ^^^^^^^^^^^^^^^^^^^^^^^^^^^^^^^^^^^^^^^^^^^^^^^^^^^^^^^^^^
  File "C:\Users\User\PycharmProjects\eldosina\.venv\Lib\site-packages\aiohttp\connector.py", line 1343, in _create_direct_connection
    raise last_exc
  File "C:\Users\User\PycharmProjects\eldosina\.venv\Lib\site-packages\aiohttp\connector.py", line 1312, in _create_direct_connection
    transp, proto = await self._wrap_create_connection(
                    ^^^^^^^^^^^^^^^^^^^^^^^^^^^^^^^^^^^
  File "C:\Users\User\PycharmProjects\eldosina\.venv\Lib\site-packages\aiohttp\connector.py", line 1083, in _wrap_create_connection
    raise client_error(req.connection_key, exc) from exc
aiohttp.client_exceptions.ClientConnectorError: Cannot connect to host api.telegram.org:443 ssl:default [Превышен таймаут семафора]

During handling of the above exception, another exception occurred:

Traceback (most recent call last):
  File "C:\Users\User\PycharmProjects\eldosina\.venv\Lib\site-packages\aiogram\dispatcher\dispatcher.py", line 309, in _process_update
    response = await self.feed_update(bot, update, **kwargs)
               ^^^^^^^^^^^^^^^^^^^^^^^^^^^^^^^^^^^^^^^^^^^^^
  File "C:\Users\User\PycharmProjects\eldosina\.venv\Lib\site-packages\aiogram\dispatcher\dispatcher.py", line 158, in feed_update
    response = await self.update.wrap_outer_middleware(
               ^^^^^^^^^^^^^^^^^^^^^^^^^^^^^^^^^^^^^^^^
  File "C:\Users\User\PycharmProjects\eldosina\.venv\Lib\site-packages\aiogram\dispatcher\middlewares\error.py", line 25, in __call__
    return await handler(event, data)
           ^^^^^^^^^^^^^^^^^^^^^^^^^^
  File "C:\Users\User\PycharmProjects\eldosina\.venv\Lib\site-packages\aiogram\dispatcher\middlewares\user_context.py", line 56, in __call__
    return await handler(event, data)
           ^^^^^^^^^^^^^^^^^^^^^^^^^^
  File "C:\Users\User\PycharmProjects\eldosina\.venv\Lib\site-packages\aiogram\fsm\middleware.py", line 42, in __call__
    return await handler(event, data)
           ^^^^^^^^^^^^^^^^^^^^^^^^^^
  File "C:\Users\User\PycharmProjects\eldosina\.venv\Lib\site-packages\aiogram\dispatcher\event\telegram.py", line 121, in trigger
    return await wrapped_inner(event, kwargs)
           ^^^^^^^^^^^^^^^^^^^^^^^^^^^^^^^^^^
  File "C:\Users\User\PycharmProjects\eldosina\.venv\Lib\site-packages\aiogram\dispatcher\event\handler.py", line 43, in call
    return await wrapped()
           ^^^^^^^^^^^^^^^
  File "C:\Users\User\PycharmProjects\eldosina\.venv\Lib\site-packages\aiogram\dispatcher\dispatcher.py", line 276, in _listen_update
    return await self.propagate_event(update_type=update_type, event=event, **kwargs)
           ^^^^^^^^^^^^^^^^^^^^^^^^^^^^^^^^^^^^^^^^^^^^^^^^^^^^^^^^^^^^^^^^^^^^^^^^^^
  File "C:\Users\User\PycharmProjects\eldosina\.venv\Lib\site-packages\aiogram\dispatcher\router.py", line 142, in propagate_event
    return await observer.wrap_outer_middleware(_wrapped, event=event, data=kwargs)
           ^^^^^^^^^^^^^^^^^^^^^^^^^^^^^^^^^^^^^^^^^^^^^^^^^^^^^^^^^^^^^^^^^^^^^^^^
  File "C:\Users\User\PycharmProjects\eldosina\.venv\Lib\site-packages\aiogram\dispatcher\router.py", line 137, in _wrapped
    return await self._propagate_event(
           ^^^^^^^^^^^^^^^^^^^^^^^^^^^^
  File "C:\Users\User\PycharmProjects\eldosina\.venv\Lib\site-packages\aiogram\dispatcher\router.py", line 170, in _propagate_event
    response = await router.propagate_event(update_type=update_type, event=event, **kwargs)
               ^^^^^^^^^^^^^^^^^^^^^^^^^^^^^^^^^^^^^^^^^^^^^^^^^^^^^^^^^^^^^^^^^^^^^^^^^^^^
  File "C:\Users\User\PycharmProjects\eldosina\.venv\Lib\site-packages\aiogram\dispatcher\router.py", line 142, in propagate_event
    return await observer.wrap_outer_middleware(_wrapped, event=event, data=kwargs)
           ^^^^^^^^^^^^^^^^^^^^^^^^^^^^^^^^^^^^^^^^^^^^^^^^^^^^^^^^^^^^^^^^^^^^^^^^
  File "C:\Users\User\PycharmProjects\eldosina\.venv\Lib\site-packages\aiogram\dispatcher\router.py", line 137, in _wrapped
    return await self._propagate_event(
           ^^^^^^^^^^^^^^^^^^^^^^^^^^^^
  File "C:\Users\User\PycharmProjects\eldosina\.venv\Lib\site-packages\aiogram\dispatcher\router.py", line 162, in _propagate_event
    response = await observer.trigger(event, **kwargs)
               ^^^^^^^^^^^^^^^^^^^^^^^^^^^^^^^^^^^^^^^
  File "C:\Users\User\PycharmProjects\eldosina\.venv\Lib\site-packages\aiogram\dispatcher\event\telegram.py", line 121, in trigger
    return await wrapped_inner(event, kwargs)
           ^^^^^^^^^^^^^^^^^^^^^^^^^^^^^^^^^^
  File "C:\Users\User\PycharmProjects\eldosina\.venv\Lib\site-packages\aiogram\dispatcher\event\handler.py", line 43, in call
    return await wrapped()
           ^^^^^^^^^^^^^^^
  File "C:\Users\User\PycharmProjects\eldosina\handlers\referral.py", line 68, in referral_system
    await message.answer(
  File "C:\Users\User\PycharmProjects\eldosina\.venv\Lib\site-packages\aiogram\methods\base.py", line 84, in emit
    return await bot(self)
           ^^^^^^^^^^^^^^^
  File "C:\Users\User\PycharmProjects\eldosina\.venv\Lib\site-packages\aiogram\client\bot.py", line 488, in __call__
    return await self.session(self, method, timeout=request_timeout)
           ^^^^^^^^^^^^^^^^^^^^^^^^^^^^^^^^^^^^^^^^^^^^^^^^^^^^^^^^^
  File "C:\Users\User\PycharmProjects\eldosina\.venv\Lib\site-packages\aiogram\client\session\base.py", line 254, in __call__
    return cast(TelegramType, await middleware(bot, method))
                              ^^^^^^^^^^^^^^^^^^^^^^^^^^^^^
  File "C:\Users\User\PycharmProjects\eldosina\.venv\Lib\site-packages\aiogram\client\session\aiohttp.py", line 188, in make_request
    raise TelegramNetworkError(method=method, message=f"{type(e).__name__}: {e}")
aiogram.exceptions.TelegramNetworkError: HTTP Client says - ClientConnectorError: Cannot connect to host api.telegram.org:443 ssl:default [Превышен таймаут семафора]
2026-01-19 17:43:42,148 - aiogram.dispatcher - INFO - Polling stopped
2026-01-19 17:43:42,412 - __main__ - INFO - Бот остановлен
2026-01-19 17:43:51,024 - __main__ - INFO - Используется BOT_TOKEN: 8077618081:AAHvfkJ8n... (из .env файла)
2026-01-19 17:43:51,193 - __main__ - INFO - Бот запущен!
2026-01-19 17:43:51,193 - aiogram.dispatcher - INFO - Start polling
2026-01-19 17:44:01,383 - aiogram.dispatcher - INFO - Polling stopped
2026-01-19 17:44:01,648 - __main__ - INFO - Бот остановлен
2026-01-19 17:44:07,129 - __main__ - INFO - Используется BOT_TOKEN: 8077618081:AAHvfkJ8n... (из .env файла)
2026-01-19 17:44:07,296 - __main__ - INFO - Бот запущен!
2026-01-19 17:44:07,297 - aiogram.dispatcher - INFO - Start polling
2026-01-19 17:44:17,778 - aiogram.dispatcher - INFO - Polling stopped
2026-01-19 17:44:18,032 - __main__ - INFO - Бот остановлен
2026-01-19 17:44:25,818 - __main__ - INFO - Используется BOT_TOKEN: 8077618081:AAHvfkJ8n... (из .env файла)
2026-01-19 17:44:25,992 - __main__ - INFO - Бот запущен!
2026-01-19 17:44:25,992 - aiogram.dispatcher - INFO - Start polling
2026-01-19 17:44:26,278 - aiogram.event - INFO - Update id=232985465 is not handled. Duration 0 ms by bot id=8077618081
2026-01-19 17:44:26,467 - aiogram.event - INFO - Update id=232985464 is handled. Duration 202 ms by bot id=8077618081
2026-01-19 17:44:26,493 - aiogram.event - INFO - Update id=232985460 is handled. Duration 235 ms by bot id=8077618081
2026-01-19 17:44:26,506 - aiogram.event - INFO - Update id=232985463 is handled. Duration 233 ms by bot id=8077618081
2026-01-19 17:44:26,977 - aiogram.event - INFO - Update id=232985467 is handled. Duration 483 ms by bot id=8077618081
2026-01-19 17:44:29,401 - aiogram.event - INFO - Update id=232985468 is handled. Duration 188 ms by bot id=8077618081
2026-01-19 17:44:33,499 - aiogram.event - INFO - Update id=232985469 is not handled. Duration 14 ms by bot id=8077618081
2026-01-19 17:44:35,497 - aiogram.event - INFO - Update id=232985470 is handled. Duration 172 ms by bot id=8077618081
2026-01-19 17:44:37,779 - aiogram.event - INFO - Update id=232985471 is not handled. Duration 15 ms by bot id=8077618081
2026-01-19 17:44:38,460 - aiogram.event - INFO - Update id=232985472 is not handled. Duration 0 ms by bot id=8077618081
2026-01-19 17:44:45,567 - aiogram.event - INFO - Update id=232985461 is not handled. Duration 19296 ms by bot id=8077618081
2026-01-19 17:44:45,567 - aiogram.event - ERROR - Cause exception while process update id=232985461 by bot id=8077618081
TelegramNetworkError: HTTP Client says - ClientConnectorError: Cannot connect to host api.telegram.org:443 ssl:default [Превышен таймаут семафора]
Traceback (most recent call last):
  File "C:\Users\User\PycharmProjects\eldosina\.venv\Lib\site-packages\aiohttp\connector.py", line 1075, in _wrap_create_connection
    return await self._loop.create_connection(*args, **kwargs, sock=sock)
           ^^^^^^^^^^^^^^^^^^^^^^^^^^^^^^^^^^^^^^^^^^^^^^^^^^^^^^^^^^^^^^
  File "C:\Users\User\AppData\Local\Programs\Python\Python312\Lib\asyncio\base_events.py", line 1148, in create_connection
    transport, protocol = await self._create_connection_transport(
                          ^^^^^^^^^^^^^^^^^^^^^^^^^^^^^^^^^^^^^^^^
  File "C:\Users\User\AppData\Local\Programs\Python\Python312\Lib\asyncio\base_events.py", line 1181, in _create_connection_transport
    await waiter
  File "C:\Users\User\AppData\Local\Programs\Python\Python312\Lib\asyncio\proactor_events.py", line 286, in _loop_reading
    length = fut.result()
             ^^^^^^^^^^^^
  File "C:\Users\User\AppData\Local\Programs\Python\Python312\Lib\asyncio\windows_events.py", line 803, in _poll
    value = callback(transferred, key, ov)
            ^^^^^^^^^^^^^^^^^^^^^^^^^^^^^^
  File "C:\Users\User\AppData\Local\Programs\Python\Python312\Lib\asyncio\windows_events.py", line 462, in finish_socket_func
    return ov.getresult()
           ^^^^^^^^^^^^^^
OSError: [WinError 121] Превышен таймаут семафора

The above exception was the direct cause of the following exception:

Traceback (most recent call last):
  File "C:\Users\User\PycharmProjects\eldosina\.venv\Lib\site-packages\aiogram\client\session\aiohttp.py", line 181, in make_request
    async with session.post(
               ^^^^^^^^^^^^^
  File "C:\Users\User\PycharmProjects\eldosina\.venv\Lib\site-packages\aiohttp\client.py", line 1357, in __aenter__
    self._resp: _RetType = await self._coro
                           ^^^^^^^^^^^^^^^^
  File "C:\Users\User\PycharmProjects\eldosina\.venv\Lib\site-packages\aiohttp\client.py", line 661, in _request
    conn = await self._connector.connect(
           ^^^^^^^^^^^^^^^^^^^^^^^^^^^^^^
  File "C:\Users\User\PycharmProjects\eldosina\.venv\Lib\site-packages\aiohttp\connector.py", line 556, in connect
    proto = await self._create_connection(req, traces, timeout)
            ^^^^^^^^^^^^^^^^^^^^^^^^^^^^^^^^^^^^^^^^^^^^^^^^^^^
  File "C:\Users\User\PycharmProjects\eldosina\.venv\Lib\site-packages\aiohttp\connector.py", line 1009, in _create_connection
    _, proto = await self._create_direct_connection(req, traces, timeout)
               ^^^^^^^^^^^^^^^^^^^^^^^^^^^^^^^^^^^^^^^^^^^^^^^^^^^^^^^^^^
  File "C:\Users\User\PycharmProjects\eldosina\.venv\Lib\site-packages\aiohttp\connector.py", line 1343, in _create_direct_connection
    raise last_exc
  File "C:\Users\User\PycharmProjects\eldosina\.venv\Lib\site-packages\aiohttp\connector.py", line 1312, in _create_direct_connection
    transp, proto = await self._wrap_create_connection(
                    ^^^^^^^^^^^^^^^^^^^^^^^^^^^^^^^^^^^
  File "C:\Users\User\PycharmProjects\eldosina\.venv\Lib\site-packages\aiohttp\connector.py", line 1083, in _wrap_create_connection
    raise client_error(req.connection_key, exc) from exc
aiohttp.client_exceptions.ClientConnectorError: Cannot connect to host api.telegram.org:443 ssl:default [Превышен таймаут семафора]

During handling of the above exception, another exception occurred:

Traceback (most recent call last):
  File "C:\Users\User\PycharmProjects\eldosina\.venv\Lib\site-packages\aiogram\dispatcher\dispatcher.py", line 309, in _process_update
    response = await self.feed_update(bot, update, **kwargs)
               ^^^^^^^^^^^^^^^^^^^^^^^^^^^^^^^^^^^^^^^^^^^^^
  File "C:\Users\User\PycharmProjects\eldosina\.venv\Lib\site-packages\aiogram\dispatcher\dispatcher.py", line 158, in feed_update
    response = await self.update.wrap_outer_middleware(
               ^^^^^^^^^^^^^^^^^^^^^^^^^^^^^^^^^^^^^^^^
  File "C:\Users\User\PycharmProjects\eldosina\.venv\Lib\site-packages\aiogram\dispatcher\middlewares\error.py", line 25, in __call__
    return await handler(event, data)
           ^^^^^^^^^^^^^^^^^^^^^^^^^^
  File "C:\Users\User\PycharmProjects\eldosina\.venv\Lib\site-packages\aiogram\dispatcher\middlewares\user_context.py", line 56, in __call__
    return await handler(event, data)
           ^^^^^^^^^^^^^^^^^^^^^^^^^^
  File "C:\Users\User\PycharmProjects\eldosina\.venv\Lib\site-packages\aiogram\fsm\middleware.py", line 42, in __call__
    return await handler(event, data)
           ^^^^^^^^^^^^^^^^^^^^^^^^^^
  File "C:\Users\User\PycharmProjects\eldosina\.venv\Lib\site-packages\aiogram\dispatcher\event\telegram.py", line 121, in trigger
    return await wrapped_inner(event, kwargs)
           ^^^^^^^^^^^^^^^^^^^^^^^^^^^^^^^^^^
  File "C:\Users\User\PycharmProjects\eldosina\.venv\Lib\site-packages\aiogram\dispatcher\event\handler.py", line 43, in call
    return await wrapped()
           ^^^^^^^^^^^^^^^
  File "C:\Users\User\PycharmProjects\eldosina\.venv\Lib\site-packages\aiogram\dispatcher\dispatcher.py", line 276, in _listen_update
    return await self.propagate_event(update_type=update_type, event=event, **kwargs)
           ^^^^^^^^^^^^^^^^^^^^^^^^^^^^^^^^^^^^^^^^^^^^^^^^^^^^^^^^^^^^^^^^^^^^^^^^^^
  File "C:\Users\User\PycharmProjects\eldosina\.venv\Lib\site-packages\aiogram\dispatcher\router.py", line 142, in propagate_event
    return await observer.wrap_outer_middleware(_wrapped, event=event, data=kwargs)
           ^^^^^^^^^^^^^^^^^^^^^^^^^^^^^^^^^^^^^^^^^^^^^^^^^^^^^^^^^^^^^^^^^^^^^^^^
  File "C:\Users\User\PycharmProjects\eldosina\.venv\Lib\site-packages\aiogram\dispatcher\router.py", line 137, in _wrapped
    return await self._propagate_event(
           ^^^^^^^^^^^^^^^^^^^^^^^^^^^^
  File "C:\Users\User\PycharmProjects\eldosina\.venv\Lib\site-packages\aiogram\dispatcher\router.py", line 170, in _propagate_event
    response = await router.propagate_event(update_type=update_type, event=event, **kwargs)
               ^^^^^^^^^^^^^^^^^^^^^^^^^^^^^^^^^^^^^^^^^^^^^^^^^^^^^^^^^^^^^^^^^^^^^^^^^^^^
  File "C:\Users\User\PycharmProjects\eldosina\.venv\Lib\site-packages\aiogram\dispatcher\router.py", line 142, in propagate_event
    return await observer.wrap_outer_middleware(_wrapped, event=event, data=kwargs)
           ^^^^^^^^^^^^^^^^^^^^^^^^^^^^^^^^^^^^^^^^^^^^^^^^^^^^^^^^^^^^^^^^^^^^^^^^
  File "C:\Users\User\PycharmProjects\eldosina\.venv\Lib\site-packages\aiogram\dispatcher\router.py", line 137, in _wrapped
    return await self._propagate_event(
           ^^^^^^^^^^^^^^^^^^^^^^^^^^^^
  File "C:\Users\User\PycharmProjects\eldosina\.venv\Lib\site-packages\aiogram\dispatcher\router.py", line 162, in _propagate_event
    response = await observer.trigger(event, **kwargs)
               ^^^^^^^^^^^^^^^^^^^^^^^^^^^^^^^^^^^^^^^
  File "C:\Users\User\PycharmProjects\eldosina\.venv\Lib\site-packages\aiogram\dispatcher\event\telegram.py", line 121, in trigger
    return await wrapped_inner(event, kwargs)
           ^^^^^^^^^^^^^^^^^^^^^^^^^^^^^^^^^^
  File "C:\Users\User\PycharmProjects\eldosina\.venv\Lib\site-packages\aiogram\dispatcher\event\handler.py", line 43, in call
    return await wrapped()
           ^^^^^^^^^^^^^^^
  File "C:\Users\User\PycharmProjects\eldosina\handlers\start.py", line 95, in cmd_start
    await send_welcome_menu(message)
  File "C:\Users\User\PycharmProjects\eldosina\handlers\start.py", line 70, in send_welcome_menu
    await message.answer(
  File "C:\Users\User\PycharmProjects\eldosina\.venv\Lib\site-packages\aiogram\methods\base.py", line 84, in emit
    return await bot(self)
           ^^^^^^^^^^^^^^^
  File "C:\Users\User\PycharmProjects\eldosina\.venv\Lib\site-packages\aiogram\client\bot.py", line 488, in __call__
    return await self.session(self, method, timeout=request_timeout)
           ^^^^^^^^^^^^^^^^^^^^^^^^^^^^^^^^^^^^^^^^^^^^^^^^^^^^^^^^^
  File "C:\Users\User\PycharmProjects\eldosina\.venv\Lib\site-packages\aiogram\client\session\base.py", line 254, in __call__
    return cast(TelegramType, await middleware(bot, method))
                              ^^^^^^^^^^^^^^^^^^^^^^^^^^^^^
  File "C:\Users\User\PycharmProjects\eldosina\.venv\Lib\site-packages\aiogram\client\session\aiohttp.py", line 188, in make_request
    raise TelegramNetworkError(method=method, message=f"{type(e).__name__}: {e}")
aiogram.exceptions.TelegramNetworkError: HTTP Client says - ClientConnectorError: Cannot connect to host api.telegram.org:443 ssl:default [Превышен таймаут семафора]
2026-01-19 17:44:45,582 - aiogram.event - INFO - Update id=232985462 is not handled. Duration 19311 ms by bot id=8077618081
2026-01-19 17:44:45,583 - aiogram.event - ERROR - Cause exception while process update id=232985462 by bot id=8077618081
TelegramNetworkError: HTTP Client says - ClientConnectorError: Cannot connect to host api.telegram.org:443 ssl:default [Превышен таймаут семафора]
Traceback (most recent call last):
  File "C:\Users\User\PycharmProjects\eldosina\.venv\Lib\site-packages\aiohttp\connector.py", line 1075, in _wrap_create_connection
    return await self._loop.create_connection(*args, **kwargs, sock=sock)
           ^^^^^^^^^^^^^^^^^^^^^^^^^^^^^^^^^^^^^^^^^^^^^^^^^^^^^^^^^^^^^^
  File "C:\Users\User\AppData\Local\Programs\Python\Python312\Lib\asyncio\base_events.py", line 1148, in create_connection
    transport, protocol = await self._create_connection_transport(
                          ^^^^^^^^^^^^^^^^^^^^^^^^^^^^^^^^^^^^^^^^
  File "C:\Users\User\AppData\Local\Programs\Python\Python312\Lib\asyncio\base_events.py", line 1181, in _create_connection_transport
    await waiter
  File "C:\Users\User\AppData\Local\Programs\Python\Python312\Lib\asyncio\proactor_events.py", line 286, in _loop_reading
    length = fut.result()
             ^^^^^^^^^^^^
  File "C:\Users\User\AppData\Local\Programs\Python\Python312\Lib\asyncio\windows_events.py", line 803, in _poll
    value = callback(transferred, key, ov)
            ^^^^^^^^^^^^^^^^^^^^^^^^^^^^^^
  File "C:\Users\User\AppData\Local\Programs\Python\Python312\Lib\asyncio\windows_events.py", line 462, in finish_socket_func
    return ov.getresult()
           ^^^^^^^^^^^^^^
OSError: [WinError 121] Превышен таймаут семафора

The above exception was the direct cause of the following exception:

Traceback (most recent call last):
  File "C:\Users\User\PycharmProjects\eldosina\.venv\Lib\site-packages\aiogram\client\session\aiohttp.py", line 181, in make_request
    async with session.post(
               ^^^^^^^^^^^^^
  File "C:\Users\User\PycharmProjects\eldosina\.venv\Lib\site-packages\aiohttp\client.py", line 1357, in __aenter__
    self._resp: _RetType = await self._coro
                           ^^^^^^^^^^^^^^^^
  File "C:\Users\User\PycharmProjects\eldosina\.venv\Lib\site-packages\aiohttp\client.py", line 661, in _request
    conn = await self._connector.connect(
           ^^^^^^^^^^^^^^^^^^^^^^^^^^^^^^
  File "C:\Users\User\PycharmProjects\eldosina\.venv\Lib\site-packages\aiohttp\connector.py", line 556, in connect
    proto = await self._create_connection(req, traces, timeout)
            ^^^^^^^^^^^^^^^^^^^^^^^^^^^^^^^^^^^^^^^^^^^^^^^^^^^
  File "C:\Users\User\PycharmProjects\eldosina\.venv\Lib\site-packages\aiohttp\connector.py", line 1009, in _create_connection
    _, proto = await self._create_direct_connection(req, traces, timeout)
               ^^^^^^^^^^^^^^^^^^^^^^^^^^^^^^^^^^^^^^^^^^^^^^^^^^^^^^^^^^
  File "C:\Users\User\PycharmProjects\eldosina\.venv\Lib\site-packages\aiohttp\connector.py", line 1343, in _create_direct_connection
    raise last_exc
  File "C:\Users\User\PycharmProjects\eldosina\.venv\Lib\site-packages\aiohttp\connector.py", line 1312, in _create_direct_connection
    transp, proto = await self._wrap_create_connection(
                    ^^^^^^^^^^^^^^^^^^^^^^^^^^^^^^^^^^^
  File "C:\Users\User\PycharmProjects\eldosina\.venv\Lib\site-packages\aiohttp\connector.py", line 1083, in _wrap_create_connection
    raise client_error(req.connection_key, exc) from exc
aiohttp.client_exceptions.ClientConnectorError: Cannot connect to host api.telegram.org:443 ssl:default [Превышен таймаут семафора]

During handling of the above exception, another exception occurred:

Traceback (most recent call last):
  File "C:\Users\User\PycharmProjects\eldosina\.venv\Lib\site-packages\aiogram\dispatcher\dispatcher.py", line 309, in _process_update
    response = await self.feed_update(bot, update, **kwargs)
               ^^^^^^^^^^^^^^^^^^^^^^^^^^^^^^^^^^^^^^^^^^^^^
  File "C:\Users\User\PycharmProjects\eldosina\.venv\Lib\site-packages\aiogram\dispatcher\dispatcher.py", line 158, in feed_update
    response = await self.update.wrap_outer_middleware(
               ^^^^^^^^^^^^^^^^^^^^^^^^^^^^^^^^^^^^^^^^
  File "C:\Users\User\PycharmProjects\eldosina\.venv\Lib\site-packages\aiogram\dispatcher\middlewares\error.py", line 25, in __call__
    return await handler(event, data)
           ^^^^^^^^^^^^^^^^^^^^^^^^^^
  File "C:\Users\User\PycharmProjects\eldosina\.venv\Lib\site-packages\aiogram\dispatcher\middlewares\user_context.py", line 56, in __call__
    return await handler(event, data)
           ^^^^^^^^^^^^^^^^^^^^^^^^^^
  File "C:\Users\User\PycharmProjects\eldosina\.venv\Lib\site-packages\aiogram\fsm\middleware.py", line 42, in __call__
    return await handler(event, data)
           ^^^^^^^^^^^^^^^^^^^^^^^^^^
  File "C:\Users\User\PycharmProjects\eldosina\.venv\Lib\site-packages\aiogram\dispatcher\event\telegram.py", line 121, in trigger
    return await wrapped_inner(event, kwargs)
           ^^^^^^^^^^^^^^^^^^^^^^^^^^^^^^^^^^
  File "C:\Users\User\PycharmProjects\eldosina\.venv\Lib\site-packages\aiogram\dispatcher\event\handler.py", line 43, in call
    return await wrapped()
           ^^^^^^^^^^^^^^^
  File "C:\Users\User\PycharmProjects\eldosina\.venv\Lib\site-packages\aiogram\dispatcher\dispatcher.py", line 276, in _listen_update
    return await self.propagate_event(update_type=update_type, event=event, **kwargs)
           ^^^^^^^^^^^^^^^^^^^^^^^^^^^^^^^^^^^^^^^^^^^^^^^^^^^^^^^^^^^^^^^^^^^^^^^^^^
  File "C:\Users\User\PycharmProjects\eldosina\.venv\Lib\site-packages\aiogram\dispatcher\router.py", line 142, in propagate_event
    return await observer.wrap_outer_middleware(_wrapped, event=event, data=kwargs)
           ^^^^^^^^^^^^^^^^^^^^^^^^^^^^^^^^^^^^^^^^^^^^^^^^^^^^^^^^^^^^^^^^^^^^^^^^
  File "C:\Users\User\PycharmProjects\eldosina\.venv\Lib\site-packages\aiogram\dispatcher\router.py", line 137, in _wrapped
    return await self._propagate_event(
           ^^^^^^^^^^^^^^^^^^^^^^^^^^^^
  File "C:\Users\User\PycharmProjects\eldosina\.venv\Lib\site-packages\aiogram\dispatcher\router.py", line 170, in _propagate_event
    response = await router.propagate_event(update_type=update_type, event=event, **kwargs)
               ^^^^^^^^^^^^^^^^^^^^^^^^^^^^^^^^^^^^^^^^^^^^^^^^^^^^^^^^^^^^^^^^^^^^^^^^^^^^
  File "C:\Users\User\PycharmProjects\eldosina\.venv\Lib\site-packages\aiogram\dispatcher\router.py", line 142, in propagate_event
    return await observer.wrap_outer_middleware(_wrapped, event=event, data=kwargs)
           ^^^^^^^^^^^^^^^^^^^^^^^^^^^^^^^^^^^^^^^^^^^^^^^^^^^^^^^^^^^^^^^^^^^^^^^^
  File "C:\Users\User\PycharmProjects\eldosina\.venv\Lib\site-packages\aiogram\dispatcher\router.py", line 137, in _wrapped
    return await self._propagate_event(
           ^^^^^^^^^^^^^^^^^^^^^^^^^^^^
  File "C:\Users\User\PycharmProjects\eldosina\.venv\Lib\site-packages\aiogram\dispatcher\router.py", line 162, in _propagate_event
    response = await observer.trigger(event, **kwargs)
               ^^^^^^^^^^^^^^^^^^^^^^^^^^^^^^^^^^^^^^^
  File "C:\Users\User\PycharmProjects\eldosina\.venv\Lib\site-packages\aiogram\dispatcher\event\telegram.py", line 121, in trigger
    return await wrapped_inner(event, kwargs)
           ^^^^^^^^^^^^^^^^^^^^^^^^^^^^^^^^^^
  File "C:\Users\User\PycharmProjects\eldosina\.venv\Lib\site-packages\aiogram\dispatcher\event\handler.py", line 43, in call
    return await wrapped()
           ^^^^^^^^^^^^^^^
  File "C:\Users\User\PycharmProjects\eldosina\handlers\start.py", line 174, in successful_deals
    await message.answer(
  File "C:\Users\User\PycharmProjects\eldosina\.venv\Lib\site-packages\aiogram\methods\base.py", line 84, in emit
    return await bot(self)
           ^^^^^^^^^^^^^^^
  File "C:\Users\User\PycharmProjects\eldosina\.venv\Lib\site-packages\aiogram\client\bot.py", line 488, in __call__
    return await self.session(self, method, timeout=request_timeout)
           ^^^^^^^^^^^^^^^^^^^^^^^^^^^^^^^^^^^^^^^^^^^^^^^^^^^^^^^^^
  File "C:\Users\User\PycharmProjects\eldosina\.venv\Lib\site-packages\aiogram\client\session\base.py", line 254, in __call__
    return cast(TelegramType, await middleware(bot, method))
                              ^^^^^^^^^^^^^^^^^^^^^^^^^^^^^
  File "C:\Users\User\PycharmProjects\eldosina\.venv\Lib\site-packages\aiogram\client\session\aiohttp.py", line 188, in make_request
    raise TelegramNetworkError(method=method, message=f"{type(e).__name__}: {e}")
aiogram.exceptions.TelegramNetworkError: HTTP Client says - ClientConnectorError: Cannot connect to host api.telegram.org:443 ssl:default [Превышен таймаут семафора]
2026-01-19 17:44:45,585 - aiogram.event - INFO - Update id=232985466 is not handled. Duration 19311 ms by bot id=8077618081
2026-01-19 17:44:45,585 - aiogram.event - ERROR - Cause exception while process update id=232985466 by bot id=8077618081
TelegramNetworkError: HTTP Client says - ClientConnectorError: Cannot connect to host api.telegram.org:443 ssl:default [Превышен таймаут семафора]
Traceback (most recent call last):
  File "C:\Users\User\PycharmProjects\eldosina\.venv\Lib\site-packages\aiohttp\connector.py", line 1075, in _wrap_create_connection
    return await self._loop.create_connection(*args, **kwargs, sock=sock)
           ^^^^^^^^^^^^^^^^^^^^^^^^^^^^^^^^^^^^^^^^^^^^^^^^^^^^^^^^^^^^^^
  File "C:\Users\User\AppData\Local\Programs\Python\Python312\Lib\asyncio\base_events.py", line 1148, in create_connection
    transport, protocol = await self._create_connection_transport(
                          ^^^^^^^^^^^^^^^^^^^^^^^^^^^^^^^^^^^^^^^^
  File "C:\Users\User\AppData\Local\Programs\Python\Python312\Lib\asyncio\base_events.py", line 1181, in _create_connection_transport
    await waiter
  File "C:\Users\User\AppData\Local\Programs\Python\Python312\Lib\asyncio\proactor_events.py", line 286, in _loop_reading
    length = fut.result()
             ^^^^^^^^^^^^
  File "C:\Users\User\AppData\Local\Programs\Python\Python312\Lib\asyncio\windows_events.py", line 803, in _poll
    value = callback(transferred, key, ov)
            ^^^^^^^^^^^^^^^^^^^^^^^^^^^^^^
  File "C:\Users\User\AppData\Local\Programs\Python\Python312\Lib\asyncio\windows_events.py", line 462, in finish_socket_func
    return ov.getresult()
           ^^^^^^^^^^^^^^
OSError: [WinError 121] Превышен таймаут семафора

The above exception was the direct cause of the following exception:

Traceback (most recent call last):
  File "C:\Users\User\PycharmProjects\eldosina\.venv\Lib\site-packages\aiogram\client\session\aiohttp.py", line 181, in make_request
    async with session.post(
               ^^^^^^^^^^^^^
  File "C:\Users\User\PycharmProjects\eldosina\.venv\Lib\site-packages\aiohttp\client.py", line 1357, in __aenter__
    self._resp: _RetType = await self._coro
                           ^^^^^^^^^^^^^^^^
  File "C:\Users\User\PycharmProjects\eldosina\.venv\Lib\site-packages\aiohttp\client.py", line 661, in _request
    conn = await self._connector.connect(
           ^^^^^^^^^^^^^^^^^^^^^^^^^^^^^^
  File "C:\Users\User\PycharmProjects\eldosina\.venv\Lib\site-packages\aiohttp\connector.py", line 556, in connect
    proto = await self._create_connection(req, traces, timeout)
            ^^^^^^^^^^^^^^^^^^^^^^^^^^^^^^^^^^^^^^^^^^^^^^^^^^^
  File "C:\Users\User\PycharmProjects\eldosina\.venv\Lib\site-packages\aiohttp\connector.py", line 1009, in _create_connection
    _, proto = await self._create_direct_connection(req, traces, timeout)
               ^^^^^^^^^^^^^^^^^^^^^^^^^^^^^^^^^^^^^^^^^^^^^^^^^^^^^^^^^^
  File "C:\Users\User\PycharmProjects\eldosina\.venv\Lib\site-packages\aiohttp\connector.py", line 1343, in _create_direct_connection
    raise last_exc
  File "C:\Users\User\PycharmProjects\eldosina\.venv\Lib\site-packages\aiohttp\connector.py", line 1312, in _create_direct_connection
    transp, proto = await self._wrap_create_connection(
                    ^^^^^^^^^^^^^^^^^^^^^^^^^^^^^^^^^^^
  File "C:\Users\User\PycharmProjects\eldosina\.venv\Lib\site-packages\aiohttp\connector.py", line 1083, in _wrap_create_connection
    raise client_error(req.connection_key, exc) from exc
aiohttp.client_exceptions.ClientConnectorError: Cannot connect to host api.telegram.org:443 ssl:default [Превышен таймаут семафора]

During handling of the above exception, another exception occurred:

Traceback (most recent call last):
  File "C:\Users\User\PycharmProjects\eldosina\.venv\Lib\site-packages\aiogram\dispatcher\dispatcher.py", line 309, in _process_update
    response = await self.feed_update(bot, update, **kwargs)
               ^^^^^^^^^^^^^^^^^^^^^^^^^^^^^^^^^^^^^^^^^^^^^
  File "C:\Users\User\PycharmProjects\eldosina\.venv\Lib\site-packages\aiogram\dispatcher\dispatcher.py", line 158, in feed_update
    response = await self.update.wrap_outer_middleware(
               ^^^^^^^^^^^^^^^^^^^^^^^^^^^^^^^^^^^^^^^^
  File "C:\Users\User\PycharmProjects\eldosina\.venv\Lib\site-packages\aiogram\dispatcher\middlewares\error.py", line 25, in __call__
    return await handler(event, data)
           ^^^^^^^^^^^^^^^^^^^^^^^^^^
  File "C:\Users\User\PycharmProjects\eldosina\.venv\Lib\site-packages\aiogram\dispatcher\middlewares\user_context.py", line 56, in __call__
    return await handler(event, data)
           ^^^^^^^^^^^^^^^^^^^^^^^^^^
  File "C:\Users\User\PycharmProjects\eldosina\.venv\Lib\site-packages\aiogram\fsm\middleware.py", line 42, in __call__
    return await handler(event, data)
           ^^^^^^^^^^^^^^^^^^^^^^^^^^
  File "C:\Users\User\PycharmProjects\eldosina\.venv\Lib\site-packages\aiogram\dispatcher\event\telegram.py", line 121, in trigger
    return await wrapped_inner(event, kwargs)
           ^^^^^^^^^^^^^^^^^^^^^^^^^^^^^^^^^^
  File "C:\Users\User\PycharmProjects\eldosina\.venv\Lib\site-packages\aiogram\dispatcher\event\handler.py", line 43, in call
    return await wrapped()
           ^^^^^^^^^^^^^^^
  File "C:\Users\User\PycharmProjects\eldosina\.venv\Lib\site-packages\aiogram\dispatcher\dispatcher.py", line 276, in _listen_update
    return await self.propagate_event(update_type=update_type, event=event, **kwargs)
           ^^^^^^^^^^^^^^^^^^^^^^^^^^^^^^^^^^^^^^^^^^^^^^^^^^^^^^^^^^^^^^^^^^^^^^^^^^
  File "C:\Users\User\PycharmProjects\eldosina\.venv\Lib\site-packages\aiogram\dispatcher\router.py", line 142, in propagate_event
    return await observer.wrap_outer_middleware(_wrapped, event=event, data=kwargs)
           ^^^^^^^^^^^^^^^^^^^^^^^^^^^^^^^^^^^^^^^^^^^^^^^^^^^^^^^^^^^^^^^^^^^^^^^^
  File "C:\Users\User\PycharmProjects\eldosina\.venv\Lib\site-packages\aiogram\dispatcher\router.py", line 137, in _wrapped
    return await self._propagate_event(
           ^^^^^^^^^^^^^^^^^^^^^^^^^^^^
  File "C:\Users\User\PycharmProjects\eldosina\.venv\Lib\site-packages\aiogram\dispatcher\router.py", line 170, in _propagate_event
    response = await router.propagate_event(update_type=update_type, event=event, **kwargs)
               ^^^^^^^^^^^^^^^^^^^^^^^^^^^^^^^^^^^^^^^^^^^^^^^^^^^^^^^^^^^^^^^^^^^^^^^^^^^^
  File "C:\Users\User\PycharmProjects\eldosina\.venv\Lib\site-packages\aiogram\dispatcher\router.py", line 142, in propagate_event
    return await observer.wrap_outer_middleware(_wrapped, event=event, data=kwargs)
           ^^^^^^^^^^^^^^^^^^^^^^^^^^^^^^^^^^^^^^^^^^^^^^^^^^^^^^^^^^^^^^^^^^^^^^^^
  File "C:\Users\User\PycharmProjects\eldosina\.venv\Lib\site-packages\aiogram\dispatcher\router.py", line 137, in _wrapped
    return await self._propagate_event(
           ^^^^^^^^^^^^^^^^^^^^^^^^^^^^
  File "C:\Users\User\PycharmProjects\eldosina\.venv\Lib\site-packages\aiogram\dispatcher\router.py", line 162, in _propagate_event
    response = await observer.trigger(event, **kwargs)
               ^^^^^^^^^^^^^^^^^^^^^^^^^^^^^^^^^^^^^^^
  File "C:\Users\User\PycharmProjects\eldosina\.venv\Lib\site-packages\aiogram\dispatcher\event\telegram.py", line 121, in trigger
    return await wrapped_inner(event, kwargs)
           ^^^^^^^^^^^^^^^^^^^^^^^^^^^^^^^^^^
  File "C:\Users\User\PycharmProjects\eldosina\.venv\Lib\site-packages\aiogram\dispatcher\event\handler.py", line 43, in call
    return await wrapped()
           ^^^^^^^^^^^^^^^
  File "C:\Users\User\PycharmProjects\eldosina\handlers\buy.py", line 47, in buy_accounts
    await message.answer(
  File "C:\Users\User\PycharmProjects\eldosina\.venv\Lib\site-packages\aiogram\methods\base.py", line 84, in emit
    return await bot(self)
           ^^^^^^^^^^^^^^^
  File "C:\Users\User\PycharmProjects\eldosina\.venv\Lib\site-packages\aiogram\client\bot.py", line 488, in __call__
    return await self.session(self, method, timeout=request_timeout)
           ^^^^^^^^^^^^^^^^^^^^^^^^^^^^^^^^^^^^^^^^^^^^^^^^^^^^^^^^^
  File "C:\Users\User\PycharmProjects\eldosina\.venv\Lib\site-packages\aiogram\client\session\base.py", line 254, in __call__
    return cast(TelegramType, await middleware(bot, method))
                              ^^^^^^^^^^^^^^^^^^^^^^^^^^^^^
  File "C:\Users\User\PycharmProjects\eldosina\.venv\Lib\site-packages\aiogram\client\session\aiohttp.py", line 188, in make_request
    raise TelegramNetworkError(method=method, message=f"{type(e).__name__}: {e}")
aiogram.exceptions.TelegramNetworkError: HTTP Client says - ClientConnectorError: Cannot connect to host api.telegram.org:443 ssl:default [Превышен таймаут семафора]
